1791335312.0618284
  sl  local_address rem_address   st tx_queue rx_queue tr tm->when retrnsmt   uid  timeout inode                                                     
   0: 3500007F:0035 00000000:0000 0A 00000000:00000000 00:00000000 00000000   102        0 12728 1 0000000000000000 100 0 0 10 5                     
   1: 00000000:006F 00000000:0000 0A 00000000:00000000 00:00000000 00000000     0        0 11541 1 0000000000000000 100 0 0 10 0                     
   2: 1500FEA9:CD48 3F15AD03:01BB 01 00000000:00000000 00:00000000 00000000  1001        0 592406 1 0000000000000000 20 4 30 16 -1                   
   3: 1500FEA9:A284 DBA942AC:01BB 01 00000000:00000000 00:00000000 00000000  1001        0 641121 1 0000000000000000 20 4 30 10 -1                   
   4: 1500FEA9:963A DBA942AC:01BB 06 00000000:00000000 03:00000B76 00000000     0        0 0 3 0000000000000000                                      
1791335313.0625267
  sl  local_address rem_address   st tx_queue rx_queue tr tm->when retrnsmt   uid  timeout inode                                                     
   0: 3500007F:0035 00000000:0000 0A 00000000:00000000 00:00000000 00000000   102        0 12728 1 0000000000000000 100 0 0 10 5                     
   1: 00000000:006F 00000000:0000 0A 00000000:00000000 00:00000000 00000000     0        0 11541 1 0000000000000000 100 0 0 10 0                     
   2: 1500FEA9:CD48 3F15AD03:01BB 01 00000000:00000000 00:00000000 00000000  1001        0 592406 1 0000000000000000 20 4 30 16 -1                   
   3: 1500FEA9:A284 DBA942AC:01BB 01 00000000:00000000 00:00000000 00000000  1001        0 641121 1 0000000000000000 20 4 30 10 -1                   
   4: 1500FEA9:963A DBA942AC:01BB 06 00000000:00000000 03:00000B14 00000000     0        0 0 3 0000000000000000                                      
1791335314.0632038
  sl  local_address rem_address   st tx_queue rx_queue tr tm->when retrnsmt   uid  timeout inode                                                     
   0: 3500007F:0035 00000000:0000 0A 00000000:00000000 00:00000000 00000000   102        0 12728 1 0000000000000000 100 0 0 10 5                     
   1: 00000000:006F 00000000:0000 0A 00000000:00000000 00:00000000 00000000     0        0 11541 1 0000000000000000 100 0 0 10 0                     
   2: 1500FEA9:CD48 3F15AD03:01BB 01 00000000:00000000 00:00000000 00000000  1001        0 592406 1 0000000000000000 20 4 30 16 -1                   
   3: 1500FEA9:A284 DBA942AC:01BB 01 00000000:00000000 00:00000000 00000000  1001        0 641121 1 0000000000000000 20 4 30 10 -1                   
   4: 1500FEA9:963A DBA942AC:01BB 06 00000000:00000000 03:00000AB0 00000000     0        0 0 3 0000000000000000                                      
1791335315.0647423
  sl  local_address rem_address   st tx_queue rx_queue tr tm->when retrnsmt   uid  timeout inode                                                     
   0: 3500007F:0035 00000000:0000 0A 00000000:00000000 00:00000000 00000000   102        0 12728 1 0000000000000000 100 0 0 10 5                     
   1: 00000000:006F 00000000:0000 0A 00000000:00000000 00:00000000 00000000     0        0 11541 1 0000000000000000 100 0 0 10 0                     
   2: 1500FEA9:CD48 3F15AD03:01BB 01 00000000:00000000 00:00000000 00000000  1001        0 592406 1 0000000000000000 20 4 30 16 -1                   
   3: 1500FEA9:A284 DBA942AC:01BB 01 00000000:00000000 00:00000000 00000000  1001        0 641121 1 0000000000000000 20 4 30 10 -1                   
   4: 1500FEA9:963A DBA942AC:01BB 06 00000000:00000000 03:00000A4C 00000000     0        0 0 3 0000000000000000                                      
1791335316.0664012
  sl  local_address rem_address   st tx_queue rx_queue tr tm->when retrnsmt   uid  timeout inode                                                     
   0: 3500007F:0035 00000000:0000 0A 00000000:00000000 00:00000000 00000000   102        0 12728 1 0000000000000000 100 0 0 10 5                     
   1: 00000000:006F 00000000:0000 0A 00000000:00000000 00:00000000 00000000     0        0 11541 1 0000000000000000 100 0 0 10 0                     
   2: 1500FEA9:CD48 3F15AD03:01BB 01 00000000:00000000 00:00000000 00000000  1001        0 592406 1 0000000000000000 20 4 30 16 -1                   
   3: 1500FEA9:A284 DBA942AC:01BB 01 00000000:00000000 00:00000000 00000000  1001        0 641121 1 0000000000000000 20 4 30 10 -1                   
   4: 1500FEA9:963A DBA942AC:01BB 06 00000000:00000000 03:000009E7 00000000     0        0 0 3 0000000000000000                                      
1791335317.0670962
  sl  local_address rem_address   st tx_queue rx_queue tr tm->when retrnsmt   uid  timeout inode                                                     
   0: 3500007F:0035 00000000:0000 0A 00000000:00000000 00:00000000 00000000   102        0 12728 1 0000000000000000 100 0 0 10 5                     
   1: 00000000:006F 00000000:0000 0A 00000000:00000000 00:00000000 00000000     0        0 11541 1 0000000000000000 100 0 0 10 0                     
   2: 1500FEA9:CD48 3F15AD03:01BB 01 00000000:00000000 00:00000000 00000000  1001        0 592406 1 0000000000000000 20 4 30 16 -1                   
   3: 1500FEA9:A284 DBA942AC:01BB 01 00000000:00000000 00:00000000 00000000  1001        0 641121 1 0000000000000000 20 4 30 10 -1                   
   4: 1500FEA9:963A DBA942AC:01BB 06 00000000:00000000 03:00000983 00000000     0        0 0 3 0000000000000000                                      
1791335318.0672767
  sl  local_address rem_address   st tx_queue rx_queue tr tm->when retrnsmt   uid  timeout inode                                                     
   0: 3500007F:0035 00000000:0000 0A 00000000:00000000 00:00000000 00000000   102        0 12728 1 0000000000000000 100 0 0 10 5                     
   1: 00000000:006F 00000000:0000 0A 00000000:00000000 00:00000000 00000000     0        0 11541 1 0000000000000000 100 0 0 10 0                     
   2: 1500FEA9:CD48 3F15AD03:01BB 01 00000000:00000000 00:00000000 00000000  1001        0 592406 1 0000000000000000 20 4 30 16 -1                   
   3: 1500FEA9:A284 DBA942AC:01BB 01 00000000:00000000 00:00000000 00000000  1001        0 641121 1 0000000000000000 20 4 30 10 -1                   
   4: 1500FEA9:963A DBA942AC:01BB 06 00000000:00000000 03:0000091F 00000000     0        0 0 3 0000000000000000                                      
1791335319.0686412
  sl  local_address rem_address   st tx_queue rx_queue tr tm->when retrnsmt   uid  timeout inode                                                     
   0: 3500007F:0035 00000000:0000 0A 00000000:00000000 00:00000000 00000000   102        0 12728 1 0000000000000000 100 0 0 10 5                     
   1: 00000000:006F 00000000:0000 0A 00000000:00000000 00:00000000 00000000     0        0 11541 1 0000000000000000 100 0 0 10 0                     
   2: 1500FEA9:CD48 3F15AD03:01BB 01 00000000:00000000 00:00000000 00000000  1001        0 592406 1 0000000000000000 20 4 30 16 -1                   
   3: 1500FEA9:A284 DBA942AC:01BB 01 00000000:00000000 00:00000000 00000000  1001        0 641121 1 0000000000000000 20 4 30 10 -1                   
   4: 1500FEA9:963A DBA942AC:01BB 06 00000000:00000000 03:000008BA 00000000     0        0 0 3 0000000000000000                                      
1791335320.069742
  sl  local_address rem_address   st tx_queue rx_queue tr tm->when retrnsmt   uid  timeout inode                                                     
   0: 3500007F:0035 00000000:0000 0A 00000000:00000000 00:00000000 00000000   102        0 12728 1 0000000000000000 100 0 0 10 5                     
   1: 00000000:006F 00000000:0000 0A 00000000:00000000 00:00000000 00000000     0        0 11541 1 0000000000000000 100 0 0 10 0                     
   2: 1500FEA9:CD48 3F15AD03:01BB 01 00000000:00000000 00:00000000 00000000  1001        0 592406 1 0000000000000000 20 4 30 16 -1                   
   3: 1500FEA9:A284 DBA942AC:01BB 01 00000000:00000000 00:00000000 00000000  1001        0 641121 1 0000000000000000 20 4 30 10 -1                   
   4: 1500FEA9:963A DBA942AC:01BB 06 00000000:00000000 03:00000857 00000000     0        0 0 3 0000000000000000                                      
1791335321.070927
  sl  local_address rem_address   st tx_queue rx_queue tr tm->when retrnsmt   uid  timeout inode                                                     
   0: 3500007F:0035 00000000:0000 0A 00000000:00000000 00:00000000 00000000   102        0 12728 1 0000000000000000 100 0 0 10 5                     
   1: 00000000:006F 00000000:0000 0A 00000000:00000000 00:00000000 00000000     0        0 11541 1 0000000000000000 100 0 0 10 0                     
   2: 1500FEA9:CD48 3F15AD03:01BB 01 00000000:00000000 00:00000000 00000000  1001        0 592406 1 0000000000000000 20 4 30 16 -1                   
   3: 1500FEA9:A284 DBA942AC:01BB 01 00000000:00000000 00:00000000 00000000  1001        0 641121 1 0000000000000000 20 4 30 10 -1                   
   4: 1500FEA9:963A DBA942AC:01BB 06 00000000:00000000 03:000007F3 00000000     0        0 0 3 0000000000000000                                      
1791335322.0713134
  sl  local_address rem_address   st tx_queue rx_queue tr tm->when retrnsmt   uid  timeout inode                                                     
   0: 3500007F:0035 00000000:0000 0A 00000000:00000000 00:00000000 00000000   102        0 12728 1 0000000000000000 100 0 0 10 5                     
   1: 00000000:006F 00000000:0000 0A 00000000:00000000 00:00000000 00000000     0        0 11541 1 0000000000000000 100 0 0 10 0                     
   2: 1500FEA9:CD48 3F15AD03:01BB 01 00000000:00000000 00:00000000 00000000  1001        0 592406 1 0000000000000000 20 4 30 16 -1                   
   3: 1500FEA9:A284 DBA942AC:01BB 01 00000000:00000000 00:00000000 00000000  1001        0 641121 1 0000000000000000 20 4 30 10 -1                   
   4: 1500FEA9:963A DBA942AC:01BB 06 00000000:00000000 03:0000078E 00000000     0        0 0 3 0000000000000000                                      
1791335323.0726912
  sl  local_address rem_address   st tx_queue rx_queue tr tm->when retrnsmt   uid  timeout inode                                                     
   0: 3500007F:0035 00000000:0000 0A 00000000:00000000 00:00000000 00000000   102        0 12728 1 0000000000000000 100 0 0 10 5                     
   1: 00000000:006F 00000000:0000 0A 00000000:00000000 00:00000000 00000000     0        0 11541 1 0000000000000000 100 0 0 10 0                     
   2: 1500FEA9:CD48 3F15AD03:01BB 01 00000000:00000000 00:00000000 00000000  1001        0 592406 1 0000000000000000 20 4 30 16 -1                   
   3: 1500FEA9:A284 DBA942AC:01BB 01 00000000:00000000 00:00000000 00000000  1001        0 641121 1 0000000000000000 20 4 30 10 -1                   
   4: 1500FEA9:963A DBA942AC:01BB 06 00000000:00000000 03:0000072B 00000000     0        0 0 3 0000000000000000                                      
1791335324.0738034
  sl  local_address rem_address   st tx_queue rx_queue tr tm->when retrnsmt   uid  timeout inode                                                     
   0: 1500FEA9:B66B 00000000:0000 0A 00000000:00000000 00:00000000 00000000     0        0 647145 1 0000000000000000 100 0 0 10 0                    
   1: 3500007F:0035 00000000:0000 0A 00000000:00000000 00:00000000 00000000   102        0 12728 1 0000000000000000 100 0 0 10 5                     
   2: 0100007F:B66B 00000000:0000 0A 00000000:00000000 00:00000000 00000000  1001        0 647714 1 0000000000000000 100 0 0 10 0                    
   3: 00000000:006F 00000000:0000 0A 00000000:00000000 00:00000000 00000000     0        0 11541 1 0000000000000000 100 0 0 10 0                     
   4: 1500FEA9:CD48 3F15AD03:01BB 01 00000000:00000000 00:00000000 00000000  1001        0 592406 1 0000000000000000 20 4 30 16 -1                   
   5: 0100007F:B66B 0100007F:8502 01 00000000:000002A3 00:00000000 00000000  1001        0 647141 1 0000000000000000 20 4 28 10 -1                   
   6: 0100007F:8502 0100007F:B66B 01 00000000:00000000 00:00000000 00000000  1001        0 647715 1 0000000000000000 20 0 0 10 -1                    
   7: 1500FEA9:A284 DBA942AC:01BB 01 00000000:00000000 00:00000000 00000000  1001        0 641121 1 0000000000000000 20 4 30 10 -1                   
   8: 1500FEA9:963A DBA942AC:01BB 06 00000000:00000000 03:000006C6 00000000     0        0 0 3 0000000000000000                                      
1791335325.07453
  sl  local_address rem_address   st tx_queue rx_queue tr tm->when retrnsmt   uid  timeout inode                                                     
   0: 3500007F:0035 00000000:0000 0A 00000000:00000000 00:00000000 00000000   102        0 12728 1 0000000000000000 100 0 0 10 5                     
   1: 00000000:006F 00000000:0000 0A 00000000:00000000 00:00000000 00000000     0        0 11541 1 0000000000000000 100 0 0 10 0                     
   2: 1500FEA9:CD48 3F15AD03:01BB 01 00000000:00000000 00:00000000 00000000  1001        0 592406 1 0000000000000000 20 4 30 16 -1                   
   3: 1500FEA9:A284 DBA942AC:01BB 01 00000000:00000000 00:00000000 00000000  1001        0 641121 1 0000000000000000 20 4 30 10 -1                   
   4: 1500FEA9:963A DBA942AC:01BB 06 00000000:00000000 03:00000662 00000000     0        0 0 3 0000000000000000                                      
1791335326.075662
  sl  local_address rem_address   st tx_queue rx_queue tr tm->when retrnsmt   uid  timeout inode                                                     
   0: 3500007F:0035 00000000:0000 0A 00000000:00000000 00:00000000 00000000   102        0 12728 1 0000000000000000 100 0 0 10 5                     
   1: 00000000:006F 00000000:0000 0A 00000000:00000000 00:00000000 00000000     0        0 11541 1 0000000000000000 100 0 0 10 0                     
   2: 1500FEA9:CD48 3F15AD03:01BB 01 00000000:00000000 00:00000000 00000000  1001        0 592406 1 0000000000000000 20 4 30 16 -1                   
   3: 1500FEA9:A284 DBA942AC:01BB 01 00000000:00000000 00:00000000 00000000  1001        0 641121 1 0000000000000000 20 4 30 10 -1                   
   4: 1500FEA9:963A DBA942AC:01BB 06 00000000:00000000 03:000005FE 00000000     0        0 0 3 0000000000000000                                      
1791335327.077079
  sl  local_address rem_address   st tx_queue rx_queue tr tm->when retrnsmt   uid  timeout inode                                                     
   0: 3500007F:0035 00000000:0000 0A 00000000:00000000 00:00000000 00000000   102        0 12728 1 0000000000000000 100 0 0 10 5                     
   1: 00000000:006F 00000000:0000 0A 00000000:00000000 00:00000000 00000000     0        0 11541 1 0000000000000000 100 0 0 10 0                     
   2: 1500FEA9:CD48 3F15AD03:01BB 01 00000000:00000000 00:00000000 00000000  1001        0 592406 1 0000000000000000 20 4 30 16 -1                   
   3: 0100007F:84EB 0100007F:E66E 06 00000000:00000000 03:00001719 00000000     0        0 0 3 0000000000000000                                      
   4: 0100007F:A62F 0100007F:D9C4 06 00000000:00000000 03:00001719 00000000     0        0 0 3 0000000000000000                                      
   5: 0100007F:84EB 0100007F:E676 06 00000000:00000000 03:00001719 00000000     0        0 0 3 0000000000000000                                      
   6: 1500FEA9:A284 DBA942AC:01BB 01 00000000:00000000 00:00000000 00000000  1001        0 641121 1 0000000000000000 20 4 30 10 -1                   
   7: 1500FEA9:963A DBA942AC:01BB 06 00000000:00000000 03:0000059A 00000000     0        0 0 3 0000000000000000                                      
1791335328.0788808
  sl  local_address rem_address   st tx_queue rx_queue tr tm->when retrnsmt   uid  timeout inode                                                     
   0: 3500007F:0035 00000000:0000 0A 00000000:00000000 00:00000000 00000000   102        0 12728 1 0000000000000000 100 0 0 10 5                     
   1: 00000000:006F 00000000:0000 0A 00000000:00000000 00:00000000 00000000     0        0 11541 1 0000000000000000 100 0 0 10 0                     
   2: 1500FEA9:CD48 3F15AD03:01BB 01 00000000:00000000 00:00000000 00000000  1001        0 592406 1 0000000000000000 20 4 30 16 -1                   
   3: 0100007F:84EB 0100007F:E66E 06 00000000:00000000 03:000016B5 00000000     0        0 0 3 0000000000000000                                      
   4: 0100007F:A62F 0100007F:D9C4 06 00000000:00000000 03:000016B5 00000000     0        0 0 3 0000000000000000                                      
   5: 0100007F:84EB 0100007F:E676 06 00000000:00000000 03:000016B5 00000000     0        0 0 3 0000000000000000                                      
   6: 1500FEA9:A284 DBA942AC:01BB 01 00000000:00000000 00:00000000 00000000  1001        0 641121 1 0000000000000000 20 4 30 10 -1                   
   7: 1500FEA9:963A DBA942AC:01BB 06 00000000:00000000 03:00000536 00000000     0        0 0 3 0000000000000000                                      
1791335329.0800118
  sl  local_address rem_address   st tx_queue rx_queue tr tm->when retrnsmt   uid  timeout inode                                                     
   0: 3500007F:0035 00000000:0000 0A 00000000:00000000 00:00000000 00000000   102        0 12728 1 0000000000000000 100 0 0 10 5                     
   1: 00000000:006F 00000000:0000 0A 00000000:00000000 00:00000000 00000000     0        0 11541 1 0000000000000000 100 0 0 10 0                     
   2: 1500FEA9:CD48 3F15AD03:01BB 01 00000000:00000000 00:00000000 00000000  1001        0 592406 1 0000000000000000 20 4 30 16 -1                   
   3: 0100007F:84EB 0100007F:E66E 06 00000000:00000000 03:00001651 00000000     0        0 0 3 0000000000000000                                      
   4: 0100007F:A62F 0100007F:D9C4 06 00000000:00000000 03:00001651 00000000     0        0 0 3 0000000000000000                                      
   5: 0100007F:84EB 0100007F:E676 06 00000000:00000000 03:00001651 00000000     0        0 0 3 0000000000000000                                      
   6: 1500FEA9:A284 DBA942AC:01BB 01 00000000:00000000 00:00000000 00000000  1001        0 641121 1 0000000000000000 20 4 30 10 -1                   
   7: 1500FEA9:963A DBA942AC:01BB 06 00000000:00000000 03:000004D2 00000000     0        0 0 3 0000000000000000                                      
1791335330.0812228
  sl  local_address rem_address   st tx_queue rx_queue tr tm->when retrnsmt   uid  timeout inode                                                     
   0: 3500007F:0035 00000000:0000 0A 00000000:00000000 00:00000000 00000000   102        0 12728 1 0000000000000000 100 0 0 10 5                     
   1: 00000000:006F 00000000:0000 0A 00000000:00000000 00:00000000 00000000     0        0 11541 1 0000000000000000 100 0 0 10 0                     
   2: 1500FEA9:CD48 3F15AD03:01BB 01 00000000:00000000 00:00000000 00000000  1001        0 592406 1 0000000000000000 20 4 30 16 -1                   
   3: 0100007F:84EB 0100007F:E66E 06 00000000:00000000 03:000015ED 00000000     0        0 0 3 0000000000000000                                      
   4: 0100007F:A62F 0100007F:D9C4 06 00000000:00000000 03:000015ED 00000000     0        0 0 3 0000000000000000                                      
   5: 0100007F:84EB 0100007F:E676 06 00000000:00000000 03:000015ED 00000000     0        0 0 3 0000000000000000                                      
   6: 1500FEA9:A284 DBA942AC:01BB 01 00000000:00000000 00:00000000 00000000  1001        0 641121 1 0000000000000000 20 4 30 10 -1                   
   7: 1500FEA9:963A DBA942AC:01BB 06 00000000:00000000 03:0000046E 00000000     0        0 0 3 0000000000000000                                      
1791335331.0823503
  sl  local_address rem_address   st tx_queue rx_queue tr tm->when retrnsmt   uid  timeout inode                                                     
   0: 3500007F:0035 00000000:0000 0A 00000000:00000000 00:00000000 00000000   102        0 12728 1 0000000000000000 100 0 0 10 5                     
   1: 00000000:006F 00000000:0000 0A 00000000:00000000 00:00000000 00000000     0        0 11541 1 0000000000000000 100 0 0 10 0                     
   2: 1500FEA9:CD48 3F15AD03:01BB 01 00000000:00000000 00:00000000 00000000  1001        0 592406 1 0000000000000000 20 4 30 16 -1                   
   3: 0100007F:84EB 0100007F:E66E 06 00000000:00000000 03:00001588 00000000     0        0 0 3 0000000000000000                                      
   4: 0100007F:A62F 0100007F:D9C4 06 00000000:00000000 03:00001588 00000000     0        0 0 3 0000000000000000                                      
   5: 0100007F:84EB 0100007F:E676 06 00000000:00000000 03:00001588 00000000     0        0 0 3 0000000000000000                                      
   6: 1500FEA9:A284 DBA942AC:01BB 01 00000000:00000000 00:00000000 00000000  1001        0 641121 1 0000000000000000 20 4 30 10 -1                   
   7: 1500FEA9:963A DBA942AC:01BB 06 00000000:00000000 03:0000040A 00000000     0        0 0 3 0000000000000000                                      
1791335332.0835166
  sl  local_address rem_address   st tx_queue rx_queue tr tm->when retrnsmt   uid  timeout inode                                                     
   0: 3500007F:0035 00000000:0000 0A 00000000:00000000 00:00000000 00000000   102        0 12728 1 0000000000000000 100 0 0 10 5                     
   1: 00000000:006F 00000000:0000 0A 00000000:00000000 00:00000000 00000000     0        0 11541 1 0000000000000000 100 0 0 10 0                     
   2: 1500FEA9:CD48 3F15AD03:01BB 01 00000000:00000000 00:00000000 00000000  1001        0 592406 1 0000000000000000 20 4 30 16 -1                   
   3: 0100007F:84EB 0100007F:E66E 06 00000000:00000000 03:00001524 00000000     0        0 0 3 0000000000000000                                      
   4: 0100007F:A62F 0100007F:D9C4 06 00000000:00000000 03:00001524 00000000     0        0 0 3 0000000000000000                                      
   5: 0100007F:84EB 0100007F:E676 06 00000000:00000000 03:00001524 00000000     0        0 0 3 0000000000000000                                      
   6: 1500FEA9:A284 DBA942AC:01BB 01 00000000:00000000 00:00000000 00000000  1001        0 641121 1 0000000000000000 20 4 30 10 -1                   
   7: 1500FEA9:963A DBA942AC:01BB 06 00000000:00000000 03:000003A6 00000000     0        0 0 3 0000000000000000                                      
1791335333.0846581
  sl  local_address rem_address   st tx_queue rx_queue tr tm->when retrnsmt   uid  timeout inode                                                     
   0: 3500007F:0035 00000000:0000 0A 00000000:00000000 00:00000000 00000000   102        0 12728 1 0000000000000000 100 0 0 10 5                     
   1: 00000000:006F 00000000:0000 0A 00000000:00000000 00:00000000 00000000     0        0 11541 1 0000000000000000 100 0 0 10 0                     
   2: 1500FEA9:CD48 3F15AD03:01BB 01 00000000:00000000 00:00000000 00000000  1001        0 592406 1 0000000000000000 20 4 30 16 -1                   
   3: 0100007F:84EB 0100007F:E66E 06 00000000:00000000 03:000014C0 00000000     0        0 0 3 0000000000000000                                      
   4: 0100007F:A62F 0100007F:D9C4 06 00000000:00000000 03:000014C0 00000000     0        0 0 3 0000000000000000                                      
   5: 0100007F:84EB 0100007F:E676 06 00000000:00000000 03:000014C0 00000000     0        0 0 3 0000000000000000                                      
   6: 1500FEA9:A284 DBA942AC:01BB 01 00000000:00000000 00:00000000 00000000  1001        0 641121 2 0000000000000000 20 4 30 10 -1                   
   7: 1500FEA9:963A DBA942AC:01BB 06 00000000:00000000 03:00000342 00000000     0        0 0 3 0000000000000000                                      
1791335334.0858967
  sl  local_address rem_address   st tx_queue rx_queue tr tm->when retrnsmt   uid  timeout inode                                                     
   0: 3500007F:0035 00000000:0000 0A 00000000:00000000 00:00000000 00000000   102        0 12728 1 0000000000000000 100 0 0 10 5                     
   1: 00000000:006F 00000000:0000 0A 00000000:00000000 00:00000000 00000000     0        0 11541 1 0000000000000000 100 0 0 10 0                     
   2: 1500FEA9:CD48 3F15AD03:01BB 01 00000000:00000000 00:00000000 00000000  1001        0 592406 1 0000000000000000 20 4 30 16 -1                   
   3: 0100007F:84EB 0100007F:E66E 06 00000000:00000000 03:0000145C 00000000     0        0 0 3 0000000000000000                                      
   4: 0100007F:A62F 0100007F:D9C4 06 00000000:00000000 03:0000145C 00000000     0        0 0 3 0000000000000000                                      
   5: 0100007F:84EB 0100007F:E676 06 00000000:00000000 03:0000145C 00000000     0        0 0 3 0000000000000000                                      
   6: 1500FEA9:A284 DBA942AC:01BB 01 00000000:00000000 00:00000000 00000000  1001        0 641121 1 0000000000000000 20 4 30 10 -1                   
   7: 1500FEA9:963A DBA942AC:01BB 06 00000000:00000000 03:000002DD 00000000     0        0 0 3 0000000000000000                                      
1791335335.0865147
  sl  local_address rem_address   st tx_queue rx_queue tr tm->when retrnsmt   uid  timeout inode                                                     
   0: 3500007F:0035 00000000:0000 0A 00000000:00000000 00:00000000 00000000   102        0 12728 1 0000000000000000 100 0 0 10 5                     
   1: 00000000:006F 00000000:0000 0A 00000000:00000000 00:00000000 00000000     0        0 11541 1 0000000000000000 100 0 0 10 0                     
   2: 1500FEA9:CD48 3F15AD03:01BB 01 00000000:00000000 00:00000000 00000000  1001        0 592406 1 0000000000000000 20 4 30 16 -1                   
   3: 0100007F:84EB 0100007F:E66E 06 00000000:00000000 03:000013F8 00000000     0        0 0 3 0000000000000000                                      
   4: 0100007F:A62F 0100007F:D9C4 06 00000000:00000000 03:000013F8 00000000     0        0 0 3 0000000000000000                                      
   5: 0100007F:84EB 0100007F:E676 06 00000000:00000000 03:000013F8 00000000     0        0 0 3 0000000000000000                                      
   6: 1500FEA9:A284 DBA942AC:01BB 01 00000000:00000000 00:00000000 00000000  1001        0 641121 2 0000000000000000 20 4 30 10 -1                   
   7: 1500FEA9:963A DBA942AC:01BB 06 00000000:00000000 03:00000279 00000000     0        0 0 3 0000000000000000                                      
1791335336.0876653
  sl  local_address rem_address   st tx_queue rx_queue tr tm->when retrnsmt   uid  timeout inode                                                     
   0: 3500007F:0035 00000000:0000 0A 00000000:00000000 00:00000000 00000000   102        0 12728 1 0000000000000000 100 0 0 10 5                     
   1: 00000000:006F 00000000:0000 0A 00000000:00000000 00:00000000 00000000     0        0 11541 1 0000000000000000 100 0 0 10 0                     
   2: 1500FEA9:CD48 3F15AD03:01BB 01 00000000:00000000 00:00000000 00000000  1001        0 592406 1 0000000000000000 20 4 30 16 -1                   
   3: 0100007F:84EB 0100007F:E66E 06 00000000:00000000 03:00001394 00000000     0        0 0 3 0000000000000000                                      
   4: 0100007F:A62F 0100007F:D9C4 06 00000000:00000000 03:00001394 00000000     0        0 0 3 0000000000000000                                      
   5: 0100007F:84EB 0100007F:E676 06 00000000:00000000 03:00001394 00000000     0        0 0 3 0000000000000000                                      
   6: 1500FEA9:A284 DBA942AC:01BB 01 00000000:00000000 00:00000000 00000000  1001        0 641121 1 0000000000000000 20 4 30 10 -1                   
   7: 1500FEA9:963A DBA942AC:01BB 06 00000000:00000000 03:00000215 00000000     0        0 0 3 0000000000000000                                      
1791335337.0887856
  sl  local_address rem_address   st tx_queue rx_queue tr tm->when retrnsmt   uid  timeout inode                                                     
   0: 3500007F:0035 00000000:0000 0A 00000000:00000000 00:00000000 00000000   102        0 12728 1 0000000000000000 100 0 0 10 5                     
   1: 00000000:006F 00000000:0000 0A 00000000:00000000 00:00000000 00000000     0        0 11541 1 0000000000000000 100 0 0 10 0                     
   2: 1500FEA9:CD48 3F15AD03:01BB 01 00000000:00000000 00:00000000 00000000  1001        0 592406 1 0000000000000000 20 4 30 16 -1                   
   3: 0100007F:84EB 0100007F:E66E 06 00000000:00000000 03:00001330 00000000     0        0 0 3 0000000000000000                                      
   4: 0100007F:A62F 0100007F:D9C4 06 00000000:00000000 03:00001330 00000000     0        0 0 3 0000000000000000                                      
   5: 0100007F:84EB 0100007F:E676 06 00000000:00000000 03:00001330 00000000     0        0 0 3 0000000000000000                                      
   6: 1500FEA9:A284 DBA942AC:01BB 01 00000000:00000000 00:00000000 00000000  1001        0 641121 1 0000000000000000 20 4 30 10 -1                   
   7: 1500FEA9:963A DBA942AC:01BB 06 00000000:00000000 03:000001B1 00000000     0        0 0 3 0000000000000000                                      
1791335338.0904133
  sl  local_address rem_address   st tx_queue rx_queue tr tm->when retrnsmt   uid  timeout inode                                                     
   0: 3500007F:0035 00000000:0000 0A 00000000:00000000 00:00000000 00000000   102        0 12728 1 0000000000000000 100 0 0 10 5                     
   1: 00000000:006F 00000000:0000 0A 00000000:00000000 00:00000000 00000000     0        0 11541 1 0000000000000000 100 0 0 10 0                     
   2: 1500FEA9:CD48 3F15AD03:01BB 01 00000000:00000000 00:00000000 00000000  1001        0 592406 1 0000000000000000 20 4 30 16 -1                   
   3: 0100007F:84EB 0100007F:E66E 06 00000000:00000000 03:000012CC 00000000     0        0 0 3 0000000000000000                                      
   4: 0100007F:A62F 0100007F:D9C4 06 00000000:00000000 03:000012CC 00000000     0        0 0 3 0000000000000000                                      
   5: 0100007F:84EB 0100007F:E676 06 00000000:00000000 03:000012CC 00000000     0        0 0 3 0000000000000000                                      
   6: 1500FEA9:A284 DBA942AC:01BB 01 00000000:00000000 00:00000000 00000000  1001        0 641121 1 0000000000000000 20 4 30 10 -1                   
   7: 1500FEA9:963A DBA942AC:01BB 06 00000000:00000000 03:0000014D 00000000     0        0 0 3 0000000000000000                                      
1791335339.091267
  sl  local_address rem_address   st tx_queue rx_queue tr tm->when retrnsmt   uid  timeout inode                                                     
   0: 3500007F:0035 00000000:0000 0A 00000000:00000000 00:00000000 00000000   102        0 12728 1 0000000000000000 100 0 0 10 5                     
   1: 00000000:006F 00000000:0000 0A 00000000:00000000 00:00000000 00000000     0        0 11541 1 0000000000000000 100 0 0 10 0                     
   2: 1500FEA9:CD48 3F15AD03:01BB 01 00000000:00000000 00:00000000 00000000  1001        0 592406 1 0000000000000000 20 4 30 16 -1                   
   3: 0100007F:84EB 0100007F:E66E 06 00000000:00000000 03:00001268 00000000     0        0 0 3 0000000000000000                                      
   4: 0100007F:A62F 0100007F:D9C4 06 00000000:00000000 03:00001268 00000000     0        0 0 3 0000000000000000                                      
   5: 0100007F:84EB 0100007F:E676 06 00000000:00000000 03:00001268 00000000     0        0 0 3 0000000000000000                                      
   6: 1500FEA9:A284 DBA942AC:01BB 01 00000000:00000000 00:00000000 00000000  1001        0 641121 1 0000000000000000 20 4 30 10 -1                   
   7: 1500FEA9:963A DBA942AC:01BB 06 00000000:00000000 03:000000E9 00000000     0        0 0 3 0000000000000000                                      
1791335340.0924006
  sl  local_address rem_address   st tx_queue rx_queue tr tm->when retrnsmt   uid  timeout inode                                                     
   0: 3500007F:0035 00000000:0000 0A 00000000:00000000 00:00000000 00000000   102        0 12728 1 0000000000000000 100 0 0 10 5                     
   1: 00000000:006F 00000000:0000 0A 00000000:00000000 00:00000000 00000000     0        0 11541 1 0000000000000000 100 0 0 10 0                     
   2: 1500FEA9:CD48 3F15AD03:01BB 01 00000000:00000000 00:00000000 00000000  1001        0 592406 1 0000000000000000 20 4 30 16 -1                   
   3: 0100007F:84EB 0100007F:E66E 06 00000000:00000000 03:00001204 00000000     0        0 0 3 0000000000000000                                      
   4: 0100007F:A62F 0100007F:D9C4 06 00000000:00000000 03:00001204 00000000     0        0 0 3 0000000000000000                                      
   5: 0100007F:84EB 0100007F:E676 06 00000000:00000000 03:00001204 00000000     0        0 0 3 0000000000000000                                      
   6: 1500FEA9:A284 DBA942AC:01BB 01 00000000:00000000 00:00000000 00000000  1001        0 641121 1 0000000000000000 20 4 30 10 -1                   
   7: 1500FEA9:963A DBA942AC:01BB 06 00000000:00000000 03:00000085 00000000     0        0 0 3 0000000000000000                                      
1791335341.093511
  sl  local_address rem_address   st tx_queue rx_queue tr tm->when retrnsmt   uid  timeout inode                                                     
   0: 3500007F:0035 00000000:0000 0A 00000000:00000000 00:00000000 00000000   102        0 12728 1 0000000000000000 100 0 0 10 5                     
   1: 00000000:006F 00000000:0000 0A 00000000:00000000 00:00000000 00000000     0        0 11541 1 0000000000000000 100 0 0 10 0                     
   2: 1500FEA9:CD48 3F15AD03:01BB 01 00000000:00000000 00:00000000 00000000  1001        0 592406 1 0000000000000000 20 4 30 16 -1                   
   3: 0100007F:84EB 0100007F:E66E 06 00000000:00000000 03:0000119F 00000000     0        0 0 3 0000000000000000                                      
   4: 0100007F:A62F 0100007F:D9C4 06 00000000:00000000 03:0000119F 00000000     0        0 0 3 0000000000000000                                      
   5: 0100007F:84EB 0100007F:E676 06 00000000:00000000 03:0000119F 00000000     0        0 0 3 0000000000000000                                      
   6: 1500FEA9:A284 DBA942AC:01BB 06 00000000:00000000 03:00001760 00000000     0        0 0 3 0000000000000000                                      
   7: 1500FEA9:963A DBA942AC:01BB 06 00000000:00000000 03:00000020 00000000     0        0 0 3 0000000000000000                                      
1791335342.0944912
  sl  local_address rem_address   st tx_queue rx_queue tr tm->when retrnsmt   uid  timeout inode                                                     
   0: 3500007F:0035 00000000:0000 0A 00000000:00000000 00:00000000 00000000   102        0 12728 1 0000000000000000 100 0 0 10 5                     
   1: 00000000:006F 00000000:0000 0A 00000000:00000000 00:00000000 00000000     0        0 11541 1 0000000000000000 100 0 0 10 0                     
   2: 1500FEA9:CD48 3F15AD03:01BB 01 00000000:00000000 00:00000000 00000000  1001        0 592406 1 0000000000000000 20 4 30 16 -1                   
   3: 0100007F:84EB 0100007F:E66E 06 00000000:00000000 03:0000113B 00000000     0        0 0 3 0000000000000000                                      
   4: 0100007F:A62F 0100007F:D9C4 06 00000000:00000000 03:0000113B 00000000     0        0 0 3 0000000000000000                                      
   5: 0100007F:84EB 0100007F:E676 06 00000000:00000000 03:0000113B 00000000     0        0 0 3 0000000000000000                                      
   6: 1500FEA9:A284 DBA942AC:01BB 06 00000000:00000000 03:000016FC 00000000     0        0 0 3 0000000000000000                                      
   7: 1500FEA9:963A DBA942AC:01BB 06 00000000:00000000 03:00000000 00000000     0        0 0 3 0000000000000000                                      
1791335343.0952718
  sl  local_address rem_address   st tx_queue rx_queue tr tm->when retrnsmt   uid  timeout inode                                                     
   0: 3500007F:0035 00000000:0000 0A 00000000:00000000 00:00000000 00000000   102        0 12728 1 0000000000000000 100 0 0 10 5                     
   1: 00000000:006F 00000000:0000 0A 00000000:00000000 00:00000000 00000000     0        0 11541 1 0000000000000000 100 0 0 10 0                     
   2: 1500FEA9:CD48 3F15AD03:01BB 01 00000000:00000000 00:00000000 00000000  1001        0 592406 1 0000000000000000 20 4 30 16 -1                   
   3: 0100007F:84EB 0100007F:E66E 06 00000000:00000000 03:000010D7 00000000     0        0 0 3 0000000000000000                                      
   4: 0100007F:A62F 0100007F:D9C4 06 00000000:00000000 03:000010D7 00000000     0        0 0 3 0000000000000000                                      
   5: 0100007F:84EB 0100007F:E676 06 00000000:00000000 03:000010D7 00000000     0        0 0 3 0000000000000000                                      
   6: 1500FEA9:A284 DBA942AC:01BB 06 00000000:00000000 03:00001698 00000000     0        0 0 3 0000000000000000                                      
1791335344.0964053
  sl  local_address rem_address   st tx_queue rx_queue tr tm->when retrnsmt   uid  timeout inode                                                     
   0: 3500007F:0035 00000000:0000 0A 00000000:00000000 00:00000000 00000000   102        0 12728 1 0000000000000000 100 0 0 10 5                     
   1: 00000000:006F 00000000:0000 0A 00000000:00000000 00:00000000 00000000     0        0 11541 1 0000000000000000 100 0 0 10 0                     
   2: 1500FEA9:CD48 3F15AD03:01BB 01 00000000:00000000 00:00000000 00000000  1001        0 592406 1 0000000000000000 20 4 30 16 -1                   
   3: 0100007F:84EB 0100007F:E66E 06 00000000:00000000 03:00001073 00000000     0        0 0 3 0000000000000000                                      
   4: 0100007F:A62F 0100007F:D9C4 06 00000000:00000000 03:00001073 00000000     0        0 0 3 0000000000000000                                      
   5: 0100007F:84EB 0100007F:E676 06 00000000:00000000 03:00001073 00000000     0        0 0 3 0000000000000000                                      
   6: 1500FEA9:A284 DBA942AC:01BB 06 00000000:00000000 03:00001634 00000000     0        0 0 3 0000000000000000                                      
1791335345.0978692
  sl  local_address rem_address   st tx_queue rx_queue tr tm->when retrnsmt   uid  timeout inode                                                     
   0: 3500007F:0035 00000000:0000 0A 00000000:00000000 00:00000000 00000000   102        0 12728 1 0000000000000000 100 0 0 10 5                     
   1: 00000000:006F 00000000:0000 0A 00000000:00000000 00:00000000 00000000     0        0 11541 1 0000000000000000 100 0 0 10 0                     
   2: 1500FEA9:CD48 3F15AD03:01BB 01 00000000:00000000 00:00000000 00000000  1001        0 592406 1 0000000000000000 20 4 30 16 -1                   
   3: 0100007F:84EB 0100007F:E66E 06 00000000:00000000 03:0000100F 00000000     0        0 0 3 0000000000000000                                      
   4: 0100007F:A62F 0100007F:D9C4 06 00000000:00000000 03:0000100F 00000000     0        0 0 3 0000000000000000                                      
   5: 0100007F:84EB 0100007F:E676 06 00000000:00000000 03:0000100F 00000000     0        0 0 3 0000000000000000                                      
   6: 1500FEA9:A284 DBA942AC:01BB 06 00000000:00000000 03:000015D0 00000000     0        0 0 3 0000000000000000                                      
1791335346.0992405
  sl  local_address rem_address   st tx_queue rx_queue tr tm->when retrnsmt   uid  timeout inode                                                     
   0: 3500007F:0035 00000000:0000 0A 00000000:00000000 00:00000000 00000000   102        0 12728 1 0000000000000000 100 0 0 10 5                     
   1: 00000000:006F 00000000:0000 0A 00000000:00000000 00:00000000 00000000     0        0 11541 1 0000000000000000 100 0 0 10 0                     
   2: 1500FEA9:CD48 3F15AD03:01BB 01 00000000:00000000 00:00000000 00000000  1001        0 592406 1 0000000000000000 20 4 30 16 -1                   
   3: 0100007F:84EB 0100007F:E66E 06 00000000:00000000 03:00000FAB 00000000     0        0 0 3 0000000000000000                                      
   4: 0100007F:A62F 0100007F:D9C4 06 00000000:00000000 03:00000FAB 00000000     0        0 0 3 0000000000000000                                      
   5: 0100007F:84EB 0100007F:E676 06 00000000:00000000 03:00000FAB 00000000     0        0 0 3 0000000000000000                                      
   6: 1500FEA9:A284 DBA942AC:01BB 06 00000000:00000000 03:0000156C 00000000     0        0 0 3 0000000000000000                                      
1791335347.1003754
  sl  local_address rem_address   st tx_queue rx_queue tr tm->when retrnsmt   uid  timeout inode                                                     
   0: 3500007F:0035 00000000:0000 0A 00000000:00000000 00:00000000 00000000   102        0 12728 1 0000000000000000 100 0 0 10 5                     
   1: 00000000:006F 00000000:0000 0A 00000000:00000000 00:00000000 00000000     0        0 11541 1 0000000000000000 100 0 0 10 0                     
   2: 1500FEA9:CD48 3F15AD03:01BB 01 00000000:00000000 00:00000000 00000000  1001        0 592406 1 0000000000000000 20 4 30 16 -1                   
   3: 0100007F:84EB 0100007F:E66E 06 00000000:00000000 03:00000F47 00000000     0        0 0 3 0000000000000000                                      
   4: 0100007F:A62F 0100007F:D9C4 06 00000000:00000000 03:00000F47 00000000     0        0 0 3 0000000000000000                                      
   5: 0100007F:9E2B 0100007F:ECF4 06 00000000:00000000 03:00001728 00000000     0        0 0 3 0000000000000000                                      
   6: 0100007F:A36D 0100007F:A454 06 00000000:00000000 03:00001728 00000000     0        0 0 3 0000000000000000                                      
   7: 0100007F:84EB 0100007F:E676 06 00000000:00000000 03:00000F47 00000000     0        0 0 3 0000000000000000                                      
   8: 1500FEA9:A284 DBA942AC:01BB 06 00000000:00000000 03:00001508 00000000     0        0 0 3 0000000000000000                                      
1791335348.1015189
  sl  local_address rem_address   st tx_queue rx_queue tr tm->when retrnsmt   uid  timeout inode                                                     
   0: 3500007F:0035 00000000:0000 0A 00000000:00000000 00:00000000 00000000   102        0 12728 1 0000000000000000 100 0 0 10 5                     
   1: 00000000:006F 00000000:0000 0A 00000000:00000000 00:00000000 00000000     0        0 11541 1 0000000000000000 100 0 0 10 0                     
   2: 1500FEA9:CD48 3F15AD03:01BB 01 00000000:00000000 00:00000000 00000000  1001        0 592406 1 0000000000000000 20 4 30 16 -1                   
   3: 0100007F:84EB 0100007F:E66E 06 00000000:00000000 03:00000EE3 00000000     0        0 0 3 0000000000000000                                      
   4: 0100007F:A62F 0100007F:D9C4 06 00000000:00000000 03:00000EE3 00000000     0        0 0 3 0000000000000000                                      
   5: 0100007F:9E2B 0100007F:ECF4 06 00000000:00000000 03:000016C4 00000000     0        0 0 3 0000000000000000                                      
   6: 0100007F:A36D 0100007F:A454 06 00000000:00000000 03:000016C4 00000000     0        0 0 3 0000000000000000                                      
   7: 0100007F:84EB 0100007F:E676 06 00000000:00000000 03:00000EE3 00000000     0        0 0 3 0000000000000000                                      
   8: 1500FEA9:A284 DBA942AC:01BB 06 00000000:00000000 03:000014A4 00000000     0        0 0 3 0000000000000000                                      
1791335349.1032546
  sl  local_address rem_address   st tx_queue rx_queue tr tm->when retrnsmt   uid  timeout inode                                                     
   0: 3500007F:0035 00000000:0000 0A 00000000:00000000 00:00000000 00000000   102        0 12728 1 0000000000000000 100 0 0 10 5                     
   1: 00000000:006F 00000000:0000 0A 00000000:00000000 00:00000000 00000000     0        0 11541 1 0000000000000000 100 0 0 10 0                     
   2: 1500FEA9:CD48 3F15AD03:01BB 01 00000000:00000000 00:00000000 00000000  1001        0 592406 1 0000000000000000 20 4 30 16 -1                   
   3: 0100007F:84EB 0100007F:E66E 06 00000000:00000000 03:00000E7E 00000000     0        0 0 3 0000000000000000                                      
   4: 0100007F:A62F 0100007F:D9C4 06 00000000:00000000 03:00000E7E 00000000     0        0 0 3 0000000000000000                                      
   5: 0100007F:9E2B 0100007F:ECF4 06 00000000:00000000 03:0000165F 00000000     0        0 0 3 0000000000000000                                      
   6: 0100007F:A36D 0100007F:A454 06 00000000:00000000 03:0000165F 00000000     0        0 0 3 0000000000000000                                      
   7: 0100007F:84EB 0100007F:E676 06 00000000:00000000 03:00000E7E 00000000     0        0 0 3 0000000000000000                                      
   8: 1500FEA9:A284 DBA942AC:01BB 06 00000000:00000000 03:0000143F 00000000     0        0 0 3 0000000000000000                                      
1791335350.1033673
  sl  local_address rem_address   st tx_queue rx_queue tr tm->when retrnsmt   uid  timeout inode                                                     
   0: 3500007F:0035 00000000:0000 0A 00000000:00000000 00:00000000 00000000   102        0 12728 1 0000000000000000 100 0 0 10 5                     
   1: 00000000:006F 00000000:0000 0A 00000000:00000000 00:00000000 00000000     0        0 11541 1 0000000000000000 100 0 0 10 0                     
   2: 1500FEA9:CD48 3F15AD03:01BB 01 00000000:00000000 00:00000000 00000000  1001        0 592406 1 0000000000000000 20 4 30 16 -1                   
   3: 0100007F:84EB 0100007F:E66E 06 00000000:00000000 03:00000E1A 00000000     0        0 0 3 0000000000000000                                      
   4: 0100007F:A43E 0100007F:9A19 06 00000000:00000000 03:00001721 00000000     0        0 0 3 0000000000000000                                      
   5: 0100007F:A62F 0100007F:D9C4 06 00000000:00000000 03:00000E1A 00000000     0        0 0 3 0000000000000000                                      
   6: 0100007F:9E2B 0100007F:ECF4 06 00000000:00000000 03:000015FB 00000000     0        0 0 3 0000000000000000                                      
   7: 0100007F:A36D 0100007F:A454 06 00000000:00000000 03:000015FB 00000000     0        0 0 3 0000000000000000                                      
   8: 0100007F:84EB 0100007F:E676 06 00000000:00000000 03:00000E1A 00000000     0        0 0 3 0000000000000000                                      
   9: 1500FEA9:A284 DBA942AC:01BB 06 00000000:00000000 03:000013DB 00000000     0        0 0 3 0000000000000000                                      
  10: 0100007F:9A19 0100007F:A43E 06 00000000:00000000 03:00001721 00000000     0        0 0 3 0000000000000000                                      
1791335351.1044915
  sl  local_address rem_address   st tx_queue rx_queue tr tm->when retrnsmt   uid  timeout inode                                                     
   0: 1500FEA9:AAB1 00000000:0000 0A 00000000:00000000 00:00000000 00000000     0        0 655108 1 0000000000000000 100 0 0 10 0                    
   1: 3500007F:0035 00000000:0000 0A 00000000:00000000 00:00000000 00000000   102        0 12728 1 0000000000000000 100 0 0 10 5                     
   2: 1500FEA9:ABB7 00000000:0000 0A 00000000:00000000 00:00000000 00000000     0        0 655842 1 0000000000000000 100 0 0 10 0                    
   3: 0100007F:9403 00000000:0000 0A 00000000:00000000 00:00000000 00000000  1001        0 655836 1 0000000000000000 100 0 0 10 0                    
   4: 1500FEA9:9403 00000000:0000 0A 00000000:00000000 00:00000000 00000000     0        0 655104 1 0000000000000000 100 0 0 10 0                    
   5: 0100007F:ABB7 00000000:0000 0A 00000000:00000000 00:00000000 00000000  1001        0 655071 1 0000000000000000 100 0 0 10 0                    
   6: 0100007F:AAB1 00000000:0000 0A 00000000:00000000 00:00000000 00000000  1001        0 655074 1 0000000000000000 100 0 0 10 0                    
   7: 00000000:006F 00000000:0000 0A 00000000:00000000 00:00000000 00000000     0        0 11541 1 0000000000000000 100 0 0 10 0                     
   8: 0100007F:AAB1 0100007F:8ACE 06 00000000:00000000 03:0000173D 00000000     0        0 0 3 0000000000000000                                      
   9: 1500FEA9:CD48 3F15AD03:01BB 01 00000000:00000000 00:00000000 00000000  1001        0 592406 1 0000000000000000 20 4 30 16 -1                   
  10: 0100007F:ABB7 0100007F:D020 06 00000000:00000000 03:0000173C 00000000     0        0 0 3 0000000000000000                                      
  11: 0100007F:84EB 0100007F:E66E 06 00000000:00000000 03:00000DB6 00000000     0        0 0 3 0000000000000000                                      
  12: 0100007F:9403 0100007F:BF3C 01 00000000:00000000 00:00000000 00000000  1001        0 655076 1 0000000000000000 20 4 28 10 -1                   
  13: 0100007F:9CC2 0100007F:A4E7 06 00000000:00000000 03:0000173C 00000000     0        0 0 3 0000000000000000                                      
  14: 0100007F:BF3C 0100007F:9403 01 00000000:00000000 00:00000000 00000000  1001        0 655077 1 0000000000000000 20 0 0 10 -1                    
  15: 0100007F:A43E 0100007F:9A19 06 00000000:00000000 03:000016BD 00000000     0        0 0 3 0000000000000000                                      
  16: 0100007F:94A3 0100007F:A9D2 06 00000000:00000000 03:0000173C 00000000     0        0 0 3 0000000000000000                                      
  17: 0100007F:A62F 0100007F:D9C4 06 00000000:00000000 03:00000DB6 00000000     0        0 0 3 0000000000000000                                      
  18: 0100007F:9E2B 0100007F:ECF4 06 00000000:00000000 03:00001597 00000000     0        0 0 3 0000000000000000                                      
  19: 0100007F:A36D 0100007F:A454 06 00000000:00000000 03:00001597 00000000     0        0 0 3 0000000000000000                                      
  20: 0100007F:84EB 0100007F:E676 06 00000000:00000000 03:00000DB6 00000000     0        0 0 3 0000000000000000                                      
  21: 1500FEA9:A284 DBA942AC:01BB 06 00000000:00000000 03:00001377 00000000     0        0 0 3 0000000000000000                                      
  22: 0100007F:A4E7 0100007F:9CC2 06 00000000:00000000 03:0000173C 00000000     0        0 0 3 0000000000000000                                      
  23: 0100007F:9A19 0100007F:A43E 06 00000000:00000000 03:000016BD 00000000     0        0 0 3 0000000000000000                                      
  24: 0100007F:A767 0100007F:D52E 06 00000000:00000000 03:0000173D 00000000     0        0 0 3 0000000000000000                                      
1791335352.1062472
  sl  local_address rem_address   st tx_queue rx_queue tr tm->when retrnsmt   uid  timeout inode                                                     
   0: 3500007F:0035 00000000:0000 0A 00000000:00000000 00:00000000 00000000   102        0 12728 1 0000000000000000 100 0 0 10 5                     
   1: 00000000:006F 00000000:0000 0A 00000000:00000000 00:00000000 00000000     0        0 11541 1 0000000000000000 100 0 0 10 0                     
   2: 0100007F:AAB1 0100007F:8ACE 06 00000000:00000000 03:000016D8 00000000     0        0 0 3 0000000000000000                                      
   3: 1500FEA9:CD48 3F15AD03:01BB 01 00000000:00000000 00:00000000 00000000  1001        0 592406 1 0000000000000000 20 4 30 16 -1                   
   4: 0100007F:ABB7 0100007F:D020 06 00000000:00000000 03:000016D8 00000000     0        0 0 3 0000000000000000                                      
   5: 0100007F:84EB 0100007F:E66E 06 00000000:00000000 03:00000D52 00000000     0        0 0 3 0000000000000000                                      
   6: 0100007F:9403 0100007F:BF3C 06 00000000:00000000 03:00001751 00000000     0        0 0 3 0000000000000000                                      
   7: 0100007F:9CC2 0100007F:A4E7 06 00000000:00000000 03:000016D8 00000000     0        0 0 3 0000000000000000                                      
   8: 0100007F:A43E 0100007F:9A19 06 00000000:00000000 03:00001659 00000000     0        0 0 3 0000000000000000                                      
   9: 0100007F:94A3 0100007F:A9D2 06 00000000:00000000 03:000016D8 00000000     0        0 0 3 0000000000000000                                      
  10: 0100007F:A62F 0100007F:D9C4 06 00000000:00000000 03:00000D52 00000000     0        0 0 3 0000000000000000                                      
  11: 0100007F:9E2B 0100007F:ECF4 06 00000000:00000000 03:00001533 00000000     0        0 0 3 0000000000000000                                      
  12: 0100007F:A36D 0100007F:A454 06 00000000:00000000 03:00001533 00000000     0        0 0 3 0000000000000000                                      
  13: 0100007F:84EB 0100007F:E676 06 00000000:00000000 03:00000D52 00000000     0        0 0 3 0000000000000000                                      
  14: 1500FEA9:A284 DBA942AC:01BB 06 00000000:00000000 03:00001313 00000000     0        0 0 3 0000000000000000                                      
  15: 0100007F:A4E7 0100007F:9CC2 06 00000000:00000000 03:000016D8 00000000     0        0 0 3 0000000000000000                                      
  16: 0100007F:9A19 0100007F:A43E 06 00000000:00000000 03:00001659 00000000     0        0 0 3 0000000000000000                                      
  17: 0100007F:A767 0100007F:D52E 06 00000000:00000000 03:000016D8 00000000     0        0 0 3 0000000000000000                                      
1791335353.107371
  sl  local_address rem_address   st tx_queue rx_queue tr tm->when retrnsmt   uid  timeout inode                                                     
   0: 3500007F:0035 00000000:0000 0A 00000000:00000000 00:00000000 00000000   102        0 12728 1 0000000000000000 100 0 0 10 5                     
   1: 00000000:006F 00000000:0000 0A 00000000:00000000 00:00000000 00000000     0        0 11541 1 0000000000000000 100 0 0 10 0                     
   2: 0100007F:AAB1 0100007F:8ACE 06 00000000:00000000 03:00001674 00000000     0        0 0 3 0000000000000000                                      
   3: 1500FEA9:CD48 3F15AD03:01BB 01 00000000:00000000 00:00000000 00000000  1001        0 592406 1 0000000000000000 20 4 30 16 -1                   
   4: 0100007F:ABB7 0100007F:D020 06 00000000:00000000 03:00001674 00000000     0        0 0 3 0000000000000000                                      
   5: 0100007F:84EB 0100007F:E66E 06 00000000:00000000 03:00000CEE 00000000     0        0 0 3 0000000000000000                                      
   6: 0100007F:9403 0100007F:BF3C 06 00000000:00000000 03:000016ED 00000000     0        0 0 3 0000000000000000                                      
   7: 0100007F:9CC2 0100007F:A4E7 06 00000000:00000000 03:00001674 00000000     0        0 0 3 0000000000000000                                      
   8: 0100007F:A43E 0100007F:9A19 06 00000000:00000000 03:000015F5 00000000     0        0 0 3 0000000000000000                                      
   9: 0100007F:94A3 0100007F:A9D2 06 00000000:00000000 03:00001674 00000000     0        0 0 3 0000000000000000                                      
  10: 0100007F:A62F 0100007F:D9C4 06 00000000:00000000 03:00000CEE 00000000     0        0 0 3 0000000000000000                                      
  11: 0100007F:9E2B 0100007F:ECF4 06 00000000:00000000 03:000014CF 00000000     0        0 0 3 0000000000000000                                      
  12: 0100007F:A36D 0100007F:A454 06 00000000:00000000 03:000014CF 00000000     0        0 0 3 0000000000000000                                      
  13: 0100007F:84EB 0100007F:E676 06 00000000:00000000 03:00000CEE 00000000     0        0 0 3 0000000000000000                                      
  14: 1500FEA9:A284 DBA942AC:01BB 06 00000000:00000000 03:000012AF 00000000     0        0 0 3 0000000000000000                                      
  15: 0100007F:A4E7 0100007F:9CC2 06 00000000:00000000 03:00001674 00000000     0        0 0 3 0000000000000000                                      
  16: 0100007F:9A19 0100007F:A43E 06 00000000:00000000 03:000015F5 00000000     0        0 0 3 0000000000000000                                      
  17: 0100007F:A767 0100007F:D52E 06 00000000:00000000 03:00001674 00000000     0        0 0 3 0000000000000000                                      
1791335354.1084912
  sl  local_address rem_address   st tx_queue rx_queue tr tm->when retrnsmt   uid  timeout inode                                                     
   0: 3500007F:0035 00000000:0000 0A 00000000:00000000 00:00000000 00000000   102        0 12728 1 0000000000000000 100 0 0 10 5                     
   1: 00000000:006F 00000000:0000 0A 00000000:00000000 00:00000000 00000000     0        0 11541 1 0000000000000000 100 0 0 10 0                     
   2: 0100007F:AAB1 0100007F:8ACE 06 00000000:00000000 03:00001610 00000000     0        0 0 3 0000000000000000                                      
   3: 1500FEA9:CD48 3F15AD03:01BB 01 00000000:00000000 00:00000000 00000000  1001        0 592406 1 0000000000000000 20 4 30 16 -1                   
   4: 0100007F:ABB7 0100007F:D020 06 00000000:00000000 03:00001610 00000000     0        0 0 3 0000000000000000                                      
   5: 0100007F:84EB 0100007F:E66E 06 00000000:00000000 03:00000C8A 00000000     0        0 0 3 0000000000000000                                      
   6: 0100007F:9403 0100007F:BF3C 06 00000000:00000000 03:00001689 00000000     0        0 0 3 0000000000000000                                      
   7: 0100007F:9CC2 0100007F:A4E7 06 00000000:00000000 03:00001610 00000000     0        0 0 3 0000000000000000                                      
   8: 0100007F:A43E 0100007F:9A19 06 00000000:00000000 03:00001591 00000000     0        0 0 3 0000000000000000                                      
   9: 0100007F:94A3 0100007F:A9D2 06 00000000:00000000 03:00001610 00000000     0        0 0 3 0000000000000000                                      
  10: 0100007F:A62F 0100007F:D9C4 06 00000000:00000000 03:00000C8A 00000000     0        0 0 3 0000000000000000                                      
  11: 0100007F:9E2B 0100007F:ECF4 06 00000000:00000000 03:0000146B 00000000     0        0 0 3 0000000000000000                                      
  12: 0100007F:A36D 0100007F:A454 06 00000000:00000000 03:0000146B 00000000     0        0 0 3 0000000000000000                                      
  13: 0100007F:84EB 0100007F:E676 06 00000000:00000000 03:00000C8A 00000000     0        0 0 3 0000000000000000                                      
  14: 1500FEA9:A284 DBA942AC:01BB 06 00000000:00000000 03:0000124B 00000000     0        0 0 3 0000000000000000                                      
  15: 0100007F:A4E7 0100007F:9CC2 06 00000000:00000000 03:00001610 00000000     0        0 0 3 0000000000000000                                      
  16: 0100007F:9A19 0100007F:A43E 06 00000000:00000000 03:00001591 00000000     0        0 0 3 0000000000000000                                      
  17: 0100007F:A767 0100007F:D52E 06 00000000:00000000 03:00001610 00000000     0        0 0 3 0000000000000000                                      
1791335355.110131
  sl  local_address rem_address   st tx_queue rx_queue tr tm->when retrnsmt   uid  timeout inode                                                     
   0: 3500007F:0035 00000000:0000 0A 00000000:00000000 00:00000000 00000000   102        0 12728 1 0000000000000000 100 0 0 10 5                     
   1: 00000000:006F 00000000:0000 0A 00000000:00000000 00:00000000 00000000     0        0 11541 1 0000000000000000 100 0 0 10 0                     
   2: 0100007F:AAB1 0100007F:8ACE 06 00000000:00000000 03:000015AB 00000000     0        0 0 3 0000000000000000                                      
   3: 1500FEA9:CD48 3F15AD03:01BB 01 00000000:00000000 00:00000000 00000000  1001        0 592406 1 0000000000000000 20 4 30 16 -1                   
   4: 0100007F:ABB7 0100007F:D020 06 00000000:00000000 03:000015AA 00000000     0        0 0 3 0000000000000000                                      
   5: 0100007F:84EB 0100007F:E66E 06 00000000:00000000 03:00000C24 00000000     0        0 0 3 0000000000000000                                      
   6: 0100007F:9403 0100007F:BF3C 06 00000000:00000000 03:00001623 00000000     0        0 0 3 0000000000000000                                      
   7: 0100007F:9CC2 0100007F:A4E7 06 00000000:00000000 03:000015AA 00000000     0        0 0 3 0000000000000000                                      
   8: 0100007F:A43E 0100007F:9A19 06 00000000:00000000 03:0000152B 00000000     0        0 0 3 0000000000000000                                      
   9: 0100007F:94A3 0100007F:A9D2 06 00000000:00000000 03:000015AA 00000000     0        0 0 3 0000000000000000                                      
  10: 0100007F:A62F 0100007F:D9C4 06 00000000:00000000 03:00000C24 00000000     0        0 0 3 0000000000000000                                      
  11: 0100007F:E05E 0100007F:22A9 06 00000000:00000000 03:00001760 00000000     0        0 0 3 0000000000000000                                      
  12: 0100007F:9E2B 0100007F:ECF4 06 00000000:00000000 03:00001405 00000000     0        0 0 3 0000000000000000                                      
  13: 0100007F:A36D 0100007F:A454 06 00000000:00000000 03:00001405 00000000     0        0 0 3 0000000000000000                                      
  14: 0100007F:E068 0100007F:22A9 06 00000000:00000000 03:00001761 00000000     0        0 0 3 0000000000000000                                      
  15: 0100007F:84EB 0100007F:E676 06 00000000:00000000 03:00000C24 00000000     0        0 0 3 0000000000000000                                      
  16: 1500FEA9:A284 DBA942AC:01BB 06 00000000:00000000 03:000011E5 00000000     0        0 0 3 0000000000000000                                      
  17: 0100007F:A4E7 0100007F:9CC2 06 00000000:00000000 03:000015AA 00000000     0        0 0 3 0000000000000000                                      
  18: 0100007F:9A19 0100007F:A43E 06 00000000:00000000 03:0000152B 00000000     0        0 0 3 0000000000000000                                      
  19: 0100007F:A767 0100007F:D52E 06 00000000:00000000 03:000015AB 00000000     0        0 0 3 0000000000000000                                      
1791335356.1242328
  sl  local_address rem_address   st tx_queue rx_queue tr tm->when retrnsmt   uid  timeout inode                                                     
   0: 3500007F:0035 00000000:0000 0A 00000000:00000000 00:00000000 00000000   102        0 12728 1 0000000000000000 100 0 0 10 5                     
   1: 00000000:006F 00000000:0000 0A 00000000:00000000 00:00000000 00000000     0        0 11541 1 0000000000000000 100 0 0 10 0                     
   2: 0100007F:AAB1 0100007F:8ACE 06 00000000:00000000 03:00001544 00000000     0        0 0 3 0000000000000000                                      
   3: 1500FEA9:CD48 3F15AD03:01BB 01 00000000:00000000 00:00000000 00000000  1001        0 592406 1 0000000000000000 20 4 30 16 -1                   
   4: 0100007F:ABB7 0100007F:D020 06 00000000:00000000 03:00001544 00000000     0        0 0 3 0000000000000000                                      
   5: 0100007F:84EB 0100007F:E66E 06 00000000:00000000 03:00000BBE 00000000     0        0 0 3 0000000000000000                                      
   6: 0100007F:9403 0100007F:BF3C 06 00000000:00000000 03:000015BC 00000000     0        0 0 3 0000000000000000                                      
   7: 0100007F:9CC2 0100007F:A4E7 06 00000000:00000000 03:00001544 00000000     0        0 0 3 0000000000000000                                      
   8: 0100007F:A43E 0100007F:9A19 06 00000000:00000000 03:000014C4 00000000     0        0 0 3 0000000000000000                                      
   9: 0100007F:94A3 0100007F:A9D2 06 00000000:00000000 03:00001544 00000000     0        0 0 3 0000000000000000                                      
  10: 0100007F:A62F 0100007F:D9C4 06 00000000:00000000 03:00000BBE 00000000     0        0 0 3 0000000000000000                                      
  11: 0100007F:E05E 0100007F:22A9 06 00000000:00000000 03:000016FA 00000000     0        0 0 3 0000000000000000                                      
  12: 0100007F:9E2B 0100007F:ECF4 06 00000000:00000000 03:0000139E 00000000     0        0 0 3 0000000000000000                                      
  13: 0100007F:A36D 0100007F:A454 06 00000000:00000000 03:0000139E 00000000     0        0 0 3 0000000000000000                                      
  14: 0100007F:E068 0100007F:22A9 06 00000000:00000000 03:000016FA 00000000     0        0 0 3 0000000000000000                                      
  15: 0100007F:84EB 0100007F:E676 06 00000000:00000000 03:00000BBE 00000000     0        0 0 3 0000000000000000                                      
  16: 1500FEA9:A284 DBA942AC:01BB 06 00000000:00000000 03:0000117E 00000000     0        0 0 3 0000000000000000                                      
  17: 0100007F:A4E7 0100007F:9CC2 06 00000000:00000000 03:00001544 00000000     0        0 0 3 0000000000000000                                      
  18: 0100007F:9A19 0100007F:A43E 06 00000000:00000000 03:000014C4 00000000     0        0 0 3 0000000000000000                                      
  19: 0100007F:A767 0100007F:D52E 06 00000000:00000000 03:00001544 00000000     0        0 0 3 0000000000000000                                      
1791335357.1269417
  sl  local_address rem_address   st tx_queue rx_queue tr tm->when retrnsmt   uid  timeout inode                                                     
   0: 3500007F:0035 00000000:0000 0A 00000000:00000000 00:00000000 00000000   102        0 12728 1 0000000000000000 100 0 0 10 5                     
   1: 00000000:006F 00000000:0000 0A 00000000:00000000 00:00000000 00000000     0        0 11541 1 0000000000000000 100 0 0 10 0                     
   2: 0100007F:AAB1 0100007F:8ACE 06 00000000:00000000 03:000014E2 00000000     0        0 0 3 0000000000000000                                      
   3: 1500FEA9:CD48 3F15AD03:01BB 01 00000000:00000000 00:00000000 00000000  1001        0 592406 1 0000000000000000 20 4 30 16 -1                   
   4: 0100007F:ABB7 0100007F:D020 06 00000000:00000000 03:000014E2 00000000     0        0 0 3 0000000000000000                                      
   5: 0100007F:84EB 0100007F:E66E 06 00000000:00000000 03:00000B5C 00000000     0        0 0 3 0000000000000000                                      
   6: 0100007F:9403 0100007F:BF3C 06 00000000:00000000 03:0000155B 00000000     0        0 0 3 0000000000000000                                      
   7: 0100007F:9CC2 0100007F:A4E7 06 00000000:00000000 03:000014E2 00000000     0        0 0 3 0000000000000000                                      
   8: 0100007F:A43E 0100007F:9A19 06 00000000:00000000 03:00001463 00000000     0        0 0 3 0000000000000000                                      
   9: 0100007F:94A3 0100007F:A9D2 06 00000000:00000000 03:000014E2 00000000     0        0 0 3 0000000000000000                                      
  10: 0100007F:A62F 0100007F:D9C4 06 00000000:00000000 03:00000B5C 00000000     0        0 0 3 0000000000000000                                      
  11: 0100007F:E05E 0100007F:22A9 06 00000000:00000000 03:00001698 00000000     0        0 0 3 0000000000000000                                      
  12: 0100007F:9E2B 0100007F:ECF4 06 00000000:00000000 03:0000133D 00000000     0        0 0 3 0000000000000000                                      
  13: 0100007F:A36D 0100007F:A454 06 00000000:00000000 03:0000133D 00000000     0        0 0 3 0000000000000000                                      
  14: 0100007F:E068 0100007F:22A9 06 00000000:00000000 03:00001699 00000000     0        0 0 3 0000000000000000                                      
  15: 0100007F:84EB 0100007F:E676 06 00000000:00000000 03:00000B5C 00000000     0        0 0 3 0000000000000000                                      
  16: 1500FEA9:A284 DBA942AC:01BB 06 00000000:00000000 03:0000111D 00000000     0        0 0 3 0000000000000000                                      
  17: 0100007F:A4E7 0100007F:9CC2 06 00000000:00000000 03:000014E2 00000000     0        0 0 3 0000000000000000                                      
  18: 0100007F:9A19 0100007F:A43E 06 00000000:00000000 03:00001463 00000000     0        0 0 3 0000000000000000                                      
  19: 0100007F:A767 0100007F:D52E 06 00000000:00000000 03:000014E2 00000000     0        0 0 3 0000000000000000                                      
1791335358.1280456
  sl  local_address rem_address   st tx_queue rx_queue tr tm->when retrnsmt   uid  timeout inode                                                     
   0: 3500007F:0035 00000000:0000 0A 00000000:00000000 00:00000000 00000000   102        0 12728 1 0000000000000000 100 0 0 10 5                     
   1: 00000000:006F 00000000:0000 0A 00000000:00000000 00:00000000 00000000     0        0 11541 1 0000000000000000 100 0 0 10 0                     
   2: 0100007F:AAB1 0100007F:8ACE 06 00000000:00000000 03:0000147E 00000000     0        0 0 3 0000000000000000                                      
   3: 1500FEA9:CD48 3F15AD03:01BB 01 00000000:00000000 00:00000000 00000000  1001        0 592406 1 0000000000000000 20 4 30 16 -1                   
   4: 0100007F:ABB7 0100007F:D020 06 00000000:00000000 03:0000147E 00000000     0        0 0 3 0000000000000000                                      
   5: 0100007F:84EB 0100007F:E66E 06 00000000:00000000 03:00000AF8 00000000     0        0 0 3 0000000000000000                                      
   6: 0100007F:9403 0100007F:BF3C 06 00000000:00000000 03:000014F7 00000000     0        0 0 3 0000000000000000                                      
   7: 0100007F:9CC2 0100007F:A4E7 06 00000000:00000000 03:0000147E 00000000     0        0 0 3 0000000000000000                                      
   8: 0100007F:A43E 0100007F:9A19 06 00000000:00000000 03:000013FF 00000000     0        0 0 3 0000000000000000                                      
   9: 0100007F:94A3 0100007F:A9D2 06 00000000:00000000 03:0000147E 00000000     0        0 0 3 0000000000000000                                      
  10: 0100007F:A62F 0100007F:D9C4 06 00000000:00000000 03:00000AF8 00000000     0        0 0 3 0000000000000000                                      
  11: 0100007F:E05E 0100007F:22A9 06 00000000:00000000 03:00001634 00000000     0        0 0 3 0000000000000000                                      
  12: 0100007F:9E2B 0100007F:ECF4 06 00000000:00000000 03:000012D9 00000000     0        0 0 3 0000000000000000                                      
  13: 0100007F:A36D 0100007F:A454 06 00000000:00000000 03:000012D9 00000000     0        0 0 3 0000000000000000                                      
  14: 0100007F:E068 0100007F:22A9 06 00000000:00000000 03:00001635 00000000     0        0 0 3 0000000000000000                                      
  15: 0100007F:84EB 0100007F:E676 06 00000000:00000000 03:00000AF8 00000000     0        0 0 3 0000000000000000                                      
  16: 1500FEA9:A284 DBA942AC:01BB 06 00000000:00000000 03:000010B9 00000000     0        0 0 3 0000000000000000                                      
  17: 0100007F:A4E7 0100007F:9CC2 06 00000000:00000000 03:0000147E 00000000     0        0 0 3 0000000000000000                                      
  18: 0100007F:9A19 0100007F:A43E 06 00000000:00000000 03:000013FF 00000000     0        0 0 3 0000000000000000                                      
  19: 0100007F:A767 0100007F:D52E 06 00000000:00000000 03:0000147E 00000000     0        0 0 3 0000000000000000                                      
1791335359.1291788
  sl  local_address rem_address   st tx_queue rx_queue tr tm->when retrnsmt   uid  timeout inode                                                     
   0: 3500007F:0035 00000000:0000 0A 00000000:00000000 00:00000000 00000000   102        0 12728 1 0000000000000000 100 0 0 10 5                     
   1: 00000000:006F 00000000:0000 0A 00000000:00000000 00:00000000 00000000     0        0 11541 1 0000000000000000 100 0 0 10 0                     
   2: 0100007F:AAB1 0100007F:8ACE 06 00000000:00000000 03:0000141A 00000000     0        0 0 3 0000000000000000                                      
   3: 1500FEA9:CD48 3F15AD03:01BB 01 00000000:00000000 00:00000000 00000000  1001        0 592406 1 0000000000000000 20 4 30 16 -1                   
   4: 0100007F:ABB7 0100007F:D020 06 00000000:00000000 03:0000141A 00000000     0        0 0 3 0000000000000000                                      
   5: 0100007F:84EB 0100007F:E66E 06 00000000:00000000 03:00000A94 00000000     0        0 0 3 0000000000000000                                      
   6: 0100007F:9403 0100007F:BF3C 06 00000000:00000000 03:00001493 00000000     0        0 0 3 0000000000000000                                      
   7: 0100007F:9CC2 0100007F:A4E7 06 00000000:00000000 03:0000141A 00000000     0        0 0 3 0000000000000000                                      
   8: 0100007F:A43E 0100007F:9A19 06 00000000:00000000 03:0000139B 00000000     0        0 0 3 0000000000000000                                      
   9: 0100007F:94A3 0100007F:A9D2 06 00000000:00000000 03:0000141A 00000000     0        0 0 3 0000000000000000                                      
  10: 0100007F:A62F 0100007F:D9C4 06 00000000:00000000 03:00000A94 00000000     0        0 0 3 0000000000000000                                      
  11: 0100007F:E05E 0100007F:22A9 06 00000000:00000000 03:000015D0 00000000     0        0 0 3 0000000000000000                                      
  12: 0100007F:9E2B 0100007F:ECF4 06 00000000:00000000 03:00001275 00000000     0        0 0 3 0000000000000000                                      
  13: 0100007F:A36D 0100007F:A454 06 00000000:00000000 03:00001275 00000000     0        0 0 3 0000000000000000                                      
  14: 0100007F:E068 0100007F:22A9 06 00000000:00000000 03:000015D1 00000000     0        0 0 3 0000000000000000                                      
  15: 0100007F:84EB 0100007F:E676 06 00000000:00000000 03:00000A94 00000000     0        0 0 3 0000000000000000                                      
  16: 1500FEA9:A284 DBA942AC:01BB 06 00000000:00000000 03:00001055 00000000     0        0 0 3 0000000000000000                                      
  17: 0100007F:A4E7 0100007F:9CC2 06 00000000:00000000 03:0000141A 00000000     0        0 0 3 0000000000000000                                      
  18: 0100007F:9A19 0100007F:A43E 06 00000000:00000000 03:0000139B 00000000     0        0 0 3 0000000000000000                                      
  19: 0100007F:A767 0100007F:D52E 06 00000000:00000000 03:0000141A 00000000     0        0 0 3 0000000000000000                                      
1791335360.1310964
  sl  local_address rem_address   st tx_queue rx_queue tr tm->when retrnsmt   uid  timeout inode                                                     
   0: 3500007F:0035 00000000:0000 0A 00000000:00000000 00:00000000 00000000   102        0 12728 1 0000000000000000 100 0 0 10 5                     
   1: 00000000:006F 00000000:0000 0A 00000000:00000000 00:00000000 00000000     0        0 11541 1 0000000000000000 100 0 0 10 0                     
   2: 0100007F:AAB1 0100007F:8ACE 06 00000000:00000000 03:000013B5 00000000     0        0 0 3 0000000000000000                                      
   3: 1500FEA9:CD48 3F15AD03:01BB 01 00000000:00000000 00:00000000 00000000  1001        0 592406 1 0000000000000000 20 4 30 16 -1                   
   4: 0100007F:ABB7 0100007F:D020 06 00000000:00000000 03:000013B5 00000000     0        0 0 3 0000000000000000                                      
   5: 0100007F:84EB 0100007F:E66E 06 00000000:00000000 03:00000A2F 00000000     0        0 0 3 0000000000000000                                      
   6: 0100007F:9403 0100007F:BF3C 06 00000000:00000000 03:0000142E 00000000     0        0 0 3 0000000000000000                                      
   7: 0100007F:9CC2 0100007F:A4E7 06 00000000:00000000 03:000013B5 00000000     0        0 0 3 0000000000000000                                      
   8: 0100007F:A43E 0100007F:9A19 06 00000000:00000000 03:00001336 00000000     0        0 0 3 0000000000000000                                      
   9: 0100007F:94A3 0100007F:A9D2 06 00000000:00000000 03:000013B5 00000000     0        0 0 3 0000000000000000                                      
  10: 0100007F:A62F 0100007F:D9C4 06 00000000:00000000 03:00000A2F 00000000     0        0 0 3 0000000000000000                                      
  11: 0100007F:E05E 0100007F:22A9 06 00000000:00000000 03:0000156B 00000000     0        0 0 3 0000000000000000                                      
  12: 0100007F:9E2B 0100007F:ECF4 06 00000000:00000000 03:00001210 00000000     0        0 0 3 0000000000000000                                      
  13: 0100007F:A36D 0100007F:A454 06 00000000:00000000 03:00001210 00000000     0        0 0 3 0000000000000000                                      
  14: 0100007F:E068 0100007F:22A9 06 00000000:00000000 03:0000156C 00000000     0        0 0 3 0000000000000000                                      
  15: 0100007F:84EB 0100007F:E676 06 00000000:00000000 03:00000A2F 00000000     0        0 0 3 0000000000000000                                      
  16: 1500FEA9:A284 DBA942AC:01BB 06 00000000:00000000 03:00000FF0 00000000     0        0 0 3 0000000000000000                                      
  17: 0100007F:A4E7 0100007F:9CC2 06 00000000:00000000 03:000013B5 00000000     0        0 0 3 0000000000000000                                      
  18: 0100007F:9A19 0100007F:A43E 06 00000000:00000000 03:00001336 00000000     0        0 0 3 0000000000000000                                      
  19: 0100007F:A767 0100007F:D52E 06 00000000:00000000 03:000013B5 00000000     0        0 0 3 0000000000000000                                      
1791335361.1312377
  sl  local_address rem_address   st tx_queue rx_queue tr tm->when retrnsmt   uid  timeout inode                                                     
   0: 3500007F:0035 00000000:0000 0A 00000000:00000000 00:00000000 00000000   102        0 12728 1 0000000000000000 100 0 0 10 5                     
   1: 00000000:006F 00000000:0000 0A 00000000:00000000 00:00000000 00000000     0        0 11541 1 0000000000000000 100 0 0 10 0                     
   2: 0100007F:AAB1 0100007F:8ACE 06 00000000:00000000 03:00001352 00000000     0        0 0 3 0000000000000000                                      
   3: 1500FEA9:CD48 3F15AD03:01BB 01 00000000:00000000 00:00000000 00000000  1001        0 592406 1 0000000000000000 20 4 30 16 -1                   
   4: 0100007F:ABB7 0100007F:D020 06 00000000:00000000 03:00001351 00000000     0        0 0 3 0000000000000000                                      
   5: 0100007F:84EB 0100007F:E66E 06 00000000:00000000 03:000009CB 00000000     0        0 0 3 0000000000000000                                      
   6: 0100007F:9403 0100007F:BF3C 06 00000000:00000000 03:000013CA 00000000     0        0 0 3 0000000000000000                                      
   7: 0100007F:9CC2 0100007F:A4E7 06 00000000:00000000 03:00001351 00000000     0        0 0 3 0000000000000000                                      
   8: 0100007F:A43E 0100007F:9A19 06 00000000:00000000 03:000012D2 00000000     0        0 0 3 0000000000000000                                      
   9: 0100007F:94A3 0100007F:A9D2 06 00000000:00000000 03:00001351 00000000     0        0 0 3 0000000000000000                                      
  10: 0100007F:A62F 0100007F:D9C4 06 00000000:00000000 03:000009CB 00000000     0        0 0 3 0000000000000000                                      
  11: 0100007F:E05E 0100007F:22A9 06 00000000:00000000 03:00001507 00000000     0        0 0 3 0000000000000000                                      
  12: 0100007F:9E2B 0100007F:ECF4 06 00000000:00000000 03:000011AC 00000000     0        0 0 3 0000000000000000                                      
  13: 0100007F:A36D 0100007F:A454 06 00000000:00000000 03:000011AC 00000000     0        0 0 3 0000000000000000                                      
  14: 0100007F:E068 0100007F:22A9 06 00000000:00000000 03:00001508 00000000     0        0 0 3 0000000000000000                                      
  15: 0100007F:84EB 0100007F:E676 06 00000000:00000000 03:000009CB 00000000     0        0 0 3 0000000000000000                                      
  16: 1500FEA9:A284 DBA942AC:01BB 06 00000000:00000000 03:00000F8C 00000000     0        0 0 3 0000000000000000                                      
  17: 0100007F:A4E7 0100007F:9CC2 06 00000000:00000000 03:00001351 00000000     0        0 0 3 0000000000000000                                      
  18: 0100007F:9A19 0100007F:A43E 06 00000000:00000000 03:000012D2 00000000     0        0 0 3 0000000000000000                                      
  19: 0100007F:A767 0100007F:D52E 06 00000000:00000000 03:00001352 00000000     0        0 0 3 0000000000000000                                      
1791335362.1326067
  sl  local_address rem_address   st tx_queue rx_queue tr tm->when retrnsmt   uid  timeout inode                                                     
   0: 3500007F:0035 00000000:0000 0A 00000000:00000000 00:00000000 00000000   102        0 12728 1 0000000000000000 100 0 0 10 5                     
   1: 00000000:006F 00000000:0000 0A 00000000:00000000 00:00000000 00000000     0        0 11541 1 0000000000000000 100 0 0 10 0                     
   2: 0100007F:AAB1 0100007F:8ACE 06 00000000:00000000 03:000012EE 00000000     0        0 0 3 0000000000000000                                      
   3: 1500FEA9:CD48 3F15AD03:01BB 01 00000000:00000000 00:00000000 00000000  1001        0 592406 1 0000000000000000 20 4 30 16 -1                   
   4: 0100007F:ABB7 0100007F:D020 06 00000000:00000000 03:000012EE 00000000     0        0 0 3 0000000000000000                                      
   5: 0100007F:84EB 0100007F:E66E 06 00000000:00000000 03:00000968 00000000     0        0 0 3 0000000000000000                                      
   6: 0100007F:9403 0100007F:BF3C 06 00000000:00000000 03:00001366 00000000     0        0 0 3 0000000000000000                                      
   7: 0100007F:9CC2 0100007F:A4E7 06 00000000:00000000 03:000012EE 00000000     0        0 0 3 0000000000000000                                      
   8: 0100007F:A43E 0100007F:9A19 06 00000000:00000000 03:0000126E 00000000     0        0 0 3 0000000000000000                                      
   9: 0100007F:94A3 0100007F:A9D2 06 00000000:00000000 03:000012EE 00000000     0        0 0 3 0000000000000000                                      
  10: 0100007F:A62F 0100007F:D9C4 06 00000000:00000000 03:00000968 00000000     0        0 0 3 0000000000000000                                      
  11: 0100007F:E05E 0100007F:22A9 06 00000000:00000000 03:000014A4 00000000     0        0 0 3 0000000000000000                                      
  12: 0100007F:9E2B 0100007F:ECF4 06 00000000:00000000 03:00001148 00000000     0        0 0 3 0000000000000000                                      
  13: 0100007F:A36D 0100007F:A454 06 00000000:00000000 03:00001148 00000000     0        0 0 3 0000000000000000                                      
  14: 0100007F:E068 0100007F:22A9 06 00000000:00000000 03:000014A4 00000000     0        0 0 3 0000000000000000                                      
  15: 0100007F:84EB 0100007F:E676 06 00000000:00000000 03:00000968 00000000     0        0 0 3 0000000000000000                                      
  16: 1500FEA9:A284 DBA942AC:01BB 06 00000000:00000000 03:00000F28 00000000     0        0 0 3 0000000000000000                                      
  17: 0100007F:A4E7 0100007F:9CC2 06 00000000:00000000 03:000012EE 00000000     0        0 0 3 0000000000000000                                      
  18: 0100007F:9A19 0100007F:A43E 06 00000000:00000000 03:0000126E 00000000     0        0 0 3 0000000000000000                                      
  19: 0100007F:A767 0100007F:D52E 06 00000000:00000000 03:000012EE 00000000     0        0 0 3 0000000000000000                                      
1791335363.1338067
  sl  local_address rem_address   st tx_queue rx_queue tr tm->when retrnsmt   uid  timeout inode                                                     
   0: 3500007F:0035 00000000:0000 0A 00000000:00000000 00:00000000 00000000   102        0 12728 1 0000000000000000 100 0 0 10 5                     
   1: 00000000:006F 00000000:0000 0A 00000000:00000000 00:00000000 00000000     0        0 11541 1 0000000000000000 100 0 0 10 0                     
   2: 0100007F:AAB1 0100007F:8ACE 06 00000000:00000000 03:0000128A 00000000     0        0 0 3 0000000000000000                                      
   3: 1500FEA9:CD48 3F15AD03:01BB 01 00000000:00000000 00:00000000 00000000  1001        0 592406 1 0000000000000000 20 4 30 16 -1                   
   4: 0100007F:ABB7 0100007F:D020 06 00000000:00000000 03:00001289 00000000     0        0 0 3 0000000000000000                                      
   5: 0100007F:84EB 0100007F:E66E 06 00000000:00000000 03:00000903 00000000     0        0 0 3 0000000000000000                                      
   6: 0100007F:9403 0100007F:BF3C 06 00000000:00000000 03:00001302 00000000     0        0 0 3 0000000000000000                                      
   7: 0100007F:9CC2 0100007F:A4E7 06 00000000:00000000 03:00001289 00000000     0        0 0 3 0000000000000000                                      
   8: 0100007F:A43E 0100007F:9A19 06 00000000:00000000 03:0000120A 00000000     0        0 0 3 0000000000000000                                      
   9: 0100007F:94A3 0100007F:A9D2 06 00000000:00000000 03:00001289 00000000     0        0 0 3 0000000000000000                                      
  10: 0100007F:A62F 0100007F:D9C4 06 00000000:00000000 03:00000903 00000000     0        0 0 3 0000000000000000                                      
  11: 0100007F:E05E 0100007F:22A9 06 00000000:00000000 03:0000143F 00000000     0        0 0 3 0000000000000000                                      
  12: 0100007F:9E2B 0100007F:ECF4 06 00000000:00000000 03:000010E4 00000000     0        0 0 3 0000000000000000                                      
  13: 0100007F:A36D 0100007F:A454 06 00000000:00000000 03:000010E4 00000000     0        0 0 3 0000000000000000                                      
  14: 0100007F:E068 0100007F:22A9 06 00000000:00000000 03:00001440 00000000     0        0 0 3 0000000000000000                                      
  15: 0100007F:84EB 0100007F:E676 06 00000000:00000000 03:00000903 00000000     0        0 0 3 0000000000000000                                      
  16: 1500FEA9:A284 DBA942AC:01BB 06 00000000:00000000 03:00000EC4 00000000     0        0 0 3 0000000000000000                                      
  17: 0100007F:A4E7 0100007F:9CC2 06 00000000:00000000 03:00001289 00000000     0        0 0 3 0000000000000000                                      
  18: 0100007F:9A19 0100007F:A43E 06 00000000:00000000 03:0000120A 00000000     0        0 0 3 0000000000000000                                      
  19: 0100007F:A767 0100007F:D52E 06 00000000:00000000 03:0000128A 00000000     0        0 0 3 0000000000000000                                      
1791335364.1349351
  sl  local_address rem_address   st tx_queue rx_queue tr tm->when retrnsmt   uid  timeout inode                                                     
   0: 0100007F:8DB9 00000000:0000 0A 00000000:00000000 00:00000000 00000000  1001        0 669577 1 0000000000000000 100 0 0 10 0                    
   1: 3500007F:0035 00000000:0000 0A 00000000:00000000 00:00000000 00000000   102        0 12728 1 0000000000000000 100 0 0 10 5                     
   2: 0100007F:A81B 00000000:0000 0A 00000000:00000000 00:00000000 00000000  1001        0 669578 1 0000000000000000 100 0 0 10 0                    
   3: 1500FEA9:A81B 00000000:0000 0A 00000000:00000000 00:00000000 00000000     0        0 669605 1 0000000000000000 100 0 0 10 0                    
   4: 1500FEA9:8DB9 00000000:0000 0A 00000000:00000000 00:00000000 00000000     0        0 670365 1 0000000000000000 100 0 0 10 0                    
   5: 00000000:006F 00000000:0000 0A 00000000:00000000 00:00000000 00000000     0        0 11541 1 0000000000000000 100 0 0 10 0                     
   6: 0100007F:AAB1 0100007F:8ACE 06 00000000:00000000 03:00001226 00000000     0        0 0 3 0000000000000000                                      
   7: 1500FEA9:CD48 3F15AD03:01BB 01 00000000:00000000 00:00000000 00000000  1001        0 592406 1 0000000000000000 20 4 30 16 -1                   
   8: 0100007F:A81B 0100007F:B12E 06 00000000:00000000 03:00001758 00000000     0        0 0 3 0000000000000000                                      
   9: 0100007F:ABB7 0100007F:D020 06 00000000:00000000 03:00001225 00000000     0        0 0 3 0000000000000000                                      
  10: 0100007F:84EB 0100007F:E66E 06 00000000:00000000 03:0000089F 00000000     0        0 0 3 0000000000000000                                      
  11: 0100007F:9403 0100007F:BF3C 06 00000000:00000000 03:0000129E 00000000     0        0 0 3 0000000000000000                                      
  12: 0100007F:9CC2 0100007F:A4E7 06 00000000:00000000 03:00001225 00000000     0        0 0 3 0000000000000000                                      
  13: 0100007F:A43E 0100007F:9A19 06 00000000:00000000 03:000011A6 00000000     0        0 0 3 0000000000000000                                      
  14: 0100007F:94A3 0100007F:A9D2 06 00000000:00000000 03:00001225 00000000     0        0 0 3 0000000000000000                                      
  15: 0100007F:A62F 0100007F:D9C4 06 00000000:00000000 03:0000089F 00000000     0        0 0 3 0000000000000000                                      
  16: 0100007F:E05E 0100007F:22A9 06 00000000:00000000 03:000013DB 00000000     0        0 0 3 0000000000000000                                      
  17: 0100007F:9E2B 0100007F:ECF4 06 00000000:00000000 03:00001080 00000000     0        0 0 3 0000000000000000                                      
  18: 0100007F:DCBA 0100007F:8DB9 06 00000000:00000000 03:00001758 00000000     0        0 0 3 0000000000000000                                      
  19: 0100007F:A36D 0100007F:A454 06 00000000:00000000 03:00001080 00000000     0        0 0 3 0000000000000000                                      
  20: 0100007F:E068 0100007F:22A9 06 00000000:00000000 03:000013DC 00000000     0        0 0 3 0000000000000000                                      
  21: 0100007F:84EB 0100007F:E676 06 00000000:00000000 03:0000089F 00000000     0        0 0 3 0000000000000000                                      
  22: 1500FEA9:A284 DBA942AC:01BB 06 00000000:00000000 03:00000E60 00000000     0        0 0 3 0000000000000000                                      
  23: 0100007F:A4E7 0100007F:9CC2 06 00000000:00000000 03:00001225 00000000     0        0 0 3 0000000000000000                                      
  24: 0100007F:9A19 0100007F:A43E 06 00000000:00000000 03:000011A6 00000000     0        0 0 3 0000000000000000                                      
  25: 0100007F:A767 0100007F:D52E 06 00000000:00000000 03:00001226 00000000     0        0 0 3 0000000000000000                                      
1791335365.136057
  sl  local_address rem_address   st tx_queue rx_queue tr tm->when retrnsmt   uid  timeout inode                                                     
   0: 0100007F:8DB9 00000000:0000 0A 00000000:00000000 00:00000000 00000000  1001        0 669577 1 0000000000000000 100 0 0 10 0                    
   1: 3500007F:0035 00000000:0000 0A 00000000:00000000 00:00000000 00000000   102        0 12728 1 0000000000000000 100 0 0 10 5                     
   2: 0100007F:A81B 00000000:0000 0A 00000000:00000000 00:00000000 00000000  1001        0 669578 1 0000000000000000 100 0 0 10 0                    
   3: 1500FEA9:A81B 00000000:0000 0A 00000000:00000000 00:00000000 00000000     0        0 669605 1 0000000000000000 100 0 0 10 0                    
   4: 1500FEA9:8DB9 00000000:0000 0A 00000000:00000000 00:00000000 00000000     0        0 670365 1 0000000000000000 100 0 0 10 0                    
   5: 00000000:006F 00000000:0000 0A 00000000:00000000 00:00000000 00000000     0        0 11541 1 0000000000000000 100 0 0 10 0                     
   6: 0100007F:AAB1 0100007F:8ACE 06 00000000:00000000 03:000011C2 00000000     0        0 0 3 0000000000000000                                      
   7: 1500FEA9:CD48 3F15AD03:01BB 01 00000000:00000000 00:00000000 00000000  1001        0 592406 1 0000000000000000 20 4 30 16 -1                   
   8: 0100007F:A81B 0100007F:B12E 06 00000000:00000000 03:000016F4 00000000     0        0 0 3 0000000000000000                                      
   9: 0100007F:ABB7 0100007F:D020 06 00000000:00000000 03:000011C1 00000000     0        0 0 3 0000000000000000                                      
  10: 0100007F:84EB 0100007F:E66E 06 00000000:00000000 03:0000083B 00000000     0        0 0 3 0000000000000000                                      
  11: 0100007F:9403 0100007F:BF3C 06 00000000:00000000 03:0000123A 00000000     0        0 0 3 0000000000000000                                      
  12: 0100007F:9CC2 0100007F:A4E7 06 00000000:00000000 03:000011C1 00000000     0        0 0 3 0000000000000000                                      
  13: 0100007F:A43E 0100007F:9A19 06 00000000:00000000 03:00001142 00000000     0        0 0 3 0000000000000000                                      
  14: 0100007F:94A3 0100007F:A9D2 06 00000000:00000000 03:000011C1 00000000     0        0 0 3 0000000000000000                                      
  15: 0100007F:A62F 0100007F:D9C4 06 00000000:00000000 03:0000083B 00000000     0        0 0 3 0000000000000000                                      
  16: 0100007F:E05E 0100007F:22A9 06 00000000:00000000 03:00001377 00000000     0        0 0 3 0000000000000000                                      
  17: 0100007F:A81B 0100007F:809A 06 00000000:00000000 03:00001758 00000000     0        0 0 3 0000000000000000                                      
  18: 0100007F:9E2B 0100007F:ECF4 06 00000000:00000000 03:0000101C 00000000     0        0 0 3 0000000000000000                                      
  19: 0100007F:DCBA 0100007F:8DB9 06 00000000:00000000 03:000016F4 00000000     0        0 0 3 0000000000000000                                      
  20: 0100007F:A36D 0100007F:A454 06 00000000:00000000 03:0000101C 00000000     0        0 0 3 0000000000000000                                      
  21: 0100007F:E068 0100007F:22A9 06 00000000:00000000 03:00001378 00000000     0        0 0 3 0000000000000000                                      
  22: 0100007F:84EB 0100007F:E676 06 00000000:00000000 03:0000083B 00000000     0        0 0 3 0000000000000000                                      
  23: 1500FEA9:A284 DBA942AC:01BB 06 00000000:00000000 03:00000DFC 00000000     0        0 0 3 0000000000000000                                      
  24: 0100007F:A4E7 0100007F:9CC2 06 00000000:00000000 03:000011C1 00000000     0        0 0 3 0000000000000000                                      
  25: 0100007F:9A19 0100007F:A43E 06 00000000:00000000 03:00001142 00000000     0        0 0 3 0000000000000000                                      
  26: 0100007F:A767 0100007F:D52E 06 00000000:00000000 03:000011C2 00000000     0        0 0 3 0000000000000000                                      
1791335366.1373496
  sl  local_address rem_address   st tx_queue rx_queue tr tm->when retrnsmt   uid  timeout inode                                                     
   0: 0100007F:8DB9 00000000:0000 0A 00000000:00000000 00:00000000 00000000  1001        0 669577 1 0000000000000000 100 0 0 10 0                    
   1: 3500007F:0035 00000000:0000 0A 00000000:00000000 00:00000000 00000000   102        0 12728 1 0000000000000000 100 0 0 10 5                     
   2: 0100007F:A81B 00000000:0000 0A 00000000:00000000 00:00000000 00000000  1001        0 669578 1 0000000000000000 100 0 0 10 0                    
   3: 1500FEA9:A81B 00000000:0000 0A 00000000:00000000 00:00000000 00000000     0        0 669605 1 0000000000000000 100 0 0 10 0                    
   4: 1500FEA9:8DB9 00000000:0000 0A 00000000:00000000 00:00000000 00000000     0        0 670365 1 0000000000000000 100 0 0 10 0                    
   5: 00000000:006F 00000000:0000 0A 00000000:00000000 00:00000000 00000000     0        0 11541 1 0000000000000000 100 0 0 10 0                     
   6: 0100007F:AAB1 0100007F:8ACE 06 00000000:00000000 03:0000115E 00000000     0        0 0 3 0000000000000000                                      
   7: 1500FEA9:CD48 3F15AD03:01BB 01 00000000:00000000 00:00000000 00000000  1001        0 592406 1 0000000000000000 20 4 30 16 -1                   
   8: 0100007F:A81B 0100007F:B12E 06 00000000:00000000 03:00001690 00000000     0        0 0 3 0000000000000000                                      
   9: 0100007F:ABB7 0100007F:D020 06 00000000:00000000 03:0000115D 00000000     0        0 0 3 0000000000000000                                      
  10: 0100007F:84EB 0100007F:E66E 06 00000000:00000000 03:000007D7 00000000     0        0 0 3 0000000000000000                                      
  11: 0100007F:9403 0100007F:BF3C 06 00000000:00000000 03:000011D6 00000000     0        0 0 3 0000000000000000                                      
  12: 0100007F:9CC2 0100007F:A4E7 06 00000000:00000000 03:0000115D 00000000     0        0 0 3 0000000000000000                                      
  13: 0100007F:A43E 0100007F:9A19 06 00000000:00000000 03:000010DE 00000000     0        0 0 3 0000000000000000                                      
  14: 0100007F:94A3 0100007F:A9D2 06 00000000:00000000 03:0000115D 00000000     0        0 0 3 0000000000000000                                      
  15: 0100007F:A62F 0100007F:D9C4 06 00000000:00000000 03:000007D7 00000000     0        0 0 3 0000000000000000                                      
  16: 0100007F:E05E 0100007F:22A9 06 00000000:00000000 03:00001313 00000000     0        0 0 3 0000000000000000                                      
  17: 0100007F:A81B 0100007F:809A 06 00000000:00000000 03:000016F4 00000000     0        0 0 3 0000000000000000                                      
  18: 0100007F:9E2B 0100007F:ECF4 06 00000000:00000000 03:00000FB8 00000000     0        0 0 3 0000000000000000                                      
  19: 0100007F:DCBA 0100007F:8DB9 06 00000000:00000000 03:00001690 00000000     0        0 0 3 0000000000000000                                      
  20: 0100007F:A36D 0100007F:A454 06 00000000:00000000 03:00000FB8 00000000     0        0 0 3 0000000000000000                                      
  21: 0100007F:E068 0100007F:22A9 06 00000000:00000000 03:00001314 00000000     0        0 0 3 0000000000000000                                      
  22: 0100007F:84EB 0100007F:E676 06 00000000:00000000 03:000007D7 00000000     0        0 0 3 0000000000000000                                      
  23: 1500FEA9:A284 DBA942AC:01BB 06 00000000:00000000 03:00000D98 00000000     0        0 0 3 0000000000000000                                      
  24: 0100007F:A4E7 0100007F:9CC2 06 00000000:00000000 03:0000115D 00000000     0        0 0 3 0000000000000000                                      
  25: 0100007F:9A19 0100007F:A43E 06 00000000:00000000 03:000010DE 00000000     0        0 0 3 0000000000000000                                      
  26: 0100007F:A767 0100007F:D52E 06 00000000:00000000 03:0000115E 00000000     0        0 0 3 0000000000000000                                      
1791335367.1384697
  sl  local_address rem_address   st tx_queue rx_queue tr tm->when retrnsmt   uid  timeout inode                                                     
   0: 0100007F:8DB9 00000000:0000 0A 00000000:00000000 00:00000000 00000000  1001        0 669577 1 0000000000000000 100 0 0 10 0                    
   1: 1500FEA9:9E91 00000000:0000 0A 00000000:00000000 00:00000000 00000000     0        0 670539 1 0000000000000000 100 0 0 10 0                    
   2: 1500FEA9:9EF7 00000000:0000 0A 00000000:00000000 00:00000000 00000000     0        0 669647 1 0000000000000000 100 0 0 10 0                    
   3: 3500007F:0035 00000000:0000 0A 00000000:00000000 00:00000000 00000000   102        0 12728 1 0000000000000000 100 0 0 10 5                     
   4: 0100007F:9EF7 00000000:0000 0A 00000000:00000000 00:00000000 00000000  1001        0 670522 1 0000000000000000 100 0 0 10 0                    
   5: 0100007F:9E91 00000000:0000 0A 00000000:00000000 00:00000000 00000000  1001        0 669640 1 0000000000000000 100 0 0 10 0                    
   6: 1500FEA9:8DB9 00000000:0000 0A 00000000:00000000 00:00000000 00000000     0        0 670365 1 0000000000000000 100 0 0 10 0                    
   7: 00000000:006F 00000000:0000 0A 00000000:00000000 00:00000000 00000000     0        0 11541 1 0000000000000000 100 0 0 10 0                     
   8: 0100007F:9E91 0100007F:DF3C 06 00000000:00000000 03:00001758 00000000     0        0 0 3 0000000000000000                                      
   9: 0100007F:AAB1 0100007F:8ACE 06 00000000:00000000 03:000010F9 00000000     0        0 0 3 0000000000000000                                      
  10: 1500FEA9:CD48 3F15AD03:01BB 01 00000000:00000000 00:00000000 00000000  1001        0 592406 1 0000000000000000 20 4 30 16 -1                   
  11: 0100007F:A81B 0100007F:B12E 06 00000000:00000000 03:0000162C 00000000     0        0 0 3 0000000000000000                                      
  12: 0100007F:ABB7 0100007F:D020 06 00000000:00000000 03:000010F9 00000000     0        0 0 3 0000000000000000                                      
  13: 0100007F:84EB 0100007F:E66E 06 00000000:00000000 03:00000773 00000000     0        0 0 3 0000000000000000                                      
  14: 0100007F:9EF7 0100007F:CB4C 06 00000000:00000000 03:00001758 00000000     0        0 0 3 0000000000000000                                      
  15: 0100007F:9403 0100007F:BF3C 06 00000000:00000000 03:00001172 00000000     0        0 0 3 0000000000000000                                      
  16: 0100007F:9CC2 0100007F:A4E7 06 00000000:00000000 03:000010F9 00000000     0        0 0 3 0000000000000000                                      
  17: 0100007F:A43E 0100007F:9A19 06 00000000:00000000 03:0000107A 00000000     0        0 0 3 0000000000000000                                      
  18: 0100007F:94A3 0100007F:A9D2 06 00000000:00000000 03:000010F9 00000000     0        0 0 3 0000000000000000                                      
  19: 0100007F:A62F 0100007F:D9C4 06 00000000:00000000 03:00000773 00000000     0        0 0 3 0000000000000000                                      
  20: 0100007F:E05E 0100007F:22A9 06 00000000:00000000 03:000012AF 00000000     0        0 0 3 0000000000000000                                      
  21: 0100007F:A81B 0100007F:809A 06 00000000:00000000 03:00001690 00000000     0        0 0 3 0000000000000000                                      
  22: 0100007F:9E2B 0100007F:ECF4 06 00000000:00000000 03:00000F54 00000000     0        0 0 3 0000000000000000                                      
  23: 0100007F:DCBA 0100007F:8DB9 06 00000000:00000000 03:0000162C 00000000     0        0 0 3 0000000000000000                                      
  24: 0100007F:A36D 0100007F:A454 06 00000000:00000000 03:00000F54 00000000     0        0 0 3 0000000000000000                                      
  25: 0100007F:E068 0100007F:22A9 06 00000000:00000000 03:000012B0 00000000     0        0 0 3 0000000000000000                                      
  26: 0100007F:84EB 0100007F:E676 06 00000000:00000000 03:00000773 00000000     0        0 0 3 0000000000000000                                      
  27: 0100007F:9E91 0100007F:DF38 06 00000000:00000000 03:00001758 00000000     0        0 0 3 0000000000000000                                      
  28: 1500FEA9:A284 DBA942AC:01BB 06 00000000:00000000 03:00000D34 00000000     0        0 0 3 0000000000000000                                      
  29: 0100007F:A4E7 0100007F:9CC2 06 00000000:00000000 03:000010F9 00000000     0        0 0 3 0000000000000000                                      
  30: 0100007F:A81B 0100007F:809E 06 00000000:00000000 03:00001758 00000000     0        0 0 3 0000000000000000                                      
  31: 0100007F:9A19 0100007F:A43E 06 00000000:00000000 03:0000107A 00000000     0        0 0 3 0000000000000000                                      
  32: 0100007F:A767 0100007F:D52E 06 00000000:00000000 03:000010F9 00000000     0        0 0 3 0000000000000000                                      
1791335368.1396477
  sl  local_address rem_address   st tx_queue rx_queue tr tm->when retrnsmt   uid  timeout inode                                                     
   0: 0100007F:8DB9 00000000:0000 0A 00000000:00000000 00:00000000 00000000  1001        0 669577 1 0000000000000000 100 0 0 10 0                    
   1: 1500FEA9:9E91 00000000:0000 0A 00000000:00000000 00:00000000 00000000     0        0 670539 1 0000000000000000 100 0 0 10 0                    
   2: 1500FEA9:9EF7 00000000:0000 0A 00000000:00000000 00:00000000 00000000     0        0 669647 1 0000000000000000 100 0 0 10 0                    
   3: 3500007F:0035 00000000:0000 0A 00000000:00000000 00:00000000 00000000   102        0 12728 1 0000000000000000 100 0 0 10 5                     
   4: 0100007F:9EF7 00000000:0000 0A 00000000:00000000 00:00000000 00000000  1001        0 670522 1 0000000000000000 100 0 0 10 0                    
   5: 0100007F:9E91 00000000:0000 0A 00000000:00000000 00:00000000 00000000  1001        0 669640 1 0000000000000000 100 0 0 10 0                    
   6: 1500FEA9:8DB9 00000000:0000 0A 00000000:00000000 00:00000000 00000000     0        0 670365 1 0000000000000000 100 0 0 10 0                    
   7: 00000000:006F 00000000:0000 0A 00000000:00000000 00:00000000 00000000     0        0 11541 1 0000000000000000 100 0 0 10 0                     
   8: 0100007F:9E91 0100007F:DF3C 06 00000000:00000000 03:000016F4 00000000     0        0 0 3 0000000000000000                                      
   9: 0100007F:AAB1 0100007F:8ACE 06 00000000:00000000 03:00001095 00000000     0        0 0 3 0000000000000000                                      
  10: 1500FEA9:CD48 3F15AD03:01BB 01 00000000:00000000 00:00000000 00000000  1001        0 592406 1 0000000000000000 20 4 30 16 -1                   
  11: 0100007F:A81B 0100007F:B12E 06 00000000:00000000 03:000015C8 00000000     0        0 0 3 0000000000000000                                      
  12: 0100007F:ABB7 0100007F:D020 06 00000000:00000000 03:00001095 00000000     0        0 0 3 0000000000000000                                      
  13: 0100007F:84EB 0100007F:E66E 06 00000000:00000000 03:0000070F 00000000     0        0 0 3 0000000000000000                                      
  14: 0100007F:9EF7 0100007F:CB4C 06 00000000:00000000 03:000016F4 00000000     0        0 0 3 0000000000000000                                      
  15: 0100007F:9403 0100007F:BF3C 06 00000000:00000000 03:0000110E 00000000     0        0 0 3 0000000000000000                                      
  16: 0100007F:9CC2 0100007F:A4E7 06 00000000:00000000 03:00001095 00000000     0        0 0 3 0000000000000000                                      
  17: 0100007F:9EF7 0100007F:CB52 06 00000000:00000000 03:00001759 00000000     0        0 0 3 0000000000000000                                      
  18: 0100007F:A43E 0100007F:9A19 06 00000000:00000000 03:00001016 00000000     0        0 0 3 0000000000000000                                      
  19: 0100007F:94A3 0100007F:A9D2 06 00000000:00000000 03:00001095 00000000     0        0 0 3 0000000000000000                                      
  20: 0100007F:A62F 0100007F:D9C4 06 00000000:00000000 03:0000070F 00000000     0        0 0 3 0000000000000000                                      
  21: 0100007F:E05E 0100007F:22A9 06 00000000:00000000 03:0000124B 00000000     0        0 0 3 0000000000000000                                      
  22: 0100007F:A81B 0100007F:809A 06 00000000:00000000 03:0000162C 00000000     0        0 0 3 0000000000000000                                      
  23: 0100007F:9E2B 0100007F:ECF4 06 00000000:00000000 03:00000EF0 00000000     0        0 0 3 0000000000000000                                      
  24: 0100007F:DCBA 0100007F:8DB9 06 00000000:00000000 03:000015C8 00000000     0        0 0 3 0000000000000000                                      
  25: 0100007F:A36D 0100007F:A454 06 00000000:00000000 03:00000EF0 00000000     0        0 0 3 0000000000000000                                      
  26: 0100007F:E068 0100007F:22A9 06 00000000:00000000 03:0000124C 00000000     0        0 0 3 0000000000000000                                      
  27: 0100007F:84EB 0100007F:E676 06 00000000:00000000 03:0000070F 00000000     0        0 0 3 0000000000000000                                      
  28: 0100007F:9E91 0100007F:DF38 06 00000000:00000000 03:000016F4 00000000     0        0 0 3 0000000000000000                                      
  29: 1500FEA9:A284 DBA942AC:01BB 06 00000000:00000000 03:00000CD0 00000000     0        0 0 3 0000000000000000                                      
  30: 0100007F:A4E7 0100007F:9CC2 06 00000000:00000000 03:00001095 00000000     0        0 0 3 0000000000000000                                      
  31: 0100007F:A81B 0100007F:809E 06 00000000:00000000 03:000016F4 00000000     0        0 0 3 0000000000000000                                      
  32: 0100007F:9A19 0100007F:A43E 06 00000000:00000000 03:00001016 00000000     0        0 0 3 0000000000000000                                      
  33: 0100007F:A767 0100007F:D52E 06 00000000:00000000 03:00001095 00000000     0        0 0 3 0000000000000000                                      
1791335369.1407516
  sl  local_address rem_address   st tx_queue rx_queue tr tm->when retrnsmt   uid  timeout inode                                                     
   0: 3500007F:0035 00000000:0000 0A 00000000:00000000 00:00000000 00000000   102        0 12728 1 0000000000000000 100 0 0 10 5                     
   1: 00000000:006F 00000000:0000 0A 00000000:00000000 00:00000000 00000000     0        0 11541 1 0000000000000000 100 0 0 10 0                     
   2: 0100007F:9E91 0100007F:DF3C 06 00000000:00000000 03:00001690 00000000     0        0 0 3 0000000000000000                                      
   3: 0100007F:AAB1 0100007F:8ACE 06 00000000:00000000 03:00001031 00000000     0        0 0 3 0000000000000000                                      
   4: 1500FEA9:CD48 3F15AD03:01BB 01 00000000:00000000 00:00000000 00000000  1001        0 592406 1 0000000000000000 20 4 30 16 -1                   
   5: 0100007F:A81B 0100007F:B12E 06 00000000:00000000 03:00001564 00000000     0        0 0 3 0000000000000000                                      
   6: 0100007F:ABB7 0100007F:D020 06 00000000:00000000 03:00001031 00000000     0        0 0 3 0000000000000000                                      
   7: 0100007F:84EB 0100007F:E66E 06 00000000:00000000 03:000006AB 00000000     0        0 0 3 0000000000000000                                      
   8: 0100007F:9EF7 0100007F:CB4C 06 00000000:00000000 03:00001690 00000000     0        0 0 3 0000000000000000                                      
   9: 0100007F:9403 0100007F:BF3C 06 00000000:00000000 03:000010AA 00000000     0        0 0 3 0000000000000000                                      
  10: 0100007F:9CC2 0100007F:A4E7 06 00000000:00000000 03:00001031 00000000     0        0 0 3 0000000000000000                                      
  11: 0100007F:9EF7 0100007F:CB52 06 00000000:00000000 03:000016F5 00000000     0        0 0 3 0000000000000000                                      
  12: 0100007F:A43E 0100007F:9A19 06 00000000:00000000 03:00000FB2 00000000     0        0 0 3 0000000000000000                                      
  13: 0100007F:94A3 0100007F:A9D2 06 00000000:00000000 03:00001031 00000000     0        0 0 3 0000000000000000                                      
  14: 0100007F:A62F 0100007F:D9C4 06 00000000:00000000 03:000006AB 00000000     0        0 0 3 0000000000000000                                      
  15: 0100007F:E05E 0100007F:22A9 06 00000000:00000000 03:000011E7 00000000     0        0 0 3 0000000000000000                                      
  16: 0100007F:A81B 0100007F:809A 06 00000000:00000000 03:000015C8 00000000     0        0 0 3 0000000000000000                                      
  17: 0100007F:9E2B 0100007F:ECF4 06 00000000:00000000 03:00000E8C 00000000     0        0 0 3 0000000000000000                                      
  18: 0100007F:9EF7 0100007F:CB58 06 00000000:00000000 03:00001759 00000000     0        0 0 3 0000000000000000                                      
  19: 0100007F:DCBA 0100007F:8DB9 06 00000000:00000000 03:00001564 00000000     0        0 0 3 0000000000000000                                      
  20: 0100007F:A36D 0100007F:A454 06 00000000:00000000 03:00000E8C 00000000     0        0 0 3 0000000000000000                                      
  21: 0100007F:E068 0100007F:22A9 06 00000000:00000000 03:000011E8 00000000     0        0 0 3 0000000000000000                                      
  22: 0100007F:84EB 0100007F:E676 06 00000000:00000000 03:000006AB 00000000     0        0 0 3 0000000000000000                                      
  23: 0100007F:9E91 0100007F:DF38 06 00000000:00000000 03:00001690 00000000     0        0 0 3 0000000000000000                                      
  24: 1500FEA9:A284 DBA942AC:01BB 06 00000000:00000000 03:00000C6C 00000000     0        0 0 3 0000000000000000                                      
  25: 0100007F:A4E7 0100007F:9CC2 06 00000000:00000000 03:00001031 00000000     0        0 0 3 0000000000000000                                      
  26: 0100007F:A81B 0100007F:809E 06 00000000:00000000 03:00001690 00000000     0        0 0 3 0000000000000000                                      
  27: 0100007F:9A19 0100007F:A43E 06 00000000:00000000 03:00000FB2 00000000     0        0 0 3 0000000000000000                                      
  28: 0100007F:A767 0100007F:D52E 06 00000000:00000000 03:00001031 00000000     0        0 0 3 0000000000000000                                      
1791335370.1418927
  sl  local_address rem_address   st tx_queue rx_queue tr tm->when retrnsmt   uid  timeout inode                                                     
   0: 3500007F:0035 00000000:0000 0A 00000000:00000000 00:00000000 00000000   102        0 12728 1 0000000000000000 100 0 0 10 5                     
   1: 00000000:006F 00000000:0000 0A 00000000:00000000 00:00000000 00000000     0        0 11541 1 0000000000000000 100 0 0 10 0                     
   2: 0100007F:9E91 0100007F:DF3C 06 00000000:00000000 03:0000162C 00000000     0        0 0 3 0000000000000000                                      
   3: 0100007F:AAB1 0100007F:8ACE 06 00000000:00000000 03:00000FCD 00000000     0        0 0 3 0000000000000000                                      
   4: 1500FEA9:CD48 3F15AD03:01BB 01 00000000:00000000 00:00000000 00000000  1001        0 592406 1 0000000000000000 20 4 30 16 -1                   
   5: 0100007F:A81B 0100007F:B12E 06 00000000:00000000 03:00001500 00000000     0        0 0 3 0000000000000000                                      
   6: 0100007F:ABB7 0100007F:D020 06 00000000:00000000 03:00000FCD 00000000     0        0 0 3 0000000000000000                                      
   7: 0100007F:84EB 0100007F:E66E 06 00000000:00000000 03:00000647 00000000     0        0 0 3 0000000000000000                                      
   8: 0100007F:9EF7 0100007F:CB4C 06 00000000:00000000 03:0000162C 00000000     0        0 0 3 0000000000000000                                      
   9: 0100007F:9403 0100007F:BF3C 06 00000000:00000000 03:00001046 00000000     0        0 0 3 0000000000000000                                      
  10: 0100007F:9CC2 0100007F:A4E7 06 00000000:00000000 03:00000FCD 00000000     0        0 0 3 0000000000000000                                      
  11: 0100007F:9EF7 0100007F:CB52 06 00000000:00000000 03:00001691 00000000     0        0 0 3 0000000000000000                                      
  12: 0100007F:A43E 0100007F:9A19 06 00000000:00000000 03:00000F4E 00000000     0        0 0 3 0000000000000000                                      
  13: 0100007F:94A3 0100007F:A9D2 06 00000000:00000000 03:00000FCD 00000000     0        0 0 3 0000000000000000                                      
  14: 0100007F:A62F 0100007F:D9C4 06 00000000:00000000 03:00000647 00000000     0        0 0 3 0000000000000000                                      
  15: 0100007F:E05E 0100007F:22A9 06 00000000:00000000 03:00001183 00000000     0        0 0 3 0000000000000000                                      
  16: 0100007F:A81B 0100007F:809A 06 00000000:00000000 03:00001564 00000000     0        0 0 3 0000000000000000                                      
  17: 0100007F:9E2B 0100007F:ECF4 06 00000000:00000000 03:00000E28 00000000     0        0 0 3 0000000000000000                                      
  18: 0100007F:9EF7 0100007F:CB58 06 00000000:00000000 03:000016F5 00000000     0        0 0 3 0000000000000000                                      
  19: 0100007F:DCBA 0100007F:8DB9 06 00000000:00000000 03:00001500 00000000     0        0 0 3 0000000000000000                                      
  20: 0100007F:A36D 0100007F:A454 06 00000000:00000000 03:00000E28 00000000     0        0 0 3 0000000000000000                                      
  21: 0100007F:E068 0100007F:22A9 06 00000000:00000000 03:00001184 00000000     0        0 0 3 0000000000000000                                      
  22: 0100007F:84EB 0100007F:E676 06 00000000:00000000 03:00000647 00000000     0        0 0 3 0000000000000000                                      
  23: 0100007F:9E91 0100007F:DF38 06 00000000:00000000 03:0000162C 00000000     0        0 0 3 0000000000000000                                      
  24: 1500FEA9:A284 DBA942AC:01BB 06 00000000:00000000 03:00000C08 00000000     0        0 0 3 0000000000000000                                      
  25: 0100007F:A4E7 0100007F:9CC2 06 00000000:00000000 03:00000FCD 00000000     0        0 0 3 0000000000000000                                      
  26: 0100007F:A81B 0100007F:809E 06 00000000:00000000 03:0000162C 00000000     0        0 0 3 0000000000000000                                      
  27: 0100007F:9A19 0100007F:A43E 06 00000000:00000000 03:00000F4E 00000000     0        0 0 3 0000000000000000                                      
  28: 0100007F:A767 0100007F:D52E 06 00000000:00000000 03:00000FCD 00000000     0        0 0 3 0000000000000000                                      
1791335371.1432812
  sl  local_address rem_address   st tx_queue rx_queue tr tm->when retrnsmt   uid  timeout inode                                                     
   0: 3500007F:0035 00000000:0000 0A 00000000:00000000 00:00000000 00000000   102        0 12728 1 0000000000000000 100 0 0 10 5                     
   1: 00000000:006F 00000000:0000 0A 00000000:00000000 00:00000000 00000000     0        0 11541 1 0000000000000000 100 0 0 10 0                     
   2: 0100007F:9E91 0100007F:DF3C 06 00000000:00000000 03:000015C8 00000000     0        0 0 3 0000000000000000                                      
   3: 0100007F:AAB1 0100007F:8ACE 06 00000000:00000000 03:00000F69 00000000     0        0 0 3 0000000000000000                                      
   4: 1500FEA9:CD48 3F15AD03:01BB 01 00000000:00000000 00:00000000 00000000  1001        0 592406 1 0000000000000000 20 4 30 16 -1                   
   5: 0100007F:A81B 0100007F:B12E 06 00000000:00000000 03:0000149B 00000000     0        0 0 3 0000000000000000                                      
   6: 0100007F:ABB7 0100007F:D020 06 00000000:00000000 03:00000F68 00000000     0        0 0 3 0000000000000000                                      
   7: 0100007F:84EB 0100007F:E66E 06 00000000:00000000 03:000005E2 00000000     0        0 0 3 0000000000000000                                      
   8: 0100007F:9EF7 0100007F:CB4C 06 00000000:00000000 03:000015C8 00000000     0        0 0 3 0000000000000000                                      
   9: 0100007F:9403 0100007F:BF3C 06 00000000:00000000 03:00000FE1 00000000     0        0 0 3 0000000000000000                                      
  10: 0100007F:9CC2 0100007F:A4E7 06 00000000:00000000 03:00000F68 00000000     0        0 0 3 0000000000000000                                      
  11: 0100007F:9EF7 0100007F:CB52 06 00000000:00000000 03:0000162C 00000000     0        0 0 3 0000000000000000                                      
  12: 0100007F:A43E 0100007F:9A19 06 00000000:00000000 03:00000EE9 00000000     0        0 0 3 0000000000000000                                      
  13: 0100007F:94A3 0100007F:A9D2 06 00000000:00000000 03:00000F68 00000000     0        0 0 3 0000000000000000                                      
  14: 0100007F:A62F 0100007F:D9C4 06 00000000:00000000 03:000005E2 00000000     0        0 0 3 0000000000000000                                      
  15: 0100007F:E05E 0100007F:22A9 06 00000000:00000000 03:0000111E 00000000     0        0 0 3 0000000000000000                                      
  16: 0100007F:A81B 0100007F:809A 06 00000000:00000000 03:00001500 00000000     0        0 0 3 0000000000000000                                      
  17: 0100007F:9E2B 0100007F:ECF4 06 00000000:00000000 03:00000DC3 00000000     0        0 0 3 0000000000000000                                      
  18: 0100007F:9EF7 0100007F:CB58 06 00000000:00000000 03:00001690 00000000     0        0 0 3 0000000000000000                                      
  19: 0100007F:DCBA 0100007F:8DB9 06 00000000:00000000 03:0000149B 00000000     0        0 0 3 0000000000000000                                      
  20: 0100007F:A36D 0100007F:A454 06 00000000:00000000 03:00000DC3 00000000     0        0 0 3 0000000000000000                                      
  21: 0100007F:E068 0100007F:22A9 06 00000000:00000000 03:0000111F 00000000     0        0 0 3 0000000000000000                                      
  22: 0100007F:84EB 0100007F:E676 06 00000000:00000000 03:000005E2 00000000     0        0 0 3 0000000000000000                                      
  23: 0100007F:9E91 0100007F:DF38 06 00000000:00000000 03:000015C8 00000000     0        0 0 3 0000000000000000                                      
  24: 1500FEA9:A284 DBA942AC:01BB 06 00000000:00000000 03:00000BA3 00000000     0        0 0 3 0000000000000000                                      
  25: 0100007F:A4E7 0100007F:9CC2 06 00000000:00000000 03:00000F68 00000000     0        0 0 3 0000000000000000                                      
  26: 0100007F:A81B 0100007F:809E 06 00000000:00000000 03:000015C8 00000000     0        0 0 3 0000000000000000                                      
  27: 0100007F:9A19 0100007F:A43E 06 00000000:00000000 03:00000EE9 00000000     0        0 0 3 0000000000000000                                      
  28: 0100007F:A767 0100007F:D52E 06 00000000:00000000 03:00000F69 00000000     0        0 0 3 0000000000000000                                      
1791335372.1446095
  sl  local_address rem_address   st tx_queue rx_queue tr tm->when retrnsmt   uid  timeout inode                                                     
   0: 3500007F:0035 00000000:0000 0A 00000000:00000000 00:00000000 00000000   102        0 12728 1 0000000000000000 100 0 0 10 5                     
   1: 00000000:006F 00000000:0000 0A 00000000:00000000 00:00000000 00000000     0        0 11541 1 0000000000000000 100 0 0 10 0                     
   2: 0100007F:9E91 0100007F:DF3C 06 00000000:00000000 03:00001564 00000000     0        0 0 3 0000000000000000                                      
   3: 0100007F:AAB1 0100007F:8ACE 06 00000000:00000000 03:00000F04 00000000     0        0 0 3 0000000000000000                                      
   4: 1500FEA9:CD48 3F15AD03:01BB 01 00000000:00000000 00:00000000 00000000  1001        0 592406 1 0000000000000000 20 4 30 16 -1                   
   5: 0100007F:A81B 0100007F:B12E 06 00000000:00000000 03:00001437 00000000     0        0 0 3 0000000000000000                                      
   6: 0100007F:ABB7 0100007F:D020 06 00000000:00000000 03:00000F04 00000000     0        0 0 3 0000000000000000                                      
   7: 0100007F:84EB 0100007F:E66E 06 00000000:00000000 03:0000057E 00000000     0        0 0 3 0000000000000000                                      
   8: 0100007F:9EF7 0100007F:CB4C 06 00000000:00000000 03:00001564 00000000     0        0 0 3 0000000000000000                                      
   9: 0100007F:9403 0100007F:BF3C 06 00000000:00000000 03:00000F7D 00000000     0        0 0 3 0000000000000000                                      
  10: 0100007F:9CC2 0100007F:A4E7 06 00000000:00000000 03:00000F04 00000000     0        0 0 3 0000000000000000                                      
  11: 0100007F:9EF7 0100007F:CB52 06 00000000:00000000 03:000015C8 00000000     0        0 0 3 0000000000000000                                      
  12: 0100007F:A43E 0100007F:9A19 06 00000000:00000000 03:00000E85 00000000     0        0 0 3 0000000000000000                                      
  13: 0100007F:94A3 0100007F:A9D2 06 00000000:00000000 03:00000F04 00000000     0        0 0 3 0000000000000000                                      
  14: 0100007F:A62F 0100007F:D9C4 06 00000000:00000000 03:0000057E 00000000     0        0 0 3 0000000000000000                                      
  15: 0100007F:E05E 0100007F:22A9 06 00000000:00000000 03:000010BA 00000000     0        0 0 3 0000000000000000                                      
  16: 0100007F:A81B 0100007F:809A 06 00000000:00000000 03:0000149B 00000000     0        0 0 3 0000000000000000                                      
  17: 0100007F:9E2B 0100007F:ECF4 06 00000000:00000000 03:00000D5F 00000000     0        0 0 3 0000000000000000                                      
  18: 0100007F:9EF7 0100007F:CB58 06 00000000:00000000 03:0000162C 00000000     0        0 0 3 0000000000000000                                      
  19: 0100007F:DCBA 0100007F:8DB9 06 00000000:00000000 03:00001437 00000000     0        0 0 3 0000000000000000                                      
  20: 0100007F:A36D 0100007F:A454 06 00000000:00000000 03:00000D5F 00000000     0        0 0 3 0000000000000000                                      
  21: 0100007F:E068 0100007F:22A9 06 00000000:00000000 03:000010BB 00000000     0        0 0 3 0000000000000000                                      
  22: 0100007F:84EB 0100007F:E676 06 00000000:00000000 03:0000057E 00000000     0        0 0 3 0000000000000000                                      
  23: 0100007F:9E91 0100007F:DF38 06 00000000:00000000 03:00001563 00000000     0        0 0 3 0000000000000000                                      
  24: 1500FEA9:A284 DBA942AC:01BB 06 00000000:00000000 03:00000B3F 00000000     0        0 0 3 0000000000000000                                      
  25: 0100007F:A4E7 0100007F:9CC2 06 00000000:00000000 03:00000F04 00000000     0        0 0 3 0000000000000000                                      
  26: 0100007F:A81B 0100007F:809E 06 00000000:00000000 03:00001563 00000000     0        0 0 3 0000000000000000                                      
  27: 0100007F:9A19 0100007F:A43E 06 00000000:00000000 03:00000E85 00000000     0        0 0 3 0000000000000000                                      
  28: 0100007F:A767 0100007F:D52E 06 00000000:00000000 03:00000F04 00000000     0        0 0 3 0000000000000000                                      
1791335373.1458185
  sl  local_address rem_address   st tx_queue rx_queue tr tm->when retrnsmt   uid  timeout inode                                                     
   0: 3500007F:0035 00000000:0000 0A 00000000:00000000 00:00000000 00000000   102        0 12728 1 0000000000000000 100 0 0 10 5                     
   1: 00000000:006F 00000000:0000 0A 00000000:00000000 00:00000000 00000000     0        0 11541 1 0000000000000000 100 0 0 10 0                     
   2: 0100007F:9E91 0100007F:DF3C 06 00000000:00000000 03:00001500 00000000     0        0 0 3 0000000000000000                                      
   3: 0100007F:AAB1 0100007F:8ACE 06 00000000:00000000 03:00000EA0 00000000     0        0 0 3 0000000000000000                                      
   4: 1500FEA9:CD48 3F15AD03:01BB 01 00000000:00000000 00:00000000 00000000  1001        0 592406 1 0000000000000000 20 4 30 16 -1                   
   5: 0100007F:A81B 0100007F:B12E 06 00000000:00000000 03:000013D3 00000000     0        0 0 3 0000000000000000                                      
   6: 0100007F:ABB7 0100007F:D020 06 00000000:00000000 03:00000EA0 00000000     0        0 0 3 0000000000000000                                      
   7: 0100007F:84EB 0100007F:E66E 06 00000000:00000000 03:0000051A 00000000     0        0 0 3 0000000000000000                                      
   8: 0100007F:9EF7 0100007F:CB4C 06 00000000:00000000 03:00001500 00000000     0        0 0 3 0000000000000000                                      
   9: 0100007F:9403 0100007F:BF3C 06 00000000:00000000 03:00000F19 00000000     0        0 0 3 0000000000000000                                      
  10: 0100007F:9CC2 0100007F:A4E7 06 00000000:00000000 03:00000EA0 00000000     0        0 0 3 0000000000000000                                      
  11: 0100007F:9EF7 0100007F:CB52 06 00000000:00000000 03:00001564 00000000     0        0 0 3 0000000000000000                                      
  12: 0100007F:A43E 0100007F:9A19 06 00000000:00000000 03:00000E21 00000000     0        0 0 3 0000000000000000                                      
  13: 0100007F:94A3 0100007F:A9D2 06 00000000:00000000 03:00000EA0 00000000     0        0 0 3 0000000000000000                                      
  14: 0100007F:A62F 0100007F:D9C4 06 00000000:00000000 03:0000051A 00000000     0        0 0 3 0000000000000000                                      
  15: 0100007F:E05E 0100007F:22A9 06 00000000:00000000 03:00001056 00000000     0        0 0 3 0000000000000000                                      
  16: 0100007F:A81B 0100007F:809A 06 00000000:00000000 03:00001437 00000000     0        0 0 3 0000000000000000                                      
  17: 0100007F:9E2B 0100007F:ECF4 06 00000000:00000000 03:00000CFB 00000000     0        0 0 3 0000000000000000                                      
  18: 0100007F:9EF7 0100007F:CB58 06 00000000:00000000 03:000015C8 00000000     0        0 0 3 0000000000000000                                      
  19: 0100007F:DCBA 0100007F:8DB9 06 00000000:00000000 03:000013D3 00000000     0        0 0 3 0000000000000000                                      
  20: 0100007F:A36D 0100007F:A454 06 00000000:00000000 03:00000CFB 00000000     0        0 0 3 0000000000000000                                      
  21: 0100007F:E068 0100007F:22A9 06 00000000:00000000 03:00001057 00000000     0        0 0 3 0000000000000000                                      
  22: 0100007F:84EB 0100007F:E676 06 00000000:00000000 03:0000051A 00000000     0        0 0 3 0000000000000000                                      
  23: 0100007F:9E91 0100007F:DF38 06 00000000:00000000 03:000014FF 00000000     0        0 0 3 0000000000000000                                      
  24: 1500FEA9:A284 DBA942AC:01BB 06 00000000:00000000 03:00000ADB 00000000     0        0 0 3 0000000000000000                                      
  25: 0100007F:A4E7 0100007F:9CC2 06 00000000:00000000 03:00000EA0 00000000     0        0 0 3 0000000000000000                                      
  26: 0100007F:A81B 0100007F:809E 06 00000000:00000000 03:000014FF 00000000     0        0 0 3 0000000000000000                                      
  27: 0100007F:9A19 0100007F:A43E 06 00000000:00000000 03:00000E21 00000000     0        0 0 3 0000000000000000                                      
  28: 0100007F:A767 0100007F:D52E 06 00000000:00000000 03:00000EA0 00000000     0        0 0 3 0000000000000000                                      
1791335374.1469226
  sl  local_address rem_address   st tx_queue rx_queue tr tm->when retrnsmt   uid  timeout inode                                                     
   0: 3500007F:0035 00000000:0000 0A 00000000:00000000 00:00000000 00000000   102        0 12728 1 0000000000000000 100 0 0 10 5                     
   1: 00000000:006F 00000000:0000 0A 00000000:00000000 00:00000000 00000000     0        0 11541 1 0000000000000000 100 0 0 10 0                     
   2: 0100007F:9E91 0100007F:DF3C 06 00000000:00000000 03:0000149C 00000000     0        0 0 3 0000000000000000                                      
   3: 0100007F:AAB1 0100007F:8ACE 06 00000000:00000000 03:00000E3C 00000000     0        0 0 3 0000000000000000                                      
   4: 1500FEA9:CD48 3F15AD03:01BB 01 00000000:00000000 00:00000000 00000000  1001        0 592406 1 0000000000000000 20 4 30 16 -1                   
   5: 0100007F:A81B 0100007F:B12E 06 00000000:00000000 03:0000136F 00000000     0        0 0 3 0000000000000000                                      
   6: 0100007F:ABB7 0100007F:D020 06 00000000:00000000 03:00000E3C 00000000     0        0 0 3 0000000000000000                                      
   7: 0100007F:84EB 0100007F:E66E 06 00000000:00000000 03:000004B6 00000000     0        0 0 3 0000000000000000                                      
   8: 0100007F:9EF7 0100007F:CB4C 06 00000000:00000000 03:0000149C 00000000     0        0 0 3 0000000000000000                                      
   9: 0100007F:9403 0100007F:BF3C 06 00000000:00000000 03:00000EB5 00000000     0        0 0 3 0000000000000000                                      
  10: 0100007F:9CC2 0100007F:A4E7 06 00000000:00000000 03:00000E3C 00000000     0        0 0 3 0000000000000000                                      
  11: 0100007F:9EF7 0100007F:CB52 06 00000000:00000000 03:00001500 00000000     0        0 0 3 0000000000000000                                      
  12: 0100007F:A43E 0100007F:9A19 06 00000000:00000000 03:00000DBD 00000000     0        0 0 3 0000000000000000                                      
  13: 0100007F:94A3 0100007F:A9D2 06 00000000:00000000 03:00000E3C 00000000     0        0 0 3 0000000000000000                                      
  14: 0100007F:A62F 0100007F:D9C4 06 00000000:00000000 03:000004B6 00000000     0        0 0 3 0000000000000000                                      
  15: 0100007F:E05E 0100007F:22A9 06 00000000:00000000 03:00000FF2 00000000     0        0 0 3 0000000000000000                                      
  16: 0100007F:A81B 0100007F:809A 06 00000000:00000000 03:000013D3 00000000     0        0 0 3 0000000000000000                                      
  17: 0100007F:9E2B 0100007F:ECF4 06 00000000:00000000 03:00000C97 00000000     0        0 0 3 0000000000000000                                      
  18: 0100007F:9EF7 0100007F:CB58 06 00000000:00000000 03:00001564 00000000     0        0 0 3 0000000000000000                                      
  19: 0100007F:DCBA 0100007F:8DB9 06 00000000:00000000 03:0000136F 00000000     0        0 0 3 0000000000000000                                      
  20: 0100007F:A36D 0100007F:A454 06 00000000:00000000 03:00000C97 00000000     0        0 0 3 0000000000000000                                      
  21: 0100007F:E068 0100007F:22A9 06 00000000:00000000 03:00000FF3 00000000     0        0 0 3 0000000000000000                                      
  22: 0100007F:84EB 0100007F:E676 06 00000000:00000000 03:000004B6 00000000     0        0 0 3 0000000000000000                                      
  23: 0100007F:9E91 0100007F:DF38 06 00000000:00000000 03:0000149B 00000000     0        0 0 3 0000000000000000                                      
  24: 1500FEA9:A284 DBA942AC:01BB 06 00000000:00000000 03:00000A77 00000000     0        0 0 3 0000000000000000                                      
  25: 0100007F:A4E7 0100007F:9CC2 06 00000000:00000000 03:00000E3C 00000000     0        0 0 3 0000000000000000                                      
  26: 0100007F:A81B 0100007F:809E 06 00000000:00000000 03:0000149B 00000000     0        0 0 3 0000000000000000                                      
  27: 0100007F:9A19 0100007F:A43E 06 00000000:00000000 03:00000DBD 00000000     0        0 0 3 0000000000000000                                      
  28: 0100007F:A767 0100007F:D52E 06 00000000:00000000 03:00000E3C 00000000     0        0 0 3 0000000000000000                                      
1791335375.1480486
  sl  local_address rem_address   st tx_queue rx_queue tr tm->when retrnsmt   uid  timeout inode                                                     
   0: 3500007F:0035 00000000:0000 0A 00000000:00000000 00:00000000 00000000   102        0 12728 1 0000000000000000 100 0 0 10 5                     
   1: 00000000:006F 00000000:0000 0A 00000000:00000000 00:00000000 00000000     0        0 11541 1 0000000000000000 100 0 0 10 0                     
   2: 0100007F:9E91 0100007F:DF3C 06 00000000:00000000 03:00001438 00000000     0        0 0 3 0000000000000000                                      
   3: 0100007F:AAB1 0100007F:8ACE 06 00000000:00000000 03:00000DD8 00000000     0        0 0 3 0000000000000000                                      
   4: 1500FEA9:CD48 3F15AD03:01BB 01 00000000:00000000 00:00000000 00000000  1001        0 592406 1 0000000000000000 20 4 30 16 -1                   
   5: 0100007F:A81B 0100007F:B12E 06 00000000:00000000 03:0000130B 00000000     0        0 0 3 0000000000000000                                      
   6: 0100007F:ABB7 0100007F:D020 06 00000000:00000000 03:00000DD8 00000000     0        0 0 3 0000000000000000                                      
   7: 0100007F:84EB 0100007F:E66E 06 00000000:00000000 03:00000452 00000000     0        0 0 3 0000000000000000                                      
   8: 0100007F:9EF7 0100007F:CB4C 06 00000000:00000000 03:00001438 00000000     0        0 0 3 0000000000000000                                      
   9: 0100007F:9403 0100007F:BF3C 06 00000000:00000000 03:00000E51 00000000     0        0 0 3 0000000000000000                                      
  10: 0100007F:9CC2 0100007F:A4E7 06 00000000:00000000 03:00000DD8 00000000     0        0 0 3 0000000000000000                                      
  11: 0100007F:9EF7 0100007F:CB52 06 00000000:00000000 03:0000149C 00000000     0        0 0 3 0000000000000000                                      
  12: 0100007F:A43E 0100007F:9A19 06 00000000:00000000 03:00000D59 00000000     0        0 0 3 0000000000000000                                      
  13: 0100007F:94A3 0100007F:A9D2 06 00000000:00000000 03:00000DD8 00000000     0        0 0 3 0000000000000000                                      
  14: 0100007F:A62F 0100007F:D9C4 06 00000000:00000000 03:00000452 00000000     0        0 0 3 0000000000000000                                      
  15: 0100007F:E05E 0100007F:22A9 06 00000000:00000000 03:00000F8E 00000000     0        0 0 3 0000000000000000                                      
  16: 0100007F:A81B 0100007F:809A 06 00000000:00000000 03:0000136F 00000000     0        0 0 3 0000000000000000                                      
  17: 0100007F:9E2B 0100007F:ECF4 06 00000000:00000000 03:00000C33 00000000     0        0 0 3 0000000000000000                                      
  18: 0100007F:9EF7 0100007F:CB58 06 00000000:00000000 03:00001500 00000000     0        0 0 3 0000000000000000                                      
  19: 0100007F:DCBA 0100007F:8DB9 06 00000000:00000000 03:0000130B 00000000     0        0 0 3 0000000000000000                                      
  20: 0100007F:A36D 0100007F:A454 06 00000000:00000000 03:00000C33 00000000     0        0 0 3 0000000000000000                                      
  21: 0100007F:E068 0100007F:22A9 06 00000000:00000000 03:00000F8F 00000000     0        0 0 3 0000000000000000                                      
  22: 0100007F:84EB 0100007F:E676 06 00000000:00000000 03:00000452 00000000     0        0 0 3 0000000000000000                                      
  23: 0100007F:9E91 0100007F:DF38 06 00000000:00000000 03:00001437 00000000     0        0 0 3 0000000000000000                                      
  24: 1500FEA9:A284 DBA942AC:01BB 06 00000000:00000000 03:00000A13 00000000     0        0 0 3 0000000000000000                                      
  25: 0100007F:A4E7 0100007F:9CC2 06 00000000:00000000 03:00000DD8 00000000     0        0 0 3 0000000000000000                                      
  26: 0100007F:A81B 0100007F:809E 06 00000000:00000000 03:00001437 00000000     0        0 0 3 0000000000000000                                      
  27: 0100007F:9A19 0100007F:A43E 06 00000000:00000000 03:00000D59 00000000     0        0 0 3 0000000000000000                                      
  28: 0100007F:A767 0100007F:D52E 06 00000000:00000000 03:00000DD8 00000000     0        0 0 3 0000000000000000                                      
1791335376.1491663
  sl  local_address rem_address   st tx_queue rx_queue tr tm->when retrnsmt   uid  timeout inode                                                     
   0: 3500007F:0035 00000000:0000 0A 00000000:00000000 00:00000000 00000000   102        0 12728 1 0000000000000000 100 0 0 10 5                     
   1: 00000000:006F 00000000:0000 0A 00000000:00000000 00:00000000 00000000     0        0 11541 1 0000000000000000 100 0 0 10 0                     
   2: 0100007F:9E91 0100007F:DF3C 06 00000000:00000000 03:000013D4 00000000     0        0 0 3 0000000000000000                                      
   3: 0100007F:AAB1 0100007F:8ACE 06 00000000:00000000 03:00000D74 00000000     0        0 0 3 0000000000000000                                      
   4: 1500FEA9:CD48 3F15AD03:01BB 01 00000000:00000000 00:00000000 00000000  1001        0 592406 1 0000000000000000 20 4 30 16 -1                   
   5: 0100007F:A81B 0100007F:B12E 06 00000000:00000000 03:000012A7 00000000     0        0 0 3 0000000000000000                                      
   6: 0100007F:ABB7 0100007F:D020 06 00000000:00000000 03:00000D74 00000000     0        0 0 3 0000000000000000                                      
   7: 0100007F:84EB 0100007F:E66E 06 00000000:00000000 03:000003EE 00000000     0        0 0 3 0000000000000000                                      
   8: 0100007F:9EF7 0100007F:CB4C 06 00000000:00000000 03:000013D4 00000000     0        0 0 3 0000000000000000                                      
   9: 0100007F:9403 0100007F:BF3C 06 00000000:00000000 03:00000DED 00000000     0        0 0 3 0000000000000000                                      
  10: 0100007F:9CC2 0100007F:A4E7 06 00000000:00000000 03:00000D74 00000000     0        0 0 3 0000000000000000                                      
  11: 0100007F:9EF7 0100007F:CB52 06 00000000:00000000 03:00001438 00000000     0        0 0 3 0000000000000000                                      
  12: 0100007F:A43E 0100007F:9A19 06 00000000:00000000 03:00000CF5 00000000     0        0 0 3 0000000000000000                                      
  13: 0100007F:94A3 0100007F:A9D2 06 00000000:00000000 03:00000D74 00000000     0        0 0 3 0000000000000000                                      
  14: 0100007F:A62F 0100007F:D9C4 06 00000000:00000000 03:000003EE 00000000     0        0 0 3 0000000000000000                                      
  15: 0100007F:E05E 0100007F:22A9 06 00000000:00000000 03:00000F2A 00000000     0        0 0 3 0000000000000000                                      
  16: 0100007F:A81B 0100007F:809A 06 00000000:00000000 03:0000130B 00000000     0        0 0 3 0000000000000000                                      
  17: 0100007F:9E2B 0100007F:ECF4 06 00000000:00000000 03:00000BCF 00000000     0        0 0 3 0000000000000000                                      
  18: 0100007F:9EF7 0100007F:CB58 06 00000000:00000000 03:0000149C 00000000     0        0 0 3 0000000000000000                                      
  19: 0100007F:DCBA 0100007F:8DB9 06 00000000:00000000 03:000012A7 00000000     0        0 0 3 0000000000000000                                      
  20: 0100007F:A36D 0100007F:A454 06 00000000:00000000 03:00000BCF 00000000     0        0 0 3 0000000000000000                                      
  21: 0100007F:E068 0100007F:22A9 06 00000000:00000000 03:00000F2B 00000000     0        0 0 3 0000000000000000                                      
  22: 0100007F:84EB 0100007F:E676 06 00000000:00000000 03:000003EE 00000000     0        0 0 3 0000000000000000                                      
  23: 0100007F:9E91 0100007F:DF38 06 00000000:00000000 03:000013D3 00000000     0        0 0 3 0000000000000000                                      
  24: 1500FEA9:A284 DBA942AC:01BB 06 00000000:00000000 03:000009AF 00000000     0        0 0 3 0000000000000000                                      
  25: 0100007F:A4E7 0100007F:9CC2 06 00000000:00000000 03:00000D74 00000000     0        0 0 3 0000000000000000                                      
  26: 0100007F:A81B 0100007F:809E 06 00000000:00000000 03:000013D3 00000000     0        0 0 3 0000000000000000                                      
  27: 0100007F:9A19 0100007F:A43E 06 00000000:00000000 03:00000CF5 00000000     0        0 0 3 0000000000000000                                      
  28: 0100007F:A767 0100007F:D52E 06 00000000:00000000 03:00000D74 00000000     0        0 0 3 0000000000000000                                      
1791335377.1502938
  sl  local_address rem_address   st tx_queue rx_queue tr tm->when retrnsmt   uid  timeout inode                                                     
   0: 3500007F:0035 00000000:0000 0A 00000000:00000000 00:00000000 00000000   102        0 12728 1 0000000000000000 100 0 0 10 5                     
   1: 00000000:006F 00000000:0000 0A 00000000:00000000 00:00000000 00000000     0        0 11541 1 0000000000000000 100 0 0 10 0                     
   2: 0100007F:9E91 0100007F:DF3C 06 00000000:00000000 03:0000136F 00000000     0        0 0 3 0000000000000000                                      
   3: 0100007F:AAB1 0100007F:8ACE 06 00000000:00000000 03:00000D10 00000000     0        0 0 3 0000000000000000                                      
   4: 1500FEA9:CD48 3F15AD03:01BB 01 00000000:00000000 00:00000000 00000000  1001        0 592406 1 0000000000000000 20 4 30 16 -1                   
   5: 0100007F:A81B 0100007F:B12E 06 00000000:00000000 03:00001242 00000000     0        0 0 3 0000000000000000                                      
   6: 0100007F:ABB7 0100007F:D020 06 00000000:00000000 03:00000D10 00000000     0        0 0 3 0000000000000000                                      
   7: 0100007F:84EB 0100007F:E66E 06 00000000:00000000 03:0000038A 00000000     0        0 0 3 0000000000000000                                      
   8: 0100007F:9EF7 0100007F:CB4C 06 00000000:00000000 03:0000136F 00000000     0        0 0 3 0000000000000000                                      
   9: 0100007F:9403 0100007F:BF3C 06 00000000:00000000 03:00000D88 00000000     0        0 0 3 0000000000000000                                      
  10: 0100007F:9CC2 0100007F:A4E7 06 00000000:00000000 03:00000D10 00000000     0        0 0 3 0000000000000000                                      
  11: 0100007F:9EF7 0100007F:CB52 06 00000000:00000000 03:000013D4 00000000     0        0 0 3 0000000000000000                                      
  12: 0100007F:A43E 0100007F:9A19 06 00000000:00000000 03:00000C90 00000000     0        0 0 3 0000000000000000                                      
  13: 0100007F:94A3 0100007F:A9D2 06 00000000:00000000 03:00000D10 00000000     0        0 0 3 0000000000000000                                      
  14: 0100007F:A62F 0100007F:D9C4 06 00000000:00000000 03:0000038A 00000000     0        0 0 3 0000000000000000                                      
  15: 0100007F:E05E 0100007F:22A9 06 00000000:00000000 03:00000EC6 00000000     0        0 0 3 0000000000000000                                      
  16: 0100007F:A81B 0100007F:809A 06 00000000:00000000 03:000012A7 00000000     0        0 0 3 0000000000000000                                      
  17: 0100007F:9E2B 0100007F:ECF4 06 00000000:00000000 03:00000B6A 00000000     0        0 0 3 0000000000000000                                      
  18: 0100007F:9EF7 0100007F:CB58 06 00000000:00000000 03:00001438 00000000     0        0 0 3 0000000000000000                                      
  19: 0100007F:DCBA 0100007F:8DB9 06 00000000:00000000 03:00001242 00000000     0        0 0 3 0000000000000000                                      
  20: 0100007F:A36D 0100007F:A454 06 00000000:00000000 03:00000B6A 00000000     0        0 0 3 0000000000000000                                      
  21: 0100007F:E068 0100007F:22A9 06 00000000:00000000 03:00000EC6 00000000     0        0 0 3 0000000000000000                                      
  22: 0100007F:84EB 0100007F:E676 06 00000000:00000000 03:0000038A 00000000     0        0 0 3 0000000000000000                                      
  23: 0100007F:9E91 0100007F:DF38 06 00000000:00000000 03:0000136F 00000000     0        0 0 3 0000000000000000                                      
  24: 1500FEA9:A284 DBA942AC:01BB 06 00000000:00000000 03:0000094A 00000000     0        0 0 3 0000000000000000                                      
  25: 0100007F:A4E7 0100007F:9CC2 06 00000000:00000000 03:00000D10 00000000     0        0 0 3 0000000000000000                                      
  26: 0100007F:A81B 0100007F:809E 06 00000000:00000000 03:0000136F 00000000     0        0 0 3 0000000000000000                                      
  27: 0100007F:9A19 0100007F:A43E 06 00000000:00000000 03:00000C90 00000000     0        0 0 3 0000000000000000                                      
  28: 0100007F:A767 0100007F:D52E 06 00000000:00000000 03:00000D10 00000000     0        0 0 3 0000000000000000                                      
1791335378.1514046
  sl  local_address rem_address   st tx_queue rx_queue tr tm->when retrnsmt   uid  timeout inode                                                     
   0: 3500007F:0035 00000000:0000 0A 00000000:00000000 00:00000000 00000000   102        0 12728 1 0000000000000000 100 0 0 10 5                     
   1: 00000000:006F 00000000:0000 0A 00000000:00000000 00:00000000 00000000     0        0 11541 1 0000000000000000 100 0 0 10 0                     
   2: 0100007F:9E91 0100007F:DF3C 06 00000000:00000000 03:0000130B 00000000     0        0 0 3 0000000000000000                                      
   3: 0100007F:AAB1 0100007F:8ACE 06 00000000:00000000 03:00000CAC 00000000     0        0 0 3 0000000000000000                                      
   4: 1500FEA9:CD48 3F15AD03:01BB 01 00000000:00000000 00:00000000 00000000  1001        0 592406 1 0000000000000000 20 4 30 16 -1                   
   5: 0100007F:A81B 0100007F:B12E 06 00000000:00000000 03:000011DE 00000000     0        0 0 3 0000000000000000                                      
   6: 0100007F:ABB7 0100007F:D020 06 00000000:00000000 03:00000CAC 00000000     0        0 0 3 0000000000000000                                      
   7: 0100007F:84EB 0100007F:E66E 06 00000000:00000000 03:00000326 00000000     0        0 0 3 0000000000000000                                      
   8: 0100007F:9EF7 0100007F:CB4C 06 00000000:00000000 03:0000130B 00000000     0        0 0 3 0000000000000000                                      
   9: 0100007F:9403 0100007F:BF3C 06 00000000:00000000 03:00000D24 00000000     0        0 0 3 0000000000000000                                      
  10: 0100007F:9CC2 0100007F:A4E7 06 00000000:00000000 03:00000CAC 00000000     0        0 0 3 0000000000000000                                      
  11: 0100007F:9EF7 0100007F:CB52 06 00000000:00000000 03:00001370 00000000     0        0 0 3 0000000000000000                                      
  12: 0100007F:A43E 0100007F:9A19 06 00000000:00000000 03:00000C2C 00000000     0        0 0 3 0000000000000000                                      
  13: 0100007F:94A3 0100007F:A9D2 06 00000000:00000000 03:00000CAC 00000000     0        0 0 3 0000000000000000                                      
  14: 0100007F:A62F 0100007F:D9C4 06 00000000:00000000 03:00000326 00000000     0        0 0 3 0000000000000000                                      
  15: 0100007F:E05E 0100007F:22A9 06 00000000:00000000 03:00000E62 00000000     0        0 0 3 0000000000000000                                      
  16: 0100007F:A81B 0100007F:809A 06 00000000:00000000 03:00001243 00000000     0        0 0 3 0000000000000000                                      
  17: 0100007F:9E2B 0100007F:ECF4 06 00000000:00000000 03:00000B06 00000000     0        0 0 3 0000000000000000                                      
  18: 0100007F:9EF7 0100007F:CB58 06 00000000:00000000 03:000013D4 00000000     0        0 0 3 0000000000000000                                      
  19: 0100007F:DCBA 0100007F:8DB9 06 00000000:00000000 03:000011DE 00000000     0        0 0 3 0000000000000000                                      
  20: 0100007F:A36D 0100007F:A454 06 00000000:00000000 03:00000B06 00000000     0        0 0 3 0000000000000000                                      
  21: 0100007F:E068 0100007F:22A9 06 00000000:00000000 03:00000E62 00000000     0        0 0 3 0000000000000000                                      
  22: 0100007F:84EB 0100007F:E676 06 00000000:00000000 03:00000326 00000000     0        0 0 3 0000000000000000                                      
  23: 0100007F:9E91 0100007F:DF38 06 00000000:00000000 03:0000130B 00000000     0        0 0 3 0000000000000000                                      
  24: 1500FEA9:A284 DBA942AC:01BB 06 00000000:00000000 03:000008E6 00000000     0        0 0 3 0000000000000000                                      
  25: 0100007F:A4E7 0100007F:9CC2 06 00000000:00000000 03:00000CAC 00000000     0        0 0 3 0000000000000000                                      
  26: 0100007F:A81B 0100007F:809E 06 00000000:00000000 03:0000130B 00000000     0        0 0 3 0000000000000000                                      
  27: 0100007F:9A19 0100007F:A43E 06 00000000:00000000 03:00000C2C 00000000     0        0 0 3 0000000000000000                                      
  28: 0100007F:A767 0100007F:D52E 06 00000000:00000000 03:00000CAC 00000000     0        0 0 3 0000000000000000                                      
1791335379.1525965
  sl  local_address rem_address   st tx_queue rx_queue tr tm->when retrnsmt   uid  timeout inode                                                     
   0: 3500007F:0035 00000000:0000 0A 00000000:00000000 00:00000000 00000000   102        0 12728 1 0000000000000000 100 0 0 10 5                     
   1: 00000000:006F 00000000:0000 0A 00000000:00000000 00:00000000 00000000     0        0 11541 1 0000000000000000 100 0 0 10 0                     
   2: 0100007F:9E91 0100007F:DF3C 06 00000000:00000000 03:000012A7 00000000     0        0 0 3 0000000000000000                                      
   3: 0100007F:AAB1 0100007F:8ACE 06 00000000:00000000 03:00000C48 00000000     0        0 0 3 0000000000000000                                      
   4: 1500FEA9:CD48 3F15AD03:01BB 01 00000000:00000000 00:00000000 00000000  1001        0 592406 1 0000000000000000 20 4 30 16 -1                   
   5: 0100007F:A81B 0100007F:B12E 06 00000000:00000000 03:0000117A 00000000     0        0 0 3 0000000000000000                                      
   6: 0100007F:ABB7 0100007F:D020 06 00000000:00000000 03:00000C48 00000000     0        0 0 3 0000000000000000                                      
   7: 0100007F:84EB 0100007F:E66E 06 00000000:00000000 03:000002C2 00000000     0        0 0 3 0000000000000000                                      
   8: 0100007F:9EF7 0100007F:CB4C 06 00000000:00000000 03:000012A7 00000000     0        0 0 3 0000000000000000                                      
   9: 0100007F:9403 0100007F:BF3C 06 00000000:00000000 03:00000CC0 00000000     0        0 0 3 0000000000000000                                      
  10: 0100007F:9CC2 0100007F:A4E7 06 00000000:00000000 03:00000C48 00000000     0        0 0 3 0000000000000000                                      
  11: 0100007F:9EF7 0100007F:CB52 06 00000000:00000000 03:0000130C 00000000     0        0 0 3 0000000000000000                                      
  12: 0100007F:A43E 0100007F:9A19 06 00000000:00000000 03:00000BC8 00000000     0        0 0 3 0000000000000000                                      
  13: 0100007F:94A3 0100007F:A9D2 06 00000000:00000000 03:00000C48 00000000     0        0 0 3 0000000000000000                                      
  14: 0100007F:A62F 0100007F:D9C4 06 00000000:00000000 03:000002C2 00000000     0        0 0 3 0000000000000000                                      
  15: 0100007F:E05E 0100007F:22A9 06 00000000:00000000 03:00000DFE 00000000     0        0 0 3 0000000000000000                                      
  16: 0100007F:A81B 0100007F:809A 06 00000000:00000000 03:000011DF 00000000     0        0 0 3 0000000000000000                                      
  17: 0100007F:9E2B 0100007F:ECF4 06 00000000:00000000 03:00000AA2 00000000     0        0 0 3 0000000000000000                                      
  18: 0100007F:9EF7 0100007F:CB58 06 00000000:00000000 03:00001370 00000000     0        0 0 3 0000000000000000                                      
  19: 0100007F:DCBA 0100007F:8DB9 06 00000000:00000000 03:0000117A 00000000     0        0 0 3 0000000000000000                                      
  20: 0100007F:A36D 0100007F:A454 06 00000000:00000000 03:00000AA2 00000000     0        0 0 3 0000000000000000                                      
  21: 0100007F:E068 0100007F:22A9 06 00000000:00000000 03:00000DFE 00000000     0        0 0 3 0000000000000000                                      
  22: 0100007F:84EB 0100007F:E676 06 00000000:00000000 03:000002C2 00000000     0        0 0 3 0000000000000000                                      
  23: 0100007F:9E91 0100007F:DF38 06 00000000:00000000 03:000012A7 00000000     0        0 0 3 0000000000000000                                      
  24: 1500FEA9:A284 DBA942AC:01BB 06 00000000:00000000 03:00000882 00000000     0        0 0 3 0000000000000000                                      
  25: 0100007F:A4E7 0100007F:9CC2 06 00000000:00000000 03:00000C48 00000000     0        0 0 3 0000000000000000                                      
  26: 0100007F:A81B 0100007F:809E 06 00000000:00000000 03:000012A7 00000000     0        0 0 3 0000000000000000                                      
  27: 0100007F:9A19 0100007F:A43E 06 00000000:00000000 03:00000BC8 00000000     0        0 0 3 0000000000000000                                      
  28: 0100007F:A767 0100007F:D52E 06 00000000:00000000 03:00000C48 00000000     0        0 0 3 0000000000000000                                      
1791335380.1537092
  sl  local_address rem_address   st tx_queue rx_queue tr tm->when retrnsmt   uid  timeout inode                                                     
   0: 3500007F:0035 00000000:0000 0A 00000000:00000000 00:00000000 00000000   102        0 12728 1 0000000000000000 100 0 0 10 5                     
   1: 00000000:006F 00000000:0000 0A 00000000:00000000 00:00000000 00000000     0        0 11541 1 0000000000000000 100 0 0 10 0                     
   2: 0100007F:9E91 0100007F:DF3C 06 00000000:00000000 03:00001243 00000000     0        0 0 3 0000000000000000                                      
   3: 0100007F:AAB1 0100007F:8ACE 06 00000000:00000000 03:00000BE4 00000000     0        0 0 3 0000000000000000                                      
   4: 1500FEA9:CD48 3F15AD03:01BB 01 00000000:00000000 00:00000000 00000000  1001        0 592406 1 0000000000000000 20 4 30 16 -1                   
   5: 0100007F:A81B 0100007F:B12E 06 00000000:00000000 03:00001116 00000000     0        0 0 3 0000000000000000                                      
   6: 0100007F:ABB7 0100007F:D020 06 00000000:00000000 03:00000BE3 00000000     0        0 0 3 0000000000000000                                      
   7: 0100007F:84EB 0100007F:E66E 06 00000000:00000000 03:0000025D 00000000     0        0 0 3 0000000000000000                                      
   8: 0100007F:9EF7 0100007F:CB4C 06 00000000:00000000 03:00001243 00000000     0        0 0 3 0000000000000000                                      
   9: 0100007F:9403 0100007F:BF3C 06 00000000:00000000 03:00000C5C 00000000     0        0 0 3 0000000000000000                                      
  10: 0100007F:9CC2 0100007F:A4E7 06 00000000:00000000 03:00000BE3 00000000     0        0 0 3 0000000000000000                                      
  11: 0100007F:9EF7 0100007F:CB52 06 00000000:00000000 03:000012A7 00000000     0        0 0 3 0000000000000000                                      
  12: 0100007F:A43E 0100007F:9A19 06 00000000:00000000 03:00000B64 00000000     0        0 0 3 0000000000000000                                      
  13: 0100007F:94A3 0100007F:A9D2 06 00000000:00000000 03:00000BE3 00000000     0        0 0 3 0000000000000000                                      
  14: 0100007F:A62F 0100007F:D9C4 06 00000000:00000000 03:0000025D 00000000     0        0 0 3 0000000000000000                                      
  15: 0100007F:E05E 0100007F:22A9 06 00000000:00000000 03:00000D99 00000000     0        0 0 3 0000000000000000                                      
  16: 0100007F:A81B 0100007F:809A 06 00000000:00000000 03:0000117A 00000000     0        0 0 3 0000000000000000                                      
  17: 0100007F:9E2B 0100007F:ECF4 06 00000000:00000000 03:00000A3E 00000000     0        0 0 3 0000000000000000                                      
  18: 0100007F:9EF7 0100007F:CB58 06 00000000:00000000 03:0000130B 00000000     0        0 0 3 0000000000000000                                      
  19: 0100007F:DCBA 0100007F:8DB9 06 00000000:00000000 03:00001116 00000000     0        0 0 3 0000000000000000                                      
  20: 0100007F:A36D 0100007F:A454 06 00000000:00000000 03:00000A3E 00000000     0        0 0 3 0000000000000000                                      
  21: 0100007F:E068 0100007F:22A9 06 00000000:00000000 03:00000D9A 00000000     0        0 0 3 0000000000000000                                      
  22: 0100007F:84EB 0100007F:E676 06 00000000:00000000 03:0000025D 00000000     0        0 0 3 0000000000000000                                      
  23: 0100007F:9E91 0100007F:DF38 06 00000000:00000000 03:00001242 00000000     0        0 0 3 0000000000000000                                      
  24: 1500FEA9:A284 DBA942AC:01BB 06 00000000:00000000 03:0000081E 00000000     0        0 0 3 0000000000000000                                      
  25: 0100007F:A4E7 0100007F:9CC2 06 00000000:00000000 03:00000BE3 00000000     0        0 0 3 0000000000000000                                      
  26: 0100007F:A81B 0100007F:809E 06 00000000:00000000 03:00001242 00000000     0        0 0 3 0000000000000000                                      
  27: 0100007F:9A19 0100007F:A43E 06 00000000:00000000 03:00000B64 00000000     0        0 0 3 0000000000000000                                      
  28: 0100007F:A767 0100007F:D52E 06 00000000:00000000 03:00000BE4 00000000     0        0 0 3 0000000000000000                                      
1791335381.1548615
  sl  local_address rem_address   st tx_queue rx_queue tr tm->when retrnsmt   uid  timeout inode                                                     
   0: 3500007F:0035 00000000:0000 0A 00000000:00000000 00:00000000 00000000   102        0 12728 1 0000000000000000 100 0 0 10 5                     
   1: 00000000:006F 00000000:0000 0A 00000000:00000000 00:00000000 00000000     0        0 11541 1 0000000000000000 100 0 0 10 0                     
   2: 0100007F:9E91 0100007F:DF3C 06 00000000:00000000 03:000011DF 00000000     0        0 0 3 0000000000000000                                      
   3: 0100007F:AAB1 0100007F:8ACE 06 00000000:00000000 03:00000B80 00000000     0        0 0 3 0000000000000000                                      
   4: 1500FEA9:CD48 3F15AD03:01BB 01 00000000:00000000 00:00000000 00000000  1001        0 592406 1 0000000000000000 20 4 30 16 -1                   
   5: 0100007F:A81B 0100007F:B12E 06 00000000:00000000 03:000010B2 00000000     0        0 0 3 0000000000000000                                      
   6: 0100007F:ABB7 0100007F:D020 06 00000000:00000000 03:00000B7F 00000000     0        0 0 3 0000000000000000                                      
   7: 0100007F:84EB 0100007F:E66E 06 00000000:00000000 03:000001F9 00000000     0        0 0 3 0000000000000000                                      
   8: 0100007F:9EF7 0100007F:CB4C 06 00000000:00000000 03:000011DF 00000000     0        0 0 3 0000000000000000                                      
   9: 0100007F:9403 0100007F:BF3C 06 00000000:00000000 03:00000BF8 00000000     0        0 0 3 0000000000000000                                      
  10: 0100007F:9CC2 0100007F:A4E7 06 00000000:00000000 03:00000B7F 00000000     0        0 0 3 0000000000000000                                      
  11: 0100007F:9EF7 0100007F:CB52 06 00000000:00000000 03:00001243 00000000     0        0 0 3 0000000000000000                                      
  12: 0100007F:A43E 0100007F:9A19 06 00000000:00000000 03:00000B00 00000000     0        0 0 3 0000000000000000                                      
  13: 0100007F:94A3 0100007F:A9D2 06 00000000:00000000 03:00000B7F 00000000     0        0 0 3 0000000000000000                                      
  14: 0100007F:A62F 0100007F:D9C4 06 00000000:00000000 03:000001F9 00000000     0        0 0 3 0000000000000000                                      
  15: 0100007F:E05E 0100007F:22A9 06 00000000:00000000 03:00000D35 00000000     0        0 0 3 0000000000000000                                      
  16: 0100007F:A81B 0100007F:809A 06 00000000:00000000 03:00001116 00000000     0        0 0 3 0000000000000000                                      
  17: 0100007F:9E2B 0100007F:ECF4 06 00000000:00000000 03:000009DA 00000000     0        0 0 3 0000000000000000                                      
  18: 0100007F:9EF7 0100007F:CB58 06 00000000:00000000 03:000012A7 00000000     0        0 0 3 0000000000000000                                      
  19: 0100007F:DCBA 0100007F:8DB9 06 00000000:00000000 03:000010B2 00000000     0        0 0 3 0000000000000000                                      
  20: 0100007F:A36D 0100007F:A454 06 00000000:00000000 03:000009DA 00000000     0        0 0 3 0000000000000000                                      
  21: 0100007F:E068 0100007F:22A9 06 00000000:00000000 03:00000D36 00000000     0        0 0 3 0000000000000000                                      
  22: 0100007F:84EB 0100007F:E676 06 00000000:00000000 03:000001F9 00000000     0        0 0 3 0000000000000000                                      
  23: 0100007F:9E91 0100007F:DF38 06 00000000:00000000 03:000011DE 00000000     0        0 0 3 0000000000000000                                      
  24: 1500FEA9:A284 DBA942AC:01BB 06 00000000:00000000 03:000007BA 00000000     0        0 0 3 0000000000000000                                      
  25: 0100007F:A4E7 0100007F:9CC2 06 00000000:00000000 03:00000B7F 00000000     0        0 0 3 0000000000000000                                      
  26: 0100007F:A81B 0100007F:809E 06 00000000:00000000 03:000011DE 00000000     0        0 0 3 0000000000000000                                      
  27: 0100007F:9A19 0100007F:A43E 06 00000000:00000000 03:00000B00 00000000     0        0 0 3 0000000000000000                                      
  28: 0100007F:A767 0100007F:D52E 06 00000000:00000000 03:00000B80 00000000     0        0 0 3 0000000000000000                                      
1791335382.1560311
  sl  local_address rem_address   st tx_queue rx_queue tr tm->when retrnsmt   uid  timeout inode                                                     
   0: 3500007F:0035 00000000:0000 0A 00000000:00000000 00:00000000 00000000   102        0 12728 1 0000000000000000 100 0 0 10 5                     
   1: 00000000:006F 00000000:0000 0A 00000000:00000000 00:00000000 00000000     0        0 11541 1 0000000000000000 100 0 0 10 0                     
   2: 0100007F:9E91 0100007F:DF3C 06 00000000:00000000 03:0000117B 00000000     0        0 0 3 0000000000000000                                      
   3: 0100007F:AAB1 0100007F:8ACE 06 00000000:00000000 03:00000B1C 00000000     0        0 0 3 0000000000000000                                      
   4: 1500FEA9:CD48 3F15AD03:01BB 01 00000000:00000000 00:00000000 00000000  1001        0 592406 1 0000000000000000 20 4 30 16 -1                   
   5: 0100007F:A81B 0100007F:B12E 06 00000000:00000000 03:0000104E 00000000     0        0 0 3 0000000000000000                                      
   6: 0100007F:ABB7 0100007F:D020 06 00000000:00000000 03:00000B1B 00000000     0        0 0 3 0000000000000000                                      
   7: 0100007F:84EB 0100007F:E66E 06 00000000:00000000 03:00000195 00000000     0        0 0 3 0000000000000000                                      
   8: 0100007F:9EF7 0100007F:CB4C 06 00000000:00000000 03:0000117B 00000000     0        0 0 3 0000000000000000                                      
   9: 0100007F:9403 0100007F:BF3C 06 00000000:00000000 03:00000B94 00000000     0        0 0 3 0000000000000000                                      
  10: 0100007F:9CC2 0100007F:A4E7 06 00000000:00000000 03:00000B1B 00000000     0        0 0 3 0000000000000000                                      
  11: 0100007F:9EF7 0100007F:CB52 06 00000000:00000000 03:000011DF 00000000     0        0 0 3 0000000000000000                                      
  12: 0100007F:A43E 0100007F:9A19 06 00000000:00000000 03:00000A9C 00000000     0        0 0 3 0000000000000000                                      
  13: 0100007F:94A3 0100007F:A9D2 06 00000000:00000000 03:00000B1B 00000000     0        0 0 3 0000000000000000                                      
  14: 0100007F:A62F 0100007F:D9C4 06 00000000:00000000 03:00000195 00000000     0        0 0 3 0000000000000000                                      
  15: 0100007F:E05E 0100007F:22A9 06 00000000:00000000 03:00000CD1 00000000     0        0 0 3 0000000000000000                                      
  16: 0100007F:A81B 0100007F:809A 06 00000000:00000000 03:000010B2 00000000     0        0 0 3 0000000000000000                                      
  17: 0100007F:9E2B 0100007F:ECF4 06 00000000:00000000 03:00000976 00000000     0        0 0 3 0000000000000000                                      
  18: 0100007F:9EF7 0100007F:CB58 06 00000000:00000000 03:00001243 00000000     0        0 0 3 0000000000000000                                      
  19: 0100007F:DCBA 0100007F:8DB9 06 00000000:00000000 03:0000104E 00000000     0        0 0 3 0000000000000000                                      
  20: 0100007F:A36D 0100007F:A454 06 00000000:00000000 03:00000976 00000000     0        0 0 3 0000000000000000                                      
  21: 0100007F:E068 0100007F:22A9 06 00000000:00000000 03:00000CD2 00000000     0        0 0 3 0000000000000000                                      
  22: 0100007F:84EB 0100007F:E676 06 00000000:00000000 03:00000195 00000000     0        0 0 3 0000000000000000                                      
  23: 0100007F:9E91 0100007F:DF38 06 00000000:00000000 03:0000117A 00000000     0        0 0 3 0000000000000000                                      
  24: 1500FEA9:A284 DBA942AC:01BB 06 00000000:00000000 03:00000756 00000000     0        0 0 3 0000000000000000                                      
  25: 0100007F:A4E7 0100007F:9CC2 06 00000000:00000000 03:00000B1B 00000000     0        0 0 3 0000000000000000                                      
  26: 0100007F:A81B 0100007F:809E 06 00000000:00000000 03:0000117A 00000000     0        0 0 3 0000000000000000                                      
  27: 0100007F:9A19 0100007F:A43E 06 00000000:00000000 03:00000A9C 00000000     0        0 0 3 0000000000000000                                      
  28: 0100007F:A767 0100007F:D52E 06 00000000:00000000 03:00000B1C 00000000     0        0 0 3 0000000000000000                                      
1791335383.1571674
  sl  local_address rem_address   st tx_queue rx_queue tr tm->when retrnsmt   uid  timeout inode                                                     
   0: 3500007F:0035 00000000:0000 0A 00000000:00000000 00:00000000 00000000   102        0 12728 1 0000000000000000 100 0 0 10 5                     
   1: 00000000:006F 00000000:0000 0A 00000000:00000000 00:00000000 00000000     0        0 11541 1 0000000000000000 100 0 0 10 0                     
   2: 0100007F:9E91 0100007F:DF3C 06 00000000:00000000 03:00001117 00000000     0        0 0 3 0000000000000000                                      
   3: 0100007F:AAB1 0100007F:8ACE 06 00000000:00000000 03:00000AB8 00000000     0        0 0 3 0000000000000000                                      
   4: 1500FEA9:CD48 3F15AD03:01BB 01 00000000:00000000 00:00000000 00000000  1001        0 592406 1 0000000000000000 20 4 30 16 -1                   
   5: 0100007F:A81B 0100007F:B12E 06 00000000:00000000 03:00000FEA 00000000     0        0 0 3 0000000000000000                                      
   6: 0100007F:ABB7 0100007F:D020 06 00000000:00000000 03:00000AB7 00000000     0        0 0 3 0000000000000000                                      
   7: 0100007F:84EB 0100007F:E66E 06 00000000:00000000 03:00000131 00000000     0        0 0 3 0000000000000000                                      
   8: 0100007F:9EF7 0100007F:CB4C 06 00000000:00000000 03:00001117 00000000     0        0 0 3 0000000000000000                                      
   9: 0100007F:9403 0100007F:BF3C 06 00000000:00000000 03:00000B30 00000000     0        0 0 3 0000000000000000                                      
  10: 0100007F:9CC2 0100007F:A4E7 06 00000000:00000000 03:00000AB7 00000000     0        0 0 3 0000000000000000                                      
  11: 0100007F:9EF7 0100007F:CB52 06 00000000:00000000 03:0000117B 00000000     0        0 0 3 0000000000000000                                      
  12: 0100007F:A43E 0100007F:9A19 06 00000000:00000000 03:00000A38 00000000     0        0 0 3 0000000000000000                                      
  13: 0100007F:94A3 0100007F:A9D2 06 00000000:00000000 03:00000AB7 00000000     0        0 0 3 0000000000000000                                      
  14: 0100007F:A62F 0100007F:D9C4 06 00000000:00000000 03:00000131 00000000     0        0 0 3 0000000000000000                                      
  15: 0100007F:E05E 0100007F:22A9 06 00000000:00000000 03:00000C6D 00000000     0        0 0 3 0000000000000000                                      
  16: 0100007F:A81B 0100007F:809A 06 00000000:00000000 03:0000104E 00000000     0        0 0 3 0000000000000000                                      
  17: 0100007F:9E2B 0100007F:ECF4 06 00000000:00000000 03:00000912 00000000     0        0 0 3 0000000000000000                                      
  18: 0100007F:9EF7 0100007F:CB58 06 00000000:00000000 03:000011DF 00000000     0        0 0 3 0000000000000000                                      
  19: 0100007F:DCBA 0100007F:8DB9 06 00000000:00000000 03:00000FEA 00000000     0        0 0 3 0000000000000000                                      
  20: 0100007F:A36D 0100007F:A454 06 00000000:00000000 03:00000912 00000000     0        0 0 3 0000000000000000                                      
  21: 0100007F:E068 0100007F:22A9 06 00000000:00000000 03:00000C6E 00000000     0        0 0 3 0000000000000000                                      
  22: 0100007F:84EB 0100007F:E676 06 00000000:00000000 03:00000131 00000000     0        0 0 3 0000000000000000                                      
  23: 0100007F:9E91 0100007F:DF38 06 00000000:00000000 03:00001116 00000000     0        0 0 3 0000000000000000                                      
  24: 1500FEA9:A284 DBA942AC:01BB 06 00000000:00000000 03:000006F2 00000000     0        0 0 3 0000000000000000                                      
  25: 0100007F:A4E7 0100007F:9CC2 06 00000000:00000000 03:00000AB7 00000000     0        0 0 3 0000000000000000                                      
  26: 0100007F:A81B 0100007F:809E 06 00000000:00000000 03:00001116 00000000     0        0 0 3 0000000000000000                                      
  27: 0100007F:9A19 0100007F:A43E 06 00000000:00000000 03:00000A38 00000000     0        0 0 3 0000000000000000                                      
  28: 0100007F:A767 0100007F:D52E 06 00000000:00000000 03:00000AB8 00000000     0        0 0 3 0000000000000000                                      
1791335384.1582718
  sl  local_address rem_address   st tx_queue rx_queue tr tm->when retrnsmt   uid  timeout inode                                                     
   0: 3500007F:0035 00000000:0000 0A 00000000:00000000 00:00000000 00000000   102        0 12728 1 0000000000000000 100 0 0 10 5                     
   1: 00000000:006F 00000000:0000 0A 00000000:00000000 00:00000000 00000000     0        0 11541 1 0000000000000000 100 0 0 10 0                     
   2: 0100007F:9E91 0100007F:DF3C 06 00000000:00000000 03:000010B2 00000000     0        0 0 3 0000000000000000                                      
   3: 0100007F:AAB1 0100007F:8ACE 06 00000000:00000000 03:00000A53 00000000     0        0 0 3 0000000000000000                                      
   4: 1500FEA9:CD48 3F15AD03:01BB 01 00000000:00000000 00:00000000 00000000  1001        0 592406 1 0000000000000000 20 4 30 16 -1                   
   5: 0100007F:A81B 0100007F:B12E 06 00000000:00000000 03:00000F86 00000000     0        0 0 3 0000000000000000                                      
   6: 0100007F:ABB7 0100007F:D020 06 00000000:00000000 03:00000A53 00000000     0        0 0 3 0000000000000000                                      
   7: 0100007F:84EB 0100007F:E66E 06 00000000:00000000 03:000000CD 00000000     0        0 0 3 0000000000000000                                      
   8: 0100007F:9EF7 0100007F:CB4C 06 00000000:00000000 03:000010B2 00000000     0        0 0 3 0000000000000000                                      
   9: 0100007F:9403 0100007F:BF3C 06 00000000:00000000 03:00000ACC 00000000     0        0 0 3 0000000000000000                                      
  10: 0100007F:9CC2 0100007F:A4E7 06 00000000:00000000 03:00000A53 00000000     0        0 0 3 0000000000000000                                      
  11: 0100007F:9EF7 0100007F:CB52 06 00000000:00000000 03:00001117 00000000     0        0 0 3 0000000000000000                                      
  12: 0100007F:A43E 0100007F:9A19 06 00000000:00000000 03:000009D4 00000000     0        0 0 3 0000000000000000                                      
  13: 0100007F:94A3 0100007F:A9D2 06 00000000:00000000 03:00000A53 00000000     0        0 0 3 0000000000000000                                      
  14: 0100007F:A62F 0100007F:D9C4 06 00000000:00000000 03:000000CD 00000000     0        0 0 3 0000000000000000                                      
  15: 0100007F:E05E 0100007F:22A9 06 00000000:00000000 03:00000C09 00000000     0        0 0 3 0000000000000000                                      
  16: 0100007F:A81B 0100007F:809A 06 00000000:00000000 03:00000FEA 00000000     0        0 0 3 0000000000000000                                      
  17: 0100007F:9E2B 0100007F:ECF4 06 00000000:00000000 03:000008AE 00000000     0        0 0 3 0000000000000000                                      
  18: 0100007F:9EF7 0100007F:CB58 06 00000000:00000000 03:0000117B 00000000     0        0 0 3 0000000000000000                                      
  19: 0100007F:DCBA 0100007F:8DB9 06 00000000:00000000 03:00000F86 00000000     0        0 0 3 0000000000000000                                      
  20: 0100007F:A36D 0100007F:A454 06 00000000:00000000 03:000008AE 00000000     0        0 0 3 0000000000000000                                      
  21: 0100007F:E068 0100007F:22A9 06 00000000:00000000 03:00000C0A 00000000     0        0 0 3 0000000000000000                                      
  22: 0100007F:84EB 0100007F:E676 06 00000000:00000000 03:000000CD 00000000     0        0 0 3 0000000000000000                                      
  23: 0100007F:9E91 0100007F:DF38 06 00000000:00000000 03:000010B2 00000000     0        0 0 3 0000000000000000                                      
  24: 1500FEA9:A284 DBA942AC:01BB 06 00000000:00000000 03:0000068E 00000000     0        0 0 3 0000000000000000                                      
  25: 0100007F:A4E7 0100007F:9CC2 06 00000000:00000000 03:00000A53 00000000     0        0 0 3 0000000000000000                                      
  26: 0100007F:A81B 0100007F:809E 06 00000000:00000000 03:000010B2 00000000     0        0 0 3 0000000000000000                                      
  27: 0100007F:9A19 0100007F:A43E 06 00000000:00000000 03:000009D4 00000000     0        0 0 3 0000000000000000                                      
  28: 0100007F:A767 0100007F:D52E 06 00000000:00000000 03:00000A53 00000000     0        0 0 3 0000000000000000                                      
1791335385.1594026
  sl  local_address rem_address   st tx_queue rx_queue tr tm->when retrnsmt   uid  timeout inode                                                     
   0: 3500007F:0035 00000000:0000 0A 00000000:00000000 00:00000000 00000000   102        0 12728 1 0000000000000000 100 0 0 10 5                     
   1: 00000000:006F 00000000:0000 0A 00000000:00000000 00:00000000 00000000     0        0 11541 1 0000000000000000 100 0 0 10 0                     
   2: 0100007F:9E91 0100007F:DF3C 06 00000000:00000000 03:0000104E 00000000     0        0 0 3 0000000000000000                                      
   3: 0100007F:AAB1 0100007F:8ACE 06 00000000:00000000 03:000009EF 00000000     0        0 0 3 0000000000000000                                      
   4: 1500FEA9:CD48 3F15AD03:01BB 01 00000000:00000000 00:00000000 00000000  1001        0 592406 1 0000000000000000 20 4 30 16 -1                   
   5: 0100007F:A81B 0100007F:B12E 06 00000000:00000000 03:00000F22 00000000     0        0 0 3 0000000000000000                                      
   6: 0100007F:ABB7 0100007F:D020 06 00000000:00000000 03:000009EF 00000000     0        0 0 3 0000000000000000                                      
   7: 0100007F:84EB 0100007F:E66E 06 00000000:00000000 03:00000069 00000000     0        0 0 3 0000000000000000                                      
   8: 0100007F:9EF7 0100007F:CB4C 06 00000000:00000000 03:0000104E 00000000     0        0 0 3 0000000000000000                                      
   9: 0100007F:9403 0100007F:BF3C 06 00000000:00000000 03:00000A68 00000000     0        0 0 3 0000000000000000                                      
  10: 0100007F:9CC2 0100007F:A4E7 06 00000000:00000000 03:000009EF 00000000     0        0 0 3 0000000000000000                                      
  11: 0100007F:9EF7 0100007F:CB52 06 00000000:00000000 03:000010B3 00000000     0        0 0 3 0000000000000000                                      
  12: 0100007F:A43E 0100007F:9A19 06 00000000:00000000 03:00000970 00000000     0        0 0 3 0000000000000000                                      
  13: 0100007F:94A3 0100007F:A9D2 06 00000000:00000000 03:000009EF 00000000     0        0 0 3 0000000000000000                                      
  14: 0100007F:A62F 0100007F:D9C4 06 00000000:00000000 03:00000069 00000000     0        0 0 3 0000000000000000                                      
  15: 0100007F:E05E 0100007F:22A9 06 00000000:00000000 03:00000BA5 00000000     0        0 0 3 0000000000000000                                      
  16: 0100007F:A81B 0100007F:809A 06 00000000:00000000 03:00000F86 00000000     0        0 0 3 0000000000000000                                      
  17: 0100007F:9E2B 0100007F:ECF4 06 00000000:00000000 03:0000084A 00000000     0        0 0 3 0000000000000000                                      
  18: 0100007F:9EF7 0100007F:CB58 06 00000000:00000000 03:00001117 00000000     0        0 0 3 0000000000000000                                      
  19: 0100007F:DCBA 0100007F:8DB9 06 00000000:00000000 03:00000F22 00000000     0        0 0 3 0000000000000000                                      
  20: 0100007F:A36D 0100007F:A454 06 00000000:00000000 03:0000084A 00000000     0        0 0 3 0000000000000000                                      
  21: 0100007F:E068 0100007F:22A9 06 00000000:00000000 03:00000BA6 00000000     0        0 0 3 0000000000000000                                      
  22: 0100007F:84EB 0100007F:E676 06 00000000:00000000 03:00000069 00000000     0        0 0 3 0000000000000000                                      
  23: 0100007F:9E91 0100007F:DF38 06 00000000:00000000 03:0000104E 00000000     0        0 0 3 0000000000000000                                      
  24: 1500FEA9:A284 DBA942AC:01BB 06 00000000:00000000 03:0000062A 00000000     0        0 0 3 0000000000000000                                      
  25: 0100007F:A4E7 0100007F:9CC2 06 00000000:00000000 03:000009EF 00000000     0        0 0 3 0000000000000000                                      
  26: 0100007F:A81B 0100007F:809E 06 00000000:00000000 03:0000104E 00000000     0        0 0 3 0000000000000000                                      
  27: 0100007F:9A19 0100007F:A43E 06 00000000:00000000 03:00000970 00000000     0        0 0 3 0000000000000000                                      
  28: 0100007F:A767 0100007F:D52E 06 00000000:00000000 03:000009EF 00000000     0        0 0 3 0000000000000000                                      
1791335386.1608403
  sl  local_address rem_address   st tx_queue rx_queue tr tm->when retrnsmt   uid  timeout inode                                                     
   0: 3500007F:0035 00000000:0000 0A 00000000:00000000 00:00000000 00000000   102        0 12728 1 0000000000000000 100 0 0 10 5                     
   1: 00000000:006F 00000000:0000 0A 00000000:00000000 00:00000000 00000000     0        0 11541 1 0000000000000000 100 0 0 10 0                     
   2: 0100007F:9E91 0100007F:DF3C 06 00000000:00000000 03:00000FEA 00000000     0        0 0 3 0000000000000000                                      
   3: 0100007F:AAB1 0100007F:8ACE 06 00000000:00000000 03:0000098B 00000000     0        0 0 3 0000000000000000                                      
   4: 1500FEA9:CD48 3F15AD03:01BB 01 00000000:00000000 00:00000000 00000000  1001        0 592406 1 0000000000000000 20 4 30 16 -1                   
   5: 0100007F:A81B 0100007F:B12E 06 00000000:00000000 03:00000EBE 00000000     0        0 0 3 0000000000000000                                      
   6: 0100007F:ABB7 0100007F:D020 06 00000000:00000000 03:0000098B 00000000     0        0 0 3 0000000000000000                                      
   7: 0100007F:84EB 0100007F:E66E 06 00000000:00000000 03:00000005 00000000     0        0 0 3 0000000000000000                                      
   8: 0100007F:9EF7 0100007F:CB4C 06 00000000:00000000 03:00000FEA 00000000     0        0 0 3 0000000000000000                                      
   9: 0100007F:9403 0100007F:BF3C 06 00000000:00000000 03:00000A04 00000000     0        0 0 3 0000000000000000                                      
  10: 0100007F:9CC2 0100007F:A4E7 06 00000000:00000000 03:0000098B 00000000     0        0 0 3 0000000000000000                                      
  11: 0100007F:9EF7 0100007F:CB52 06 00000000:00000000 03:0000104F 00000000     0        0 0 3 0000000000000000                                      
  12: 0100007F:A43E 0100007F:9A19 06 00000000:00000000 03:0000090C 00000000     0        0 0 3 0000000000000000                                      
  13: 0100007F:94A3 0100007F:A9D2 06 00000000:00000000 03:0000098B 00000000     0        0 0 3 0000000000000000                                      
  14: 0100007F:A62F 0100007F:D9C4 06 00000000:00000000 03:00000005 00000000     0        0 0 3 0000000000000000                                      
  15: 0100007F:E05E 0100007F:22A9 06 00000000:00000000 03:00000B41 00000000     0        0 0 3 0000000000000000                                      
  16: 0100007F:A81B 0100007F:809A 06 00000000:00000000 03:00000F22 00000000     0        0 0 3 0000000000000000                                      
  17: 0100007F:9E2B 0100007F:ECF4 06 00000000:00000000 03:000007E6 00000000     0        0 0 3 0000000000000000                                      
  18: 0100007F:9EF7 0100007F:CB58 06 00000000:00000000 03:000010B3 00000000     0        0 0 3 0000000000000000                                      
  19: 0100007F:DCBA 0100007F:8DB9 06 00000000:00000000 03:00000EBE 00000000     0        0 0 3 0000000000000000                                      
  20: 0100007F:A36D 0100007F:A454 06 00000000:00000000 03:000007E6 00000000     0        0 0 3 0000000000000000                                      
  21: 0100007F:E068 0100007F:22A9 06 00000000:00000000 03:00000B42 00000000     0        0 0 3 0000000000000000                                      
  22: 0100007F:84EB 0100007F:E676 06 00000000:00000000 03:00000005 00000000     0        0 0 3 0000000000000000                                      
  23: 0100007F:9E91 0100007F:DF38 06 00000000:00000000 03:00000FEA 00000000     0        0 0 3 0000000000000000                                      
  24: 1500FEA9:A284 DBA942AC:01BB 06 00000000:00000000 03:000005C6 00000000     0        0 0 3 0000000000000000                                      
  25: 0100007F:A4E7 0100007F:9CC2 06 00000000:00000000 03:0000098B 00000000     0        0 0 3 0000000000000000                                      
  26: 0100007F:A81B 0100007F:809E 06 00000000:00000000 03:00000FEA 00000000     0        0 0 3 0000000000000000                                      
  27: 0100007F:9A19 0100007F:A43E 06 00000000:00000000 03:0000090C 00000000     0        0 0 3 0000000000000000                                      
  28: 0100007F:A767 0100007F:D52E 06 00000000:00000000 03:0000098B 00000000     0        0 0 3 0000000000000000                                      
1791335387.1619473
  sl  local_address rem_address   st tx_queue rx_queue tr tm->when retrnsmt   uid  timeout inode                                                     
   0: 3500007F:0035 00000000:0000 0A 00000000:00000000 00:00000000 00000000   102        0 12728 1 0000000000000000 100 0 0 10 5                     
   1: 00000000:006F 00000000:0000 0A 00000000:00000000 00:00000000 00000000     0        0 11541 1 0000000000000000 100 0 0 10 0                     
   2: 0100007F:9E91 0100007F:DF3C 06 00000000:00000000 03:00000F86 00000000     0        0 0 3 0000000000000000                                      
   3: 0100007F:AAB1 0100007F:8ACE 06 00000000:00000000 03:00000927 00000000     0        0 0 3 0000000000000000                                      
   4: 1500FEA9:CD48 3F15AD03:01BB 01 00000000:00000000 00:00000000 00000000  1001        0 592406 1 0000000000000000 20 4 30 16 -1                   
   5: 0100007F:A81B 0100007F:B12E 06 00000000:00000000 03:00000E59 00000000     0        0 0 3 0000000000000000                                      
   6: 0100007F:ABB7 0100007F:D020 06 00000000:00000000 03:00000926 00000000     0        0 0 3 0000000000000000                                      
   7: 0100007F:84EB 0100007F:E66E 06 00000000:00000000 03:00000000 00000000     0        0 0 3 0000000000000000                                      
   8: 0100007F:9EF7 0100007F:CB4C 06 00000000:00000000 03:00000F86 00000000     0        0 0 3 0000000000000000                                      
   9: 0100007F:9403 0100007F:BF3C 06 00000000:00000000 03:0000099F 00000000     0        0 0 3 0000000000000000                                      
  10: 0100007F:9CC2 0100007F:A4E7 06 00000000:00000000 03:00000926 00000000     0        0 0 3 0000000000000000                                      
  11: 0100007F:9EF7 0100007F:CB52 06 00000000:00000000 03:00000FEA 00000000     0        0 0 3 0000000000000000                                      
  12: 0100007F:A43E 0100007F:9A19 06 00000000:00000000 03:000008A7 00000000     0        0 0 3 0000000000000000                                      
  13: 0100007F:94A3 0100007F:A9D2 06 00000000:00000000 03:00000926 00000000     0        0 0 3 0000000000000000                                      
  14: 0100007F:A62F 0100007F:D9C4 06 00000000:00000000 03:00000000 00000000     0        0 0 3 0000000000000000                                      
  15: 0100007F:E05E 0100007F:22A9 06 00000000:00000000 03:00000ADC 00000000     0        0 0 3 0000000000000000                                      
  16: 0100007F:A81B 0100007F:809A 06 00000000:00000000 03:00000EBE 00000000     0        0 0 3 0000000000000000                                      
  17: 0100007F:9E2B 0100007F:ECF4 06 00000000:00000000 03:00000781 00000000     0        0 0 3 0000000000000000                                      
  18: 0100007F:9EF7 0100007F:CB58 06 00000000:00000000 03:0000104E 00000000     0        0 0 3 0000000000000000                                      
  19: 0100007F:DCBA 0100007F:8DB9 06 00000000:00000000 03:00000E59 00000000     0        0 0 3 0000000000000000                                      
  20: 0100007F:A36D 0100007F:A454 06 00000000:00000000 03:00000781 00000000     0        0 0 3 0000000000000000                                      
  21: 0100007F:E068 0100007F:22A9 06 00000000:00000000 03:00000ADD 00000000     0        0 0 3 0000000000000000                                      
  22: 0100007F:84EB 0100007F:E676 06 00000000:00000000 03:00000000 00000000     0        0 0 3 0000000000000000                                      
  23: 0100007F:9E91 0100007F:DF38 06 00000000:00000000 03:00000F86 00000000     0        0 0 3 0000000000000000                                      
  24: 1500FEA9:A284 DBA942AC:01BB 06 00000000:00000000 03:00000561 00000000     0        0 0 3 0000000000000000                                      
  25: 0100007F:A4E7 0100007F:9CC2 06 00000000:00000000 03:00000926 00000000     0        0 0 3 0000000000000000                                      
  26: 0100007F:A81B 0100007F:809E 06 00000000:00000000 03:00000F86 00000000     0        0 0 3 0000000000000000                                      
  27: 0100007F:9A19 0100007F:A43E 06 00000000:00000000 03:000008A7 00000000     0        0 0 3 0000000000000000                                      
  28: 0100007F:A767 0100007F:D52E 06 00000000:00000000 03:00000927 00000000     0        0 0 3 0000000000000000                                      
1791335388.1630728
  sl  local_address rem_address   st tx_queue rx_queue tr tm->when retrnsmt   uid  timeout inode                                                     
   0: 3500007F:0035 00000000:0000 0A 00000000:00000000 00:00000000 00000000   102        0 12728 1 0000000000000000 100 0 0 10 5                     
   1: 00000000:006F 00000000:0000 0A 00000000:00000000 00:00000000 00000000     0        0 11541 1 0000000000000000 100 0 0 10 0                     
   2: 0100007F:9E91 0100007F:DF3C 06 00000000:00000000 03:00000F22 00000000     0        0 0 3 0000000000000000                                      
   3: 0100007F:AAB1 0100007F:8ACE 06 00000000:00000000 03:000008C3 00000000     0        0 0 3 0000000000000000                                      
   4: 1500FEA9:CD48 3F15AD03:01BB 01 00000000:00000000 00:00000000 00000000  1001        0 592406 1 0000000000000000 20 4 30 16 -1                   
   5: 0100007F:A81B 0100007F:B12E 06 00000000:00000000 03:00000DF5 00000000     0        0 0 3 0000000000000000                                      
   6: 0100007F:ABB7 0100007F:D020 06 00000000:00000000 03:000008C2 00000000     0        0 0 3 0000000000000000                                      
   7: 0100007F:9EF7 0100007F:CB4C 06 00000000:00000000 03:00000F22 00000000     0        0 0 3 0000000000000000                                      
   8: 0100007F:9403 0100007F:BF3C 06 00000000:00000000 03:0000093B 00000000     0        0 0 3 0000000000000000                                      
   9: 0100007F:9CC2 0100007F:A4E7 06 00000000:00000000 03:000008C2 00000000     0        0 0 3 0000000000000000                                      
  10: 0100007F:9EF7 0100007F:CB52 06 00000000:00000000 03:00000F86 00000000     0        0 0 3 0000000000000000                                      
  11: 0100007F:A43E 0100007F:9A19 06 00000000:00000000 03:00000843 00000000     0        0 0 3 0000000000000000                                      
  12: 0100007F:94A3 0100007F:A9D2 06 00000000:00000000 03:000008C2 00000000     0        0 0 3 0000000000000000                                      
  13: 0100007F:E05E 0100007F:22A9 06 00000000:00000000 03:00000A78 00000000     0        0 0 3 0000000000000000                                      
  14: 0100007F:A81B 0100007F:809A 06 00000000:00000000 03:00000E5A 00000000     0        0 0 3 0000000000000000                                      
  15: 0100007F:9E2B 0100007F:ECF4 06 00000000:00000000 03:0000071D 00000000     0        0 0 3 0000000000000000                                      
  16: 0100007F:9EF7 0100007F:CB58 06 00000000:00000000 03:00000FEA 00000000     0        0 0 3 0000000000000000                                      
  17: 0100007F:DCBA 0100007F:8DB9 06 00000000:00000000 03:00000DF5 00000000     0        0 0 3 0000000000000000                                      
  18: 0100007F:A36D 0100007F:A454 06 00000000:00000000 03:0000071D 00000000     0        0 0 3 0000000000000000                                      
  19: 0100007F:E068 0100007F:22A9 06 00000000:00000000 03:00000A79 00000000     0        0 0 3 0000000000000000                                      
  20: 0100007F:9E91 0100007F:DF38 06 00000000:00000000 03:00000F22 00000000     0        0 0 3 0000000000000000                                      
  21: 1500FEA9:A284 DBA942AC:01BB 06 00000000:00000000 03:000004FD 00000000     0        0 0 3 0000000000000000                                      
  22: 0100007F:A4E7 0100007F:9CC2 06 00000000:00000000 03:000008C2 00000000     0        0 0 3 0000000000000000                                      
  23: 0100007F:A81B 0100007F:809E 06 00000000:00000000 03:00000F22 00000000     0        0 0 3 0000000000000000                                      
  24: 0100007F:9A19 0100007F:A43E 06 00000000:00000000 03:00000843 00000000     0        0 0 3 0000000000000000                                      
  25: 0100007F:A767 0100007F:D52E 06 00000000:00000000 03:000008C3 00000000     0        0 0 3 0000000000000000                                      
1791335389.1633701
  sl  local_address rem_address   st tx_queue rx_queue tr tm->when retrnsmt   uid  timeout inode                                                     
   0: 3500007F:0035 00000000:0000 0A 00000000:00000000 00:00000000 00000000   102        0 12728 1 0000000000000000 100 0 0 10 5                     
   1: 00000000:006F 00000000:0000 0A 00000000:00000000 00:00000000 00000000     0        0 11541 1 0000000000000000 100 0 0 10 0                     
   2: 0100007F:9E91 0100007F:DF3C 06 00000000:00000000 03:00000EBE 00000000     0        0 0 3 0000000000000000                                      
   3: 0100007F:AAB1 0100007F:8ACE 06 00000000:00000000 03:0000085F 00000000     0        0 0 3 0000000000000000                                      
   4: 1500FEA9:CD48 3F15AD03:01BB 01 00000000:00000000 00:00000000 00000000  1001        0 592406 1 0000000000000000 20 4 30 16 -1                   
   5: 0100007F:A81B 0100007F:B12E 06 00000000:00000000 03:00000D91 00000000     0        0 0 3 0000000000000000                                      
   6: 0100007F:ABB7 0100007F:D020 06 00000000:00000000 03:0000085E 00000000     0        0 0 3 0000000000000000                                      
   7: 0100007F:9EF7 0100007F:CB4C 06 00000000:00000000 03:00000EBE 00000000     0        0 0 3 0000000000000000                                      
   8: 0100007F:9403 0100007F:BF3C 06 00000000:00000000 03:000008D7 00000000     0        0 0 3 0000000000000000                                      
   9: 0100007F:9CC2 0100007F:A4E7 06 00000000:00000000 03:0000085E 00000000     0        0 0 3 0000000000000000                                      
  10: 0100007F:9EF7 0100007F:CB52 06 00000000:00000000 03:00000F22 00000000     0        0 0 3 0000000000000000                                      
  11: 0100007F:A43E 0100007F:9A19 06 00000000:00000000 03:000007DF 00000000     0        0 0 3 0000000000000000                                      
  12: 0100007F:94A3 0100007F:A9D2 06 00000000:00000000 03:0000085E 00000000     0        0 0 3 0000000000000000                                      
  13: 0100007F:E05E 0100007F:22A9 06 00000000:00000000 03:00000A14 00000000     0        0 0 3 0000000000000000                                      
  14: 0100007F:A81B 0100007F:809A 06 00000000:00000000 03:00000DF6 00000000     0        0 0 3 0000000000000000                                      
  15: 0100007F:9E2B 0100007F:ECF4 06 00000000:00000000 03:000006B9 00000000     0        0 0 3 0000000000000000                                      
  16: 0100007F:9EF7 0100007F:CB58 06 00000000:00000000 03:00000F86 00000000     0        0 0 3 0000000000000000                                      
  17: 0100007F:DCBA 0100007F:8DB9 06 00000000:00000000 03:00000D91 00000000     0        0 0 3 0000000000000000                                      
  18: 0100007F:A36D 0100007F:A454 06 00000000:00000000 03:000006B9 00000000     0        0 0 3 0000000000000000                                      
  19: 0100007F:E068 0100007F:22A9 06 00000000:00000000 03:00000A15 00000000     0        0 0 3 0000000000000000                                      
  20: 0100007F:9E91 0100007F:DF38 06 00000000:00000000 03:00000EBE 00000000     0        0 0 3 0000000000000000                                      
  21: 1500FEA9:A284 DBA942AC:01BB 06 00000000:00000000 03:00000499 00000000     0        0 0 3 0000000000000000                                      
  22: 0100007F:A4E7 0100007F:9CC2 06 00000000:00000000 03:0000085E 00000000     0        0 0 3 0000000000000000                                      
  23: 0100007F:A81B 0100007F:809E 06 00000000:00000000 03:00000EBE 00000000     0        0 0 3 0000000000000000                                      
  24: 0100007F:9A19 0100007F:A43E 06 00000000:00000000 03:000007DF 00000000     0        0 0 3 0000000000000000                                      
  25: 0100007F:A767 0100007F:D52E 06 00000000:00000000 03:0000085F 00000000     0        0 0 3 0000000000000000                                      
1791335390.1647158
  sl  local_address rem_address   st tx_queue rx_queue tr tm->when retrnsmt   uid  timeout inode                                                     
   0: 3500007F:0035 00000000:0000 0A 00000000:00000000 00:00000000 00000000   102        0 12728 1 0000000000000000 100 0 0 10 5                     
   1: 00000000:006F 00000000:0000 0A 00000000:00000000 00:00000000 00000000     0        0 11541 1 0000000000000000 100 0 0 10 0                     
   2: 0100007F:9E91 0100007F:DF3C 06 00000000:00000000 03:00000E5A 00000000     0        0 0 3 0000000000000000                                      
   3: 0100007F:AAB1 0100007F:8ACE 06 00000000:00000000 03:000007FA 00000000     0        0 0 3 0000000000000000                                      
   4: 1500FEA9:CD48 3F15AD03:01BB 01 00000000:00000000 00:00000000 00000000  1001        0 592406 1 0000000000000000 20 4 30 16 -1                   
   5: 0100007F:A81B 0100007F:B12E 06 00000000:00000000 03:00000D2D 00000000     0        0 0 3 0000000000000000                                      
   6: 0100007F:ABB7 0100007F:D020 06 00000000:00000000 03:000007FA 00000000     0        0 0 3 0000000000000000                                      
   7: 0100007F:9EF7 0100007F:CB4C 06 00000000:00000000 03:00000E5A 00000000     0        0 0 3 0000000000000000                                      
   8: 0100007F:9403 0100007F:BF3C 06 00000000:00000000 03:00000873 00000000     0        0 0 3 0000000000000000                                      
   9: 0100007F:9CC2 0100007F:A4E7 06 00000000:00000000 03:000007FA 00000000     0        0 0 3 0000000000000000                                      
  10: 0100007F:9EF7 0100007F:CB52 06 00000000:00000000 03:00000EBE 00000000     0        0 0 3 0000000000000000                                      
  11: 0100007F:A43E 0100007F:9A19 06 00000000:00000000 03:0000077B 00000000     0        0 0 3 0000000000000000                                      
  12: 0100007F:94A3 0100007F:A9D2 06 00000000:00000000 03:000007FA 00000000     0        0 0 3 0000000000000000                                      
  13: 0100007F:E05E 0100007F:22A9 06 00000000:00000000 03:000009B0 00000000     0        0 0 3 0000000000000000                                      
  14: 0100007F:A81B 0100007F:809A 06 00000000:00000000 03:00000D91 00000000     0        0 0 3 0000000000000000                                      
  15: 0100007F:9E2B 0100007F:ECF4 06 00000000:00000000 03:00000655 00000000     0        0 0 3 0000000000000000                                      
  16: 0100007F:9EF7 0100007F:CB58 06 00000000:00000000 03:00000F22 00000000     0        0 0 3 0000000000000000                                      
  17: 0100007F:DCBA 0100007F:8DB9 06 00000000:00000000 03:00000D2D 00000000     0        0 0 3 0000000000000000                                      
  18: 0100007F:A36D 0100007F:A454 06 00000000:00000000 03:00000655 00000000     0        0 0 3 0000000000000000                                      
  19: 0100007F:E068 0100007F:22A9 06 00000000:00000000 03:000009B1 00000000     0        0 0 3 0000000000000000                                      
  20: 0100007F:9E91 0100007F:DF38 06 00000000:00000000 03:00000E59 00000000     0        0 0 3 0000000000000000                                      
  21: 1500FEA9:A284 DBA942AC:01BB 06 00000000:00000000 03:00000435 00000000     0        0 0 3 0000000000000000                                      
  22: 0100007F:A4E7 0100007F:9CC2 06 00000000:00000000 03:000007FA 00000000     0        0 0 3 0000000000000000                                      
  23: 0100007F:A81B 0100007F:809E 06 00000000:00000000 03:00000E59 00000000     0        0 0 3 0000000000000000                                      
  24: 0100007F:9A19 0100007F:A43E 06 00000000:00000000 03:0000077B 00000000     0        0 0 3 0000000000000000                                      
  25: 0100007F:A767 0100007F:D52E 06 00000000:00000000 03:000007FA 00000000     0        0 0 3 0000000000000000                                      
1791335391.166212
  sl  local_address rem_address   st tx_queue rx_queue tr tm->when retrnsmt   uid  timeout inode                                                     
   0: 3500007F:0035 00000000:0000 0A 00000000:00000000 00:00000000 00000000   102        0 12728 1 0000000000000000 100 0 0 10 5                     
   1: 00000000:006F 00000000:0000 0A 00000000:00000000 00:00000000 00000000     0        0 11541 1 0000000000000000 100 0 0 10 0                     
   2: 0100007F:9E91 0100007F:DF3C 06 00000000:00000000 03:00000DF6 00000000     0        0 0 3 0000000000000000                                      
   3: 0100007F:AAB1 0100007F:8ACE 06 00000000:00000000 03:00000796 00000000     0        0 0 3 0000000000000000                                      
   4: 1500FEA9:CD48 3F15AD03:01BB 01 00000000:00000000 00:00000000 00000000  1001        0 592406 1 0000000000000000 20 4 30 16 -1                   
   5: 0100007F:A81B 0100007F:B12E 06 00000000:00000000 03:00000CC9 00000000     0        0 0 3 0000000000000000                                      
   6: 0100007F:ABB7 0100007F:D020 06 00000000:00000000 03:00000796 00000000     0        0 0 3 0000000000000000                                      
   7: 0100007F:9EF7 0100007F:CB4C 06 00000000:00000000 03:00000DF6 00000000     0        0 0 3 0000000000000000                                      
   8: 0100007F:9403 0100007F:BF3C 06 00000000:00000000 03:0000080F 00000000     0        0 0 3 0000000000000000                                      
   9: 0100007F:9CC2 0100007F:A4E7 06 00000000:00000000 03:00000796 00000000     0        0 0 3 0000000000000000                                      
  10: 0100007F:9EF7 0100007F:CB52 06 00000000:00000000 03:00000E5A 00000000     0        0 0 3 0000000000000000                                      
  11: 0100007F:A43E 0100007F:9A19 06 00000000:00000000 03:00000717 00000000     0        0 0 3 0000000000000000                                      
  12: 0100007F:94A3 0100007F:A9D2 06 00000000:00000000 03:00000796 00000000     0        0 0 3 0000000000000000                                      
  13: 0100007F:E05E 0100007F:22A9 06 00000000:00000000 03:0000094C 00000000     0        0 0 3 0000000000000000                                      
  14: 0100007F:A81B 0100007F:809A 06 00000000:00000000 03:00000D2D 00000000     0        0 0 3 0000000000000000                                      
  15: 0100007F:9E2B 0100007F:ECF4 06 00000000:00000000 03:000005F1 00000000     0        0 0 3 0000000000000000                                      
  16: 0100007F:9EF7 0100007F:CB58 06 00000000:00000000 03:00000EBE 00000000     0        0 0 3 0000000000000000                                      
  17: 0100007F:DCBA 0100007F:8DB9 06 00000000:00000000 03:00000CC9 00000000     0        0 0 3 0000000000000000                                      
  18: 0100007F:A36D 0100007F:A454 06 00000000:00000000 03:000005F1 00000000     0        0 0 3 0000000000000000                                      
  19: 0100007F:E068 0100007F:22A9 06 00000000:00000000 03:0000094D 00000000     0        0 0 3 0000000000000000                                      
  20: 0100007F:9E91 0100007F:DF38 06 00000000:00000000 03:00000DF5 00000000     0        0 0 3 0000000000000000                                      
  21: 1500FEA9:A284 DBA942AC:01BB 06 00000000:00000000 03:000003D1 00000000     0        0 0 3 0000000000000000                                      
  22: 0100007F:A4E7 0100007F:9CC2 06 00000000:00000000 03:00000796 00000000     0        0 0 3 0000000000000000                                      
  23: 0100007F:A81B 0100007F:809E 06 00000000:00000000 03:00000DF5 00000000     0        0 0 3 0000000000000000                                      
  24: 0100007F:9A19 0100007F:A43E 06 00000000:00000000 03:00000717 00000000     0        0 0 3 0000000000000000                                      
  25: 0100007F:A767 0100007F:D52E 06 00000000:00000000 03:00000796 00000000     0        0 0 3 0000000000000000                                      
1791335392.1673422
  sl  local_address rem_address   st tx_queue rx_queue tr tm->when retrnsmt   uid  timeout inode                                                     
   0: 3500007F:0035 00000000:0000 0A 00000000:00000000 00:00000000 00000000   102        0 12728 1 0000000000000000 100 0 0 10 5                     
   1: 00000000:006F 00000000:0000 0A 00000000:00000000 00:00000000 00000000     0        0 11541 1 0000000000000000 100 0 0 10 0                     
   2: 0100007F:9E91 0100007F:DF3C 06 00000000:00000000 03:00000D92 00000000     0        0 0 3 0000000000000000                                      
   3: 0100007F:AAB1 0100007F:8ACE 06 00000000:00000000 03:00000732 00000000     0        0 0 3 0000000000000000                                      
   4: 1500FEA9:CD48 3F15AD03:01BB 01 00000000:00000000 00:00000000 00000000  1001        0 592406 1 0000000000000000 20 4 30 16 -1                   
   5: 0100007F:A81B 0100007F:B12E 06 00000000:00000000 03:00000C65 00000000     0        0 0 3 0000000000000000                                      
   6: 0100007F:ABB7 0100007F:D020 06 00000000:00000000 03:00000732 00000000     0        0 0 3 0000000000000000                                      
   7: 0100007F:9EF7 0100007F:CB4C 06 00000000:00000000 03:00000D92 00000000     0        0 0 3 0000000000000000                                      
   8: 0100007F:9403 0100007F:BF3C 06 00000000:00000000 03:000007AB 00000000     0        0 0 3 0000000000000000                                      
   9: 0100007F:9CC2 0100007F:A4E7 06 00000000:00000000 03:00000732 00000000     0        0 0 3 0000000000000000                                      
  10: 0100007F:9EF7 0100007F:CB52 06 00000000:00000000 03:00000DF6 00000000     0        0 0 3 0000000000000000                                      
  11: 0100007F:A43E 0100007F:9A19 06 00000000:00000000 03:000006B3 00000000     0        0 0 3 0000000000000000                                      
  12: 0100007F:94A3 0100007F:A9D2 06 00000000:00000000 03:00000732 00000000     0        0 0 3 0000000000000000                                      
  13: 0100007F:E05E 0100007F:22A9 06 00000000:00000000 03:000008E8 00000000     0        0 0 3 0000000000000000                                      
  14: 0100007F:A81B 0100007F:809A 06 00000000:00000000 03:00000CC9 00000000     0        0 0 3 0000000000000000                                      
  15: 0100007F:9E2B 0100007F:ECF4 06 00000000:00000000 03:0000058D 00000000     0        0 0 3 0000000000000000                                      
  16: 0100007F:9EF7 0100007F:CB58 06 00000000:00000000 03:00000E5A 00000000     0        0 0 3 0000000000000000                                      
  17: 0100007F:DCBA 0100007F:8DB9 06 00000000:00000000 03:00000C65 00000000     0        0 0 3 0000000000000000                                      
  18: 0100007F:A36D 0100007F:A454 06 00000000:00000000 03:0000058D 00000000     0        0 0 3 0000000000000000                                      
  19: 0100007F:E068 0100007F:22A9 06 00000000:00000000 03:000008E9 00000000     0        0 0 3 0000000000000000                                      
  20: 0100007F:9E91 0100007F:DF38 06 00000000:00000000 03:00000D91 00000000     0        0 0 3 0000000000000000                                      
  21: 1500FEA9:A284 DBA942AC:01BB 06 00000000:00000000 03:0000036D 00000000     0        0 0 3 0000000000000000                                      
  22: 0100007F:A4E7 0100007F:9CC2 06 00000000:00000000 03:00000732 00000000     0        0 0 3 0000000000000000                                      
  23: 0100007F:A81B 0100007F:809E 06 00000000:00000000 03:00000D91 00000000     0        0 0 3 0000000000000000                                      
  24: 0100007F:9A19 0100007F:A43E 06 00000000:00000000 03:000006B3 00000000     0        0 0 3 0000000000000000                                      
  25: 0100007F:A767 0100007F:D52E 06 00000000:00000000 03:00000732 00000000     0        0 0 3 0000000000000000                                      
1791335393.1684706
  sl  local_address rem_address   st tx_queue rx_queue tr tm->when retrnsmt   uid  timeout inode                                                     
   0: 3500007F:0035 00000000:0000 0A 00000000:00000000 00:00000000 00000000   102        0 12728 1 0000000000000000 100 0 0 10 5                     
   1: 00000000:006F 00000000:0000 0A 00000000:00000000 00:00000000 00000000     0        0 11541 1 0000000000000000 100 0 0 10 0                     
   2: 0100007F:9E91 0100007F:DF3C 06 00000000:00000000 03:00000D2E 00000000     0        0 0 3 0000000000000000                                      
   3: 0100007F:AAB1 0100007F:8ACE 06 00000000:00000000 03:000006CE 00000000     0        0 0 3 0000000000000000                                      
   4: 1500FEA9:CD48 3F15AD03:01BB 01 00000000:00000000 00:00000000 00000000  1001        0 592406 1 0000000000000000 20 4 30 16 -1                   
   5: 0100007F:A81B 0100007F:B12E 06 00000000:00000000 03:00000C01 00000000     0        0 0 3 0000000000000000                                      
   6: 0100007F:ABB7 0100007F:D020 06 00000000:00000000 03:000006CE 00000000     0        0 0 3 0000000000000000                                      
   7: 0100007F:9EF7 0100007F:CB4C 06 00000000:00000000 03:00000D2E 00000000     0        0 0 3 0000000000000000                                      
   8: 0100007F:9403 0100007F:BF3C 06 00000000:00000000 03:00000747 00000000     0        0 0 3 0000000000000000                                      
   9: 0100007F:9CC2 0100007F:A4E7 06 00000000:00000000 03:000006CE 00000000     0        0 0 3 0000000000000000                                      
  10: 0100007F:9EF7 0100007F:CB52 06 00000000:00000000 03:00000D92 00000000     0        0 0 3 0000000000000000                                      
  11: 0100007F:A43E 0100007F:9A19 06 00000000:00000000 03:0000064F 00000000     0        0 0 3 0000000000000000                                      
  12: 0100007F:94A3 0100007F:A9D2 06 00000000:00000000 03:000006CE 00000000     0        0 0 3 0000000000000000                                      
  13: 0100007F:E05E 0100007F:22A9 06 00000000:00000000 03:00000884 00000000     0        0 0 3 0000000000000000                                      
  14: 0100007F:A81B 0100007F:809A 06 00000000:00000000 03:00000C65 00000000     0        0 0 3 0000000000000000                                      
  15: 0100007F:9E2B 0100007F:ECF4 06 00000000:00000000 03:00000529 00000000     0        0 0 3 0000000000000000                                      
  16: 0100007F:9EF7 0100007F:CB58 06 00000000:00000000 03:00000DF6 00000000     0        0 0 3 0000000000000000                                      
  17: 0100007F:DCBA 0100007F:8DB9 06 00000000:00000000 03:00000C01 00000000     0        0 0 3 0000000000000000                                      
  18: 0100007F:A36D 0100007F:A454 06 00000000:00000000 03:00000529 00000000     0        0 0 3 0000000000000000                                      
  19: 0100007F:E068 0100007F:22A9 06 00000000:00000000 03:00000885 00000000     0        0 0 3 0000000000000000                                      
  20: 0100007F:9E91 0100007F:DF38 06 00000000:00000000 03:00000D2D 00000000     0        0 0 3 0000000000000000                                      
  21: 1500FEA9:8E82 DBA942AC:01BB 01 00000000:00000000 00:00000000 00000000  1001        0 676902 1 0000000000000000 20 4 29 10 -1                   
  22: 1500FEA9:A284 DBA942AC:01BB 06 00000000:00000000 03:00000309 00000000     0        0 0 3 0000000000000000                                      
  23: 0100007F:A4E7 0100007F:9CC2 06 00000000:00000000 03:000006CE 00000000     0        0 0 3 0000000000000000                                      
  24: 0100007F:A81B 0100007F:809E 06 00000000:00000000 03:00000D2D 00000000     0        0 0 3 0000000000000000                                      
  25: 0100007F:9A19 0100007F:A43E 06 00000000:00000000 03:0000064F 00000000     0        0 0 3 0000000000000000                                      
  26: 0100007F:A767 0100007F:D52E 06 00000000:00000000 03:000006CE 00000000     0        0 0 3 0000000000000000                                      
1791335394.1695848
  sl  local_address rem_address   st tx_queue rx_queue tr tm->when retrnsmt   uid  timeout inode                                                     
   0: 3500007F:0035 00000000:0000 0A 00000000:00000000 00:00000000 00000000   102        0 12728 1 0000000000000000 100 0 0 10 5                     
   1: 00000000:006F 00000000:0000 0A 00000000:00000000 00:00000000 00000000     0        0 11541 1 0000000000000000 100 0 0 10 0                     
   2: 0100007F:9E91 0100007F:DF3C 06 00000000:00000000 03:00000CCA 00000000     0        0 0 3 0000000000000000                                      
   3: 0100007F:AAB1 0100007F:8ACE 06 00000000:00000000 03:0000066A 00000000     0        0 0 3 0000000000000000                                      
   4: 1500FEA9:CD48 3F15AD03:01BB 01 00000000:00000000 00:00000000 00000000  1001        0 592406 1 0000000000000000 20 4 30 16 -1                   
   5: 0100007F:A81B 0100007F:B12E 06 00000000:00000000 03:00000B9D 00000000     0        0 0 3 0000000000000000                                      
   6: 0100007F:ABB7 0100007F:D020 06 00000000:00000000 03:0000066A 00000000     0        0 0 3 0000000000000000                                      
   7: 1500FEA9:E1CE 83D51068:01BB 01 00000000:00000000 02:0000176A 00000000  1001        0 677054 3 0000000000000000 20 0 0 10 -1                    
   8: 0100007F:9EF7 0100007F:CB4C 06 00000000:00000000 03:00000CCA 00000000     0        0 0 3 0000000000000000                                      
   9: 0100007F:9403 0100007F:BF3C 06 00000000:00000000 03:000006E3 00000000     0        0 0 3 0000000000000000                                      
  10: 0100007F:9CC2 0100007F:A4E7 06 00000000:00000000 03:0000066A 00000000     0        0 0 3 0000000000000000                                      
  11: 0100007F:9EF7 0100007F:CB52 06 00000000:00000000 03:00000D2E 00000000     0        0 0 3 0000000000000000                                      
  12: 0100007F:A43E 0100007F:9A19 06 00000000:00000000 03:000005EB 00000000     0        0 0 3 0000000000000000                                      
  13: 0100007F:94A3 0100007F:A9D2 06 00000000:00000000 03:0000066A 00000000     0        0 0 3 0000000000000000                                      
  14: 0100007F:E05E 0100007F:22A9 06 00000000:00000000 03:00000820 00000000     0        0 0 3 0000000000000000                                      
  15: 1500FEA9:BCB8 83D51068:01BB 06 00000000:00000000 03:0000176A 00000000     0        0 0 3 0000000000000000                                      
  16: 0100007F:A81B 0100007F:809A 06 00000000:00000000 03:00000C01 00000000     0        0 0 3 0000000000000000                                      
  17: 0100007F:9E2B 0100007F:ECF4 06 00000000:00000000 03:000004C5 00000000     0        0 0 3 0000000000000000                                      
  18: 0100007F:9EF7 0100007F:CB58 06 00000000:00000000 03:00000D92 00000000     0        0 0 3 0000000000000000                                      
  19: 0100007F:DCBA 0100007F:8DB9 06 00000000:00000000 03:00000B9D 00000000     0        0 0 3 0000000000000000                                      
  20: 0100007F:A36D 0100007F:A454 06 00000000:00000000 03:000004C5 00000000     0        0 0 3 0000000000000000                                      
  21: 0100007F:E068 0100007F:22A9 06 00000000:00000000 03:00000821 00000000     0        0 0 3 0000000000000000                                      
  22: 1500FEA9:BCB4 83D51068:01BB 06 00000000:00000000 03:00001735 00000000     0        0 0 3 0000000000000000                                      
  23: 0100007F:9E91 0100007F:DF38 06 00000000:00000000 03:00000CC9 00000000     0        0 0 3 0000000000000000                                      
  24: 1500FEA9:8E82 DBA942AC:01BB 01 00000000:00000000 00:00000000 00000000  1001        0 676902 1 0000000000000000 20 4 29 10 -1                   
  25: 1500FEA9:A284 DBA942AC:01BB 06 00000000:00000000 03:000002A5 00000000     0        0 0 3 0000000000000000                                      
  26: 0100007F:A4E7 0100007F:9CC2 06 00000000:00000000 03:0000066A 00000000     0        0 0 3 0000000000000000                                      
  27: 0100007F:A81B 0100007F:809E 06 00000000:00000000 03:00000CC9 00000000     0        0 0 3 0000000000000000                                      
  28: 0100007F:9A19 0100007F:A43E 06 00000000:00000000 03:000005EB 00000000     0        0 0 3 0000000000000000                                      
  29: 0100007F:A767 0100007F:D52E 06 00000000:00000000 03:0000066A 00000000     0        0 0 3 0000000000000000                                      
1791335395.1712449
  sl  local_address rem_address   st tx_queue rx_queue tr tm->when retrnsmt   uid  timeout inode                                                     
   0: 3500007F:0035 00000000:0000 0A 00000000:00000000 00:00000000 00000000   102        0 12728 1 0000000000000000 100 0 0 10 5                     
   1: 00000000:006F 00000000:0000 0A 00000000:00000000 00:00000000 00000000     0        0 11541 1 0000000000000000 100 0 0 10 0                     
   2: 0100007F:9E91 0100007F:DF3C 06 00000000:00000000 03:00000C65 00000000     0        0 0 3 0000000000000000                                      
   3: 0100007F:AAB1 0100007F:8ACE 06 00000000:00000000 03:00000606 00000000     0        0 0 3 0000000000000000                                      
   4: 1500FEA9:CD48 3F15AD03:01BB 01 00000000:00000000 00:00000000 00000000  1001        0 592406 1 0000000000000000 20 4 30 16 -1                   
   5: 0100007F:A81B 0100007F:B12E 06 00000000:00000000 03:00000B38 00000000     0        0 0 3 0000000000000000                                      
   6: 0100007F:ABB7 0100007F:D020 06 00000000:00000000 03:00000605 00000000     0        0 0 3 0000000000000000                                      
   7: 1500FEA9:E1CE 83D51068:01BB 06 00000000:00000000 03:0000170F 00000000     0        0 0 3 0000000000000000                                      
   8: 0100007F:9EF7 0100007F:CB4C 06 00000000:00000000 03:00000C65 00000000     0        0 0 3 0000000000000000                                      
   9: 0100007F:9403 0100007F:BF3C 06 00000000:00000000 03:0000067E 00000000     0        0 0 3 0000000000000000                                      
  10: 0100007F:9CC2 0100007F:A4E7 06 00000000:00000000 03:00000605 00000000     0        0 0 3 0000000000000000                                      
  11: 0100007F:9EF7 0100007F:CB52 06 00000000:00000000 03:00000CC9 00000000     0        0 0 3 0000000000000000                                      
  12: 0100007F:A43E 0100007F:9A19 06 00000000:00000000 03:00000586 00000000     0        0 0 3 0000000000000000                                      
  13: 0100007F:94A3 0100007F:A9D2 06 00000000:00000000 03:00000605 00000000     0        0 0 3 0000000000000000                                      
  14: 0100007F:E05E 0100007F:22A9 06 00000000:00000000 03:000007BB 00000000     0        0 0 3 0000000000000000                                      
  15: 1500FEA9:BCB8 83D51068:01BB 06 00000000:00000000 03:00001705 00000000     0        0 0 3 0000000000000000                                      
  16: 0100007F:A81B 0100007F:809A 06 00000000:00000000 03:00000B9C 00000000     0        0 0 3 0000000000000000                                      
  17: 0100007F:9E2B 0100007F:ECF4 06 00000000:00000000 03:00000460 00000000     0        0 0 3 0000000000000000                                      
  18: 0100007F:9EF7 0100007F:CB58 06 00000000:00000000 03:00000D2D 00000000     0        0 0 3 0000000000000000                                      
  19: 0100007F:DCBA 0100007F:8DB9 06 00000000:00000000 03:00000B38 00000000     0        0 0 3 0000000000000000                                      
  20: 0100007F:A36D 0100007F:A454 06 00000000:00000000 03:00000460 00000000     0        0 0 3 0000000000000000                                      
  21: 0100007F:E068 0100007F:22A9 06 00000000:00000000 03:000007BC 00000000     0        0 0 3 0000000000000000                                      
  22: 1500FEA9:BCB4 83D51068:01BB 06 00000000:00000000 03:000016D0 00000000     0        0 0 3 0000000000000000                                      
  23: 0100007F:9E91 0100007F:DF38 06 00000000:00000000 03:00000C64 00000000     0        0 0 3 0000000000000000                                      
  24: 1500FEA9:8E82 DBA942AC:01BB 01 00000000:00000000 00:00000000 00000000  1001        0 676902 1 0000000000000000 20 4 29 10 -1                   
  25: 1500FEA9:A284 DBA942AC:01BB 06 00000000:00000000 03:00000240 00000000     0        0 0 3 0000000000000000                                      
  26: 0100007F:A4E7 0100007F:9CC2 06 00000000:00000000 03:00000605 00000000     0        0 0 3 0000000000000000                                      
  27: 0100007F:A81B 0100007F:809E 06 00000000:00000000 03:00000C64 00000000     0        0 0 3 0000000000000000                                      
  28: 0100007F:9A19 0100007F:A43E 06 00000000:00000000 03:00000586 00000000     0        0 0 3 0000000000000000                                      
  29: 0100007F:A767 0100007F:D52E 06 00000000:00000000 03:00000606 00000000     0        0 0 3 0000000000000000                                      
1791335396.1724205
  sl  local_address rem_address   st tx_queue rx_queue tr tm->when retrnsmt   uid  timeout inode                                                     
   0: 3500007F:0035 00000000:0000 0A 00000000:00000000 00:00000000 00000000   102        0 12728 1 0000000000000000 100 0 0 10 5                     
   1: 00000000:006F 00000000:0000 0A 00000000:00000000 00:00000000 00000000     0        0 11541 1 0000000000000000 100 0 0 10 0                     
   2: 0100007F:9E91 0100007F:DF3C 06 00000000:00000000 03:00000C01 00000000     0        0 0 3 0000000000000000                                      
   3: 0100007F:AAB1 0100007F:8ACE 06 00000000:00000000 03:000005A2 00000000     0        0 0 3 0000000000000000                                      
   4: 1500FEA9:CD48 3F15AD03:01BB 01 00000000:00000000 00:00000000 00000000  1001        0 592406 1 0000000000000000 20 4 30 16 -1                   
   5: 0100007F:A81B 0100007F:B12E 06 00000000:00000000 03:00000AD4 00000000     0        0 0 3 0000000000000000                                      
   6: 0100007F:ABB7 0100007F:D020 06 00000000:00000000 03:000005A2 00000000     0        0 0 3 0000000000000000                                      
   7: 1500FEA9:E400 1520EFD8:01BB 01 0000001F:00000000 01:00000011 00000000  1001        0 678062 4 0000000000000000 20 4 29 10 -1                   
   8: 1500FEA9:E1CE 83D51068:01BB 06 00000000:00000000 03:000016AC 00000000     0        0 0 3 0000000000000000                                      
   9: 0100007F:9EF7 0100007F:CB4C 06 00000000:00000000 03:00000C01 00000000     0        0 0 3 0000000000000000                                      
  10: 0100007F:9403 0100007F:BF3C 06 00000000:00000000 03:0000061A 00000000     0        0 0 3 0000000000000000                                      
  11: 0100007F:9CC2 0100007F:A4E7 06 00000000:00000000 03:000005A2 00000000     0        0 0 3 0000000000000000                                      
  12: 0100007F:9EF7 0100007F:CB52 06 00000000:00000000 03:00000C66 00000000     0        0 0 3 0000000000000000                                      
  13: 0100007F:A43E 0100007F:9A19 06 00000000:00000000 03:00000522 00000000     0        0 0 3 0000000000000000                                      
  14: 0100007F:94A3 0100007F:A9D2 06 00000000:00000000 03:000005A2 00000000     0        0 0 3 0000000000000000                                      
  15: 0100007F:E05E 0100007F:22A9 06 00000000:00000000 03:00000758 00000000     0        0 0 3 0000000000000000                                      
  16: 1500FEA9:BCB8 83D51068:01BB 06 00000000:00000000 03:000016A1 00000000     0        0 0 3 0000000000000000                                      
  17: 0100007F:A81B 0100007F:809A 06 00000000:00000000 03:00000B39 00000000     0        0 0 3 0000000000000000                                      
  18: 0100007F:9E2B 0100007F:ECF4 06 00000000:00000000 03:000003FC 00000000     0        0 0 3 0000000000000000                                      
  19: 0100007F:9EF7 0100007F:CB58 06 00000000:00000000 03:00000CCA 00000000     0        0 0 3 0000000000000000                                      
  20: 0100007F:DCBA 0100007F:8DB9 06 00000000:00000000 03:00000AD4 00000000     0        0 0 3 0000000000000000                                      
  21: 0100007F:A36D 0100007F:A454 06 00000000:00000000 03:000003FC 00000000     0        0 0 3 0000000000000000                                      
  22: 0100007F:E068 0100007F:22A9 06 00000000:00000000 03:00000758 00000000     0        0 0 3 0000000000000000                                      
  23: 1500FEA9:BCB4 83D51068:01BB 06 00000000:00000000 03:0000166C 00000000     0        0 0 3 0000000000000000                                      
  24: 0100007F:9E91 0100007F:DF38 06 00000000:00000000 03:00000C01 00000000     0        0 0 3 0000000000000000                                      
  25: 1500FEA9:8E82 DBA942AC:01BB 01 00000000:00000000 00:00000000 00000000  1001        0 676902 1 0000000000000000 20 4 29 10 -1                   
  26: 1500FEA9:A284 DBA942AC:01BB 06 00000000:00000000 03:000001DC 00000000     0        0 0 3 0000000000000000                                      
  27: 0100007F:A4E7 0100007F:9CC2 06 00000000:00000000 03:000005A2 00000000     0        0 0 3 0000000000000000                                      
  28: 0100007F:A81B 0100007F:809E 06 00000000:00000000 03:00000C01 00000000     0        0 0 3 0000000000000000                                      
  29: 0100007F:9A19 0100007F:A43E 06 00000000:00000000 03:00000522 00000000     0        0 0 3 0000000000000000                                      
  30: 0100007F:A767 0100007F:D52E 06 00000000:00000000 03:000005A2 00000000     0        0 0 3 0000000000000000                                      
1791335397.174238
  sl  local_address rem_address   st tx_queue rx_queue tr tm->when retrnsmt   uid  timeout inode                                                     
   0: 3500007F:0035 00000000:0000 0A 00000000:00000000 00:00000000 00000000   102        0 12728 1 0000000000000000 100 0 0 10 5                     
   1: 00000000:006F 00000000:0000 0A 00000000:00000000 00:00000000 00000000     0        0 11541 1 0000000000000000 100 0 0 10 0                     
   2: 0100007F:9E91 0100007F:DF3C 06 00000000:00000000 03:00000B9C 00000000     0        0 0 3 0000000000000000                                      
   3: 0100007F:AAB1 0100007F:8ACE 06 00000000:00000000 03:0000053D 00000000     0        0 0 3 0000000000000000                                      
   4: 1500FEA9:CD48 3F15AD03:01BB 01 00000000:00000000 00:00000000 00000000  1001        0 592406 1 0000000000000000 20 4 30 16 -1                   
   5: 0100007F:A81B 0100007F:B12E 06 00000000:00000000 03:00000A6F 00000000     0        0 0 3 0000000000000000                                      
   6: 0100007F:ABB7 0100007F:D020 06 00000000:00000000 03:0000053C 00000000     0        0 0 3 0000000000000000                                      
   7: 1500FEA9:E400 1520EFD8:01BB 06 00000000:00000000 03:0000173A 00000000     0        0 0 3 0000000000000000                                      
   8: 1500FEA9:E1CE 83D51068:01BB 06 00000000:00000000 03:00001646 00000000     0        0 0 3 0000000000000000                                      
   9: 0100007F:9EF7 0100007F:CB4C 06 00000000:00000000 03:00000B9C 00000000     0        0 0 3 0000000000000000                                      
  10: 0100007F:9403 0100007F:BF3C 06 00000000:00000000 03:000005B5 00000000     0        0 0 3 0000000000000000                                      
  11: 0100007F:9CC2 0100007F:A4E7 06 00000000:00000000 03:0000053C 00000000     0        0 0 3 0000000000000000                                      
  12: 0100007F:9EF7 0100007F:CB52 06 00000000:00000000 03:00000C00 00000000     0        0 0 3 0000000000000000                                      
  13: 0100007F:A43E 0100007F:9A19 06 00000000:00000000 03:000004BD 00000000     0        0 0 3 0000000000000000                                      
  14: 0100007F:94A3 0100007F:A9D2 06 00000000:00000000 03:0000053C 00000000     0        0 0 3 0000000000000000                                      
  15: 0100007F:E05E 0100007F:22A9 06 00000000:00000000 03:000006F2 00000000     0        0 0 3 0000000000000000                                      
  16: 1500FEA9:BCB8 83D51068:01BB 06 00000000:00000000 03:0000163C 00000000     0        0 0 3 0000000000000000                                      
  17: 0100007F:A81B 0100007F:809A 06 00000000:00000000 03:00000AD4 00000000     0        0 0 3 0000000000000000                                      
  18: 0100007F:9E2B 0100007F:ECF4 06 00000000:00000000 03:00000397 00000000     0        0 0 3 0000000000000000                                      
  19: 0100007F:9EF7 0100007F:CB58 06 00000000:00000000 03:00000C64 00000000     0        0 0 3 0000000000000000                                      
  20: 0100007F:DCBA 0100007F:8DB9 06 00000000:00000000 03:00000A6F 00000000     0        0 0 3 0000000000000000                                      
  21: 0100007F:A36D 0100007F:A454 06 00000000:00000000 03:00000397 00000000     0        0 0 3 0000000000000000                                      
  22: 0100007F:E068 0100007F:22A9 06 00000000:00000000 03:000006F3 00000000     0        0 0 3 0000000000000000                                      
  23: 1500FEA9:BCB4 83D51068:01BB 06 00000000:00000000 03:00001607 00000000     0        0 0 3 0000000000000000                                      
  24: 0100007F:9E91 0100007F:DF38 06 00000000:00000000 03:00000B9C 00000000     0        0 0 3 0000000000000000                                      
  25: 1500FEA9:8E82 DBA942AC:01BB 01 00000000:00000000 00:00000000 00000000  1001        0 676902 1 0000000000000000 20 4 29 10 -1                   
  26: 1500FEA9:A284 DBA942AC:01BB 06 00000000:00000000 03:00000177 00000000     0        0 0 3 0000000000000000                                      
  27: 0100007F:A4E7 0100007F:9CC2 06 00000000:00000000 03:0000053C 00000000     0        0 0 3 0000000000000000                                      
  28: 0100007F:A81B 0100007F:809E 06 00000000:00000000 03:00000B9C 00000000     0        0 0 3 0000000000000000                                      
  29: 0100007F:9A19 0100007F:A43E 06 00000000:00000000 03:000004BD 00000000     0        0 0 3 0000000000000000                                      
  30: 0100007F:A767 0100007F:D52E 06 00000000:00000000 03:0000053D 00000000     0        0 0 3 0000000000000000                                      
1791335398.1752734
  sl  local_address rem_address   st tx_queue rx_queue tr tm->when retrnsmt   uid  timeout inode                                                     
   0: 3500007F:0035 00000000:0000 0A 00000000:00000000 00:00000000 00000000   102        0 12728 1 0000000000000000 100 0 0 10 5                     
   1: 00000000:006F 00000000:0000 0A 00000000:00000000 00:00000000 00000000     0        0 11541 1 0000000000000000 100 0 0 10 0                     
   2: 0100007F:9E91 0100007F:DF3C 06 00000000:00000000 03:00000B38 00000000     0        0 0 3 0000000000000000                                      
   3: 0100007F:AAB1 0100007F:8ACE 06 00000000:00000000 03:000004D9 00000000     0        0 0 3 0000000000000000                                      
   4: 1500FEA9:CD48 3F15AD03:01BB 01 00000000:00000000 00:00000000 00000000  1001        0 592406 1 0000000000000000 20 4 30 16 -1                   
   5: 0100007F:A81B 0100007F:B12E 06 00000000:00000000 03:00000A0C 00000000     0        0 0 3 0000000000000000                                      
   6: 0100007F:ABB7 0100007F:D020 06 00000000:00000000 03:000004D9 00000000     0        0 0 3 0000000000000000                                      
   7: 1500FEA9:E400 1520EFD8:01BB 06 00000000:00000000 03:000016D7 00000000     0        0 0 3 0000000000000000                                      
   8: 1500FEA9:E1CE 83D51068:01BB 06 00000000:00000000 03:000015E3 00000000     0        0 0 3 0000000000000000                                      
   9: 0100007F:9EF7 0100007F:CB4C 06 00000000:00000000 03:00000B38 00000000     0        0 0 3 0000000000000000                                      
  10: 0100007F:9403 0100007F:BF3C 06 00000000:00000000 03:00000552 00000000     0        0 0 3 0000000000000000                                      
  11: 0100007F:9CC2 0100007F:A4E7 06 00000000:00000000 03:000004D9 00000000     0        0 0 3 0000000000000000                                      
  12: 0100007F:9EF7 0100007F:CB52 06 00000000:00000000 03:00000B9D 00000000     0        0 0 3 0000000000000000                                      
  13: 0100007F:A43E 0100007F:9A19 06 00000000:00000000 03:0000045A 00000000     0        0 0 3 0000000000000000                                      
  14: 0100007F:94A3 0100007F:A9D2 06 00000000:00000000 03:000004D9 00000000     0        0 0 3 0000000000000000                                      
  15: 0100007F:E05E 0100007F:22A9 06 00000000:00000000 03:0000068F 00000000     0        0 0 3 0000000000000000                                      
  16: 1500FEA9:BCB8 83D51068:01BB 06 00000000:00000000 03:000015D8 00000000     0        0 0 3 0000000000000000                                      
  17: 0100007F:A81B 0100007F:809A 06 00000000:00000000 03:00000A70 00000000     0        0 0 3 0000000000000000                                      
  18: 0100007F:9E2B 0100007F:ECF4 06 00000000:00000000 03:00000334 00000000     0        0 0 3 0000000000000000                                      
  19: 0100007F:9EF7 0100007F:CB58 06 00000000:00000000 03:00000C01 00000000     0        0 0 3 0000000000000000                                      
  20: 0100007F:DCBA 0100007F:8DB9 06 00000000:00000000 03:00000A0C 00000000     0        0 0 3 0000000000000000                                      
  21: 0100007F:A36D 0100007F:A454 06 00000000:00000000 03:00000334 00000000     0        0 0 3 0000000000000000                                      
  22: 0100007F:E068 0100007F:22A9 06 00000000:00000000 03:00000690 00000000     0        0 0 3 0000000000000000                                      
  23: 1500FEA9:BCB4 83D51068:01BB 06 00000000:00000000 03:000015A4 00000000     0        0 0 3 0000000000000000                                      
  24: 0100007F:9E91 0100007F:DF38 06 00000000:00000000 03:00000B38 00000000     0        0 0 3 0000000000000000                                      
  25: 1500FEA9:8E82 DBA942AC:01BB 01 00000000:00000000 00:00000000 00000000  1001        0 676902 1 0000000000000000 20 4 29 10 -1                   
  26: 1500FEA9:A284 DBA942AC:01BB 06 00000000:00000000 03:00000114 00000000     0        0 0 3 0000000000000000                                      
  27: 0100007F:A4E7 0100007F:9CC2 06 00000000:00000000 03:000004D9 00000000     0        0 0 3 0000000000000000                                      
  28: 0100007F:A81B 0100007F:809E 06 00000000:00000000 03:00000B38 00000000     0        0 0 3 0000000000000000                                      
  29: 0100007F:9A19 0100007F:A43E 06 00000000:00000000 03:0000045A 00000000     0        0 0 3 0000000000000000                                      
  30: 0100007F:A767 0100007F:D52E 06 00000000:00000000 03:000004D9 00000000     0        0 0 3 0000000000000000                                      
1791335399.1767352
  sl  local_address rem_address   st tx_queue rx_queue tr tm->when retrnsmt   uid  timeout inode                                                     
   0: 3500007F:0035 00000000:0000 0A 00000000:00000000 00:00000000 00000000   102        0 12728 1 0000000000000000 100 0 0 10 5                     
   1: 00000000:006F 00000000:0000 0A 00000000:00000000 00:00000000 00000000     0        0 11541 1 0000000000000000 100 0 0 10 0                     
   2: 0100007F:9E91 0100007F:DF3C 06 00000000:00000000 03:00000AD4 00000000     0        0 0 3 0000000000000000                                      
   3: 0100007F:AAB1 0100007F:8ACE 06 00000000:00000000 03:00000475 00000000     0        0 0 3 0000000000000000                                      
   4: 1500FEA9:CD48 3F15AD03:01BB 01 00000000:00000000 00:00000000 00000000  1001        0 592406 1 0000000000000000 20 4 30 16 -1                   
   5: 0100007F:A81B 0100007F:B12E 06 00000000:00000000 03:000009A8 00000000     0        0 0 3 0000000000000000                                      
   6: 0100007F:ABB7 0100007F:D020 06 00000000:00000000 03:00000475 00000000     0        0 0 3 0000000000000000                                      
   7: 1500FEA9:E400 1520EFD8:01BB 06 00000000:00000000 03:00001673 00000000     0        0 0 3 0000000000000000                                      
   8: 1500FEA9:E1CE 83D51068:01BB 06 00000000:00000000 03:0000157F 00000000     0        0 0 3 0000000000000000                                      
   9: 0100007F:9EF7 0100007F:CB4C 06 00000000:00000000 03:00000AD4 00000000     0        0 0 3 0000000000000000                                      
  10: 0100007F:9403 0100007F:BF3C 06 00000000:00000000 03:000004EE 00000000     0        0 0 3 0000000000000000                                      
  11: 0100007F:9CC2 0100007F:A4E7 06 00000000:00000000 03:00000475 00000000     0        0 0 3 0000000000000000                                      
  12: 0100007F:9EF7 0100007F:CB52 06 00000000:00000000 03:00000B39 00000000     0        0 0 3 0000000000000000                                      
  13: 0100007F:A43E 0100007F:9A19 06 00000000:00000000 03:000003F6 00000000     0        0 0 3 0000000000000000                                      
  14: 0100007F:94A3 0100007F:A9D2 06 00000000:00000000 03:00000475 00000000     0        0 0 3 0000000000000000                                      
  15: 0100007F:E05E 0100007F:22A9 06 00000000:00000000 03:0000062B 00000000     0        0 0 3 0000000000000000                                      
  16: 1500FEA9:BCB8 83D51068:01BB 06 00000000:00000000 03:00001574 00000000     0        0 0 3 0000000000000000                                      
  17: 0100007F:A81B 0100007F:809A 06 00000000:00000000 03:00000A0C 00000000     0        0 0 3 0000000000000000                                      
  18: 0100007F:9E2B 0100007F:ECF4 06 00000000:00000000 03:000002D0 00000000     0        0 0 3 0000000000000000                                      
  19: 0100007F:9EF7 0100007F:CB58 06 00000000:00000000 03:00000B9D 00000000     0        0 0 3 0000000000000000                                      
  20: 0100007F:DCBA 0100007F:8DB9 06 00000000:00000000 03:000009A8 00000000     0        0 0 3 0000000000000000                                      
  21: 0100007F:A36D 0100007F:A454 06 00000000:00000000 03:000002D0 00000000     0        0 0 3 0000000000000000                                      
  22: 0100007F:E068 0100007F:22A9 06 00000000:00000000 03:0000062C 00000000     0        0 0 3 0000000000000000                                      
  23: 1500FEA9:BCB4 83D51068:01BB 06 00000000:00000000 03:00001540 00000000     0        0 0 3 0000000000000000                                      
  24: 0100007F:9E91 0100007F:DF38 06 00000000:00000000 03:00000AD4 00000000     0        0 0 3 0000000000000000                                      
  25: 1500FEA9:8E82 DBA942AC:01BB 01 00000000:00000000 00:00000000 00000000  1001        0 676902 1 0000000000000000 20 4 29 10 -1                   
  26: 1500FEA9:A284 DBA942AC:01BB 06 00000000:00000000 03:000000B0 00000000     0        0 0 3 0000000000000000                                      
  27: 0100007F:A4E7 0100007F:9CC2 06 00000000:00000000 03:00000475 00000000     0        0 0 3 0000000000000000                                      
  28: 0100007F:A81B 0100007F:809E 06 00000000:00000000 03:00000AD4 00000000     0        0 0 3 0000000000000000                                      
  29: 0100007F:9A19 0100007F:A43E 06 00000000:00000000 03:000003F6 00000000     0        0 0 3 0000000000000000                                      
  30: 0100007F:A767 0100007F:D52E 06 00000000:00000000 03:00000475 00000000     0        0 0 3 0000000000000000                                      
1791335400.1770353
  sl  local_address rem_address   st tx_queue rx_queue tr tm->when retrnsmt   uid  timeout inode                                                     
   0: 3500007F:0035 00000000:0000 0A 00000000:00000000 00:00000000 00000000   102        0 12728 1 0000000000000000 100 0 0 10 5                     
   1: 00000000:006F 00000000:0000 0A 00000000:00000000 00:00000000 00000000     0        0 11541 1 0000000000000000 100 0 0 10 0                     
   2: 0100007F:9E91 0100007F:DF3C 06 00000000:00000000 03:00000A6F 00000000     0        0 0 3 0000000000000000                                      
   3: 0100007F:AAB1 0100007F:8ACE 06 00000000:00000000 03:00000410 00000000     0        0 0 3 0000000000000000                                      
   4: 1500FEA9:CD48 3F15AD03:01BB 01 00000000:00000000 00:00000000 00000000  1001        0 592406 1 0000000000000000 20 4 30 16 -1                   
   5: 0100007F:A81B 0100007F:B12E 06 00000000:00000000 03:00000942 00000000     0        0 0 3 0000000000000000                                      
   6: 0100007F:ABB7 0100007F:D020 06 00000000:00000000 03:0000040F 00000000     0        0 0 3 0000000000000000                                      
   7: 1500FEA9:E400 1520EFD8:01BB 06 00000000:00000000 03:0000160D 00000000     0        0 0 3 0000000000000000                                      
   8: 1500FEA9:E1CE 83D51068:01BB 06 00000000:00000000 03:00001519 00000000     0        0 0 3 0000000000000000                                      
   9: 0100007F:9EF7 0100007F:CB4C 06 00000000:00000000 03:00000A6F 00000000     0        0 0 3 0000000000000000                                      
  10: 0100007F:9403 0100007F:BF3C 06 00000000:00000000 03:00000488 00000000     0        0 0 3 0000000000000000                                      
  11: 0100007F:9CC2 0100007F:A4E7 06 00000000:00000000 03:0000040F 00000000     0        0 0 3 0000000000000000                                      
  12: 0100007F:9EF7 0100007F:CB52 06 00000000:00000000 03:00000AD3 00000000     0        0 0 3 0000000000000000                                      
  13: 0100007F:A43E 0100007F:9A19 06 00000000:00000000 03:00000390 00000000     0        0 0 3 0000000000000000                                      
  14: 0100007F:94A3 0100007F:A9D2 06 00000000:00000000 03:0000040F 00000000     0        0 0 3 0000000000000000                                      
  15: 0100007F:E05E 0100007F:22A9 06 00000000:00000000 03:000005C5 00000000     0        0 0 3 0000000000000000                                      
  16: 1500FEA9:BCB8 83D51068:01BB 06 00000000:00000000 03:0000150F 00000000     0        0 0 3 0000000000000000                                      
  17: 0100007F:A81B 0100007F:809A 06 00000000:00000000 03:000009A6 00000000     0        0 0 3 0000000000000000                                      
  18: 0100007F:9E2B 0100007F:ECF4 06 00000000:00000000 03:0000026A 00000000     0        0 0 3 0000000000000000                                      
  19: 0100007F:9EF7 0100007F:CB58 06 00000000:00000000 03:00000B37 00000000     0        0 0 3 0000000000000000                                      
  20: 0100007F:DCBA 0100007F:8DB9 06 00000000:00000000 03:00000942 00000000     0        0 0 3 0000000000000000                                      
  21: 0100007F:A36D 0100007F:A454 06 00000000:00000000 03:0000026A 00000000     0        0 0 3 0000000000000000                                      
  22: 0100007F:E068 0100007F:22A9 06 00000000:00000000 03:000005C6 00000000     0        0 0 3 0000000000000000                                      
  23: 1500FEA9:BCB4 83D51068:01BB 06 00000000:00000000 03:000014DA 00000000     0        0 0 3 0000000000000000                                      
  24: 0100007F:9E91 0100007F:DF38 06 00000000:00000000 03:00000A6E 00000000     0        0 0 3 0000000000000000                                      
  25: 1500FEA9:8E82 DBA942AC:01BB 01 00000000:00000000 00:00000000 00000000  1001        0 676902 2 0000000000000000 20 4 29 10 -1                   
  26: 1500FEA9:A284 DBA942AC:01BB 06 00000000:00000000 03:0000004A 00000000     0        0 0 3 0000000000000000                                      
  27: 0100007F:A4E7 0100007F:9CC2 06 00000000:00000000 03:0000040F 00000000     0        0 0 3 0000000000000000                                      
  28: 0100007F:A81B 0100007F:809E 06 00000000:00000000 03:00000A6E 00000000     0        0 0 3 0000000000000000                                      
  29: 0100007F:9A19 0100007F:A43E 06 00000000:00000000 03:00000390 00000000     0        0 0 3 0000000000000000                                      
  30: 0100007F:A767 0100007F:D52E 06 00000000:00000000 03:00000410 00000000     0        0 0 3 0000000000000000                                      
1791335401.1781228
  sl  local_address rem_address   st tx_queue rx_queue tr tm->when retrnsmt   uid  timeout inode                                                     
   0: 3500007F:0035 00000000:0000 0A 00000000:00000000 00:00000000 00000000   102        0 12728 1 0000000000000000 100 0 0 10 5                     
   1: 00000000:006F 00000000:0000 0A 00000000:00000000 00:00000000 00000000     0        0 11541 1 0000000000000000 100 0 0 10 0                     
   2: 0100007F:9E91 0100007F:DF3C 06 00000000:00000000 03:00000A0C 00000000     0        0 0 3 0000000000000000                                      
   3: 0100007F:AAB1 0100007F:8ACE 06 00000000:00000000 03:000003AD 00000000     0        0 0 3 0000000000000000                                      
   4: 1500FEA9:CD48 3F15AD03:01BB 01 00000000:00000000 00:00000000 00000000  1001        0 592406 1 0000000000000000 20 4 30 16 -1                   
   5: 0100007F:A81B 0100007F:B12E 06 00000000:00000000 03:000008E0 00000000     0        0 0 3 0000000000000000                                      
   6: 0100007F:ABB7 0100007F:D020 06 00000000:00000000 03:000003AD 00000000     0        0 0 3 0000000000000000                                      
   7: 1500FEA9:E400 1520EFD8:01BB 06 00000000:00000000 03:000015AB 00000000     0        0 0 3 0000000000000000                                      
   8: 1500FEA9:E1CE 83D51068:01BB 06 00000000:00000000 03:000014B7 00000000     0        0 0 3 0000000000000000                                      
   9: 0100007F:9EF7 0100007F:CB4C 06 00000000:00000000 03:00000A0C 00000000     0        0 0 3 0000000000000000                                      
  10: 0100007F:9403 0100007F:BF3C 06 00000000:00000000 03:00000426 00000000     0        0 0 3 0000000000000000                                      
  11: 0100007F:9CC2 0100007F:A4E7 06 00000000:00000000 03:000003AD 00000000     0        0 0 3 0000000000000000                                      
  12: 0100007F:9EF7 0100007F:CB52 06 00000000:00000000 03:00000A71 00000000     0        0 0 3 0000000000000000                                      
  13: 0100007F:A43E 0100007F:9A19 06 00000000:00000000 03:0000032E 00000000     0        0 0 3 0000000000000000                                      
  14: 0100007F:94A3 0100007F:A9D2 06 00000000:00000000 03:000003AD 00000000     0        0 0 3 0000000000000000                                      
  15: 0100007F:E05E 0100007F:22A9 06 00000000:00000000 03:00000563 00000000     0        0 0 3 0000000000000000                                      
  16: 1500FEA9:BCB8 83D51068:01BB 06 00000000:00000000 03:000014AC 00000000     0        0 0 3 0000000000000000                                      
  17: 0100007F:A81B 0100007F:809A 06 00000000:00000000 03:00000944 00000000     0        0 0 3 0000000000000000                                      
  18: 0100007F:9E2B 0100007F:ECF4 06 00000000:00000000 03:00000208 00000000     0        0 0 3 0000000000000000                                      
  19: 0100007F:9EF7 0100007F:CB58 06 00000000:00000000 03:00000AD5 00000000     0        0 0 3 0000000000000000                                      
  20: 0100007F:DCBA 0100007F:8DB9 06 00000000:00000000 03:000008E0 00000000     0        0 0 3 0000000000000000                                      
  21: 0100007F:A36D 0100007F:A454 06 00000000:00000000 03:00000208 00000000     0        0 0 3 0000000000000000                                      
  22: 0100007F:E068 0100007F:22A9 06 00000000:00000000 03:00000564 00000000     0        0 0 3 0000000000000000                                      
  23: 1500FEA9:BCB4 83D51068:01BB 06 00000000:00000000 03:00001478 00000000     0        0 0 3 0000000000000000                                      
  24: 0100007F:9E91 0100007F:DF38 06 00000000:00000000 03:00000A0C 00000000     0        0 0 3 0000000000000000                                      
  25: 1500FEA9:8E82 DBA942AC:01BB 01 00000000:00000000 00:00000000 00000000  1001        0 676902 1 0000000000000000 20 4 31 10 -1                   
  26: 1500FEA9:A284 DBA942AC:01BB 06 00000000:00000000 03:00000000 00000000     0        0 0 3 0000000000000000                                      
  27: 0100007F:A4E7 0100007F:9CC2 06 00000000:00000000 03:000003AD 00000000     0        0 0 3 0000000000000000                                      
  28: 0100007F:A81B 0100007F:809E 06 00000000:00000000 03:00000A0C 00000000     0        0 0 3 0000000000000000                                      
  29: 0100007F:9A19 0100007F:A43E 06 00000000:00000000 03:0000032E 00000000     0        0 0 3 0000000000000000                                      
  30: 0100007F:A767 0100007F:D52E 06 00000000:00000000 03:000003AD 00000000     0        0 0 3 0000000000000000                                      
1791335402.179262
  sl  local_address rem_address   st tx_queue rx_queue tr tm->when retrnsmt   uid  timeout inode                                                     
   0: 3500007F:0035 00000000:0000 0A 00000000:00000000 00:00000000 00000000   102        0 12728 1 0000000000000000 100 0 0 10 5                     
   1: 00000000:006F 00000000:0000 0A 00000000:00000000 00:00000000 00000000     0        0 11541 1 0000000000000000 100 0 0 10 0                     
   2: 0100007F:9E91 0100007F:DF3C 06 00000000:00000000 03:000009A7 00000000     0        0 0 3 0000000000000000                                      
   3: 0100007F:AAB1 0100007F:8ACE 06 00000000:00000000 03:00000348 00000000     0        0 0 3 0000000000000000                                      
   4: 1500FEA9:CD48 3F15AD03:01BB 01 00000000:00000000 00:00000000 00000000  1001        0 592406 1 0000000000000000 20 4 30 16 -1                   
   5: 0100007F:A81B 0100007F:B12E 06 00000000:00000000 03:0000087A 00000000     0        0 0 3 0000000000000000                                      
   6: 0100007F:ABB7 0100007F:D020 06 00000000:00000000 03:00000347 00000000     0        0 0 3 0000000000000000                                      
   7: 1500FEA9:E400 1520EFD8:01BB 06 00000000:00000000 03:00001545 00000000     0        0 0 3 0000000000000000                                      
   8: 1500FEA9:E1CE 83D51068:01BB 06 00000000:00000000 03:00001451 00000000     0        0 0 3 0000000000000000                                      
   9: 0100007F:9EF7 0100007F:CB4C 06 00000000:00000000 03:000009A7 00000000     0        0 0 3 0000000000000000                                      
  10: 0100007F:9403 0100007F:BF3C 06 00000000:00000000 03:000003C0 00000000     0        0 0 3 0000000000000000                                      
  11: 0100007F:9CC2 0100007F:A4E7 06 00000000:00000000 03:00000347 00000000     0        0 0 3 0000000000000000                                      
  12: 0100007F:9EF7 0100007F:CB52 06 00000000:00000000 03:00000A0B 00000000     0        0 0 3 0000000000000000                                      
  13: 0100007F:A43E 0100007F:9A19 06 00000000:00000000 03:000002C8 00000000     0        0 0 3 0000000000000000                                      
  14: 0100007F:94A3 0100007F:A9D2 06 00000000:00000000 03:00000347 00000000     0        0 0 3 0000000000000000                                      
  15: 0100007F:E05E 0100007F:22A9 06 00000000:00000000 03:000004FD 00000000     0        0 0 3 0000000000000000                                      
  16: 1500FEA9:BCB8 83D51068:01BB 06 00000000:00000000 03:00001447 00000000     0        0 0 3 0000000000000000                                      
  17: 0100007F:A81B 0100007F:809A 06 00000000:00000000 03:000008DE 00000000     0        0 0 3 0000000000000000                                      
  18: 0100007F:9E2B 0100007F:ECF4 06 00000000:00000000 03:000001A2 00000000     0        0 0 3 0000000000000000                                      
  19: 0100007F:9EF7 0100007F:CB58 06 00000000:00000000 03:00000A6F 00000000     0        0 0 3 0000000000000000                                      
  20: 0100007F:DCBA 0100007F:8DB9 06 00000000:00000000 03:0000087A 00000000     0        0 0 3 0000000000000000                                      
  21: 0100007F:A36D 0100007F:A454 06 00000000:00000000 03:000001A2 00000000     0        0 0 3 0000000000000000                                      
  22: 0100007F:E068 0100007F:22A9 06 00000000:00000000 03:000004FE 00000000     0        0 0 3 0000000000000000                                      
  23: 1500FEA9:BCB4 83D51068:01BB 06 00000000:00000000 03:00001412 00000000     0        0 0 3 0000000000000000                                      
  24: 0100007F:9E91 0100007F:DF38 06 00000000:00000000 03:000009A6 00000000     0        0 0 3 0000000000000000                                      
  25: 1500FEA9:8E82 DBA942AC:01BB 01 00000000:00000000 00:00000000 00000000  1001        0 676902 1 0000000000000000 20 4 31 10 -1                   
  26: 0100007F:A4E7 0100007F:9CC2 06 00000000:00000000 03:00000347 00000000     0        0 0 3 0000000000000000                                      
  27: 0100007F:A81B 0100007F:809E 06 00000000:00000000 03:000009A6 00000000     0        0 0 3 0000000000000000                                      
  28: 0100007F:9A19 0100007F:A43E 06 00000000:00000000 03:000002C8 00000000     0        0 0 3 0000000000000000                                      
  29: 0100007F:A767 0100007F:D52E 06 00000000:00000000 03:00000348 00000000     0        0 0 3 0000000000000000                                      
1791335403.1805987
  sl  local_address rem_address   st tx_queue rx_queue tr tm->when retrnsmt   uid  timeout inode                                                     
   0: 3500007F:0035 00000000:0000 0A 00000000:00000000 00:00000000 00000000   102        0 12728 1 0000000000000000 100 0 0 10 5                     
   1: 00000000:006F 00000000:0000 0A 00000000:00000000 00:00000000 00000000     0        0 11541 1 0000000000000000 100 0 0 10 0                     
   2: 0100007F:9E91 0100007F:DF3C 06 00000000:00000000 03:00000944 00000000     0        0 0 3 0000000000000000                                      
   3: 0100007F:AAB1 0100007F:8ACE 06 00000000:00000000 03:000002E5 00000000     0        0 0 3 0000000000000000                                      
   4: 1500FEA9:CD48 3F15AD03:01BB 01 00000000:00000000 00:00000000 00000000  1001        0 592406 1 0000000000000000 20 4 30 16 -1                   
   5: 0100007F:A81B 0100007F:B12E 06 00000000:00000000 03:00000817 00000000     0        0 0 3 0000000000000000                                      
   6: 0100007F:ABB7 0100007F:D020 06 00000000:00000000 03:000002E4 00000000     0        0 0 3 0000000000000000                                      
   7: 1500FEA9:E400 1520EFD8:01BB 06 00000000:00000000 03:000014E2 00000000     0        0 0 3 0000000000000000                                      
   8: 1500FEA9:E1CE 83D51068:01BB 06 00000000:00000000 03:000013EE 00000000     0        0 0 3 0000000000000000                                      
   9: 0100007F:9EF7 0100007F:CB4C 06 00000000:00000000 03:00000944 00000000     0        0 0 3 0000000000000000                                      
  10: 0100007F:9403 0100007F:BF3C 06 00000000:00000000 03:0000035D 00000000     0        0 0 3 0000000000000000                                      
  11: 0100007F:9CC2 0100007F:A4E7 06 00000000:00000000 03:000002E4 00000000     0        0 0 3 0000000000000000                                      
  12: 0100007F:9EF7 0100007F:CB52 06 00000000:00000000 03:000009A8 00000000     0        0 0 3 0000000000000000                                      
  13: 0100007F:A43E 0100007F:9A19 06 00000000:00000000 03:00000265 00000000     0        0 0 3 0000000000000000                                      
  14: 0100007F:94A3 0100007F:A9D2 06 00000000:00000000 03:000002E4 00000000     0        0 0 3 0000000000000000                                      
  15: 0100007F:E05E 0100007F:22A9 06 00000000:00000000 03:0000049A 00000000     0        0 0 3 0000000000000000                                      
  16: 1500FEA9:BCB8 83D51068:01BB 06 00000000:00000000 03:000013E4 00000000     0        0 0 3 0000000000000000                                      
  17: 0100007F:A81B 0100007F:809A 06 00000000:00000000 03:0000087C 00000000     0        0 0 3 0000000000000000                                      
  18: 0100007F:9E2B 0100007F:ECF4 06 00000000:00000000 03:0000013F 00000000     0        0 0 3 0000000000000000                                      
  19: 0100007F:9EF7 0100007F:CB58 06 00000000:00000000 03:00000A0C 00000000     0        0 0 3 0000000000000000                                      
  20: 0100007F:DCBA 0100007F:8DB9 06 00000000:00000000 03:00000817 00000000     0        0 0 3 0000000000000000                                      
  21: 0100007F:A36D 0100007F:A454 06 00000000:00000000 03:0000013F 00000000     0        0 0 3 0000000000000000                                      
  22: 0100007F:E068 0100007F:22A9 06 00000000:00000000 03:0000049B 00000000     0        0 0 3 0000000000000000                                      
  23: 1500FEA9:BCB4 83D51068:01BB 06 00000000:00000000 03:000013AF 00000000     0        0 0 3 0000000000000000                                      
  24: 0100007F:9E91 0100007F:DF38 06 00000000:00000000 03:00000944 00000000     0        0 0 3 0000000000000000                                      
  25: 1500FEA9:8E82 DBA942AC:01BB 01 00000000:00000000 00:00000000 00000000  1001        0 676902 1 0000000000000000 20 4 31 10 -1                   
  26: 0100007F:A4E7 0100007F:9CC2 06 00000000:00000000 03:000002E4 00000000     0        0 0 3 0000000000000000                                      
  27: 0100007F:A81B 0100007F:809E 06 00000000:00000000 03:00000944 00000000     0        0 0 3 0000000000000000                                      
  28: 0100007F:9A19 0100007F:A43E 06 00000000:00000000 03:00000265 00000000     0        0 0 3 0000000000000000                                      
  29: 0100007F:A767 0100007F:D52E 06 00000000:00000000 03:000002E5 00000000     0        0 0 3 0000000000000000                                      
1791335404.182225
  sl  local_address rem_address   st tx_queue rx_queue tr tm->when retrnsmt   uid  timeout inode                                                     
   0: 3500007F:0035 00000000:0000 0A 00000000:00000000 00:00000000 00000000   102        0 12728 1 0000000000000000 100 0 0 10 5                     
   1: 00000000:006F 00000000:0000 0A 00000000:00000000 00:00000000 00000000     0        0 11541 1 0000000000000000 100 0 0 10 0                     
   2: 1500FEA9:A742 89026597:01BB 01 00000000:00000000 02:000005DA 00000000  1001        0 678703 3 0000000000000000 20 0 0 10 -1                    
   3: 0100007F:9E91 0100007F:DF3C 06 00000000:00000000 03:000008E0 00000000     0        0 0 3 0000000000000000                                      
   4: 0100007F:AAB1 0100007F:8ACE 06 00000000:00000000 03:00000281 00000000     0        0 0 3 0000000000000000                                      
   5: 1500FEA9:CD48 3F15AD03:01BB 01 00000000:00000000 00:00000000 00000000  1001        0 592406 1 0000000000000000 20 4 30 16 -1                   
   6: 0100007F:A81B 0100007F:B12E 06 00000000:00000000 03:000007B3 00000000     0        0 0 3 0000000000000000                                      
   7: 0100007F:ABB7 0100007F:D020 06 00000000:00000000 03:00000280 00000000     0        0 0 3 0000000000000000                                      
   8: 1500FEA9:E400 1520EFD8:01BB 06 00000000:00000000 03:0000147E 00000000     0        0 0 3 0000000000000000                                      
   9: 1500FEA9:E1CE 83D51068:01BB 06 00000000:00000000 03:0000138A 00000000     0        0 0 3 0000000000000000                                      
  10: 0100007F:9EF7 0100007F:CB4C 06 00000000:00000000 03:000008E0 00000000     0        0 0 3 0000000000000000                                      
  11: 0100007F:9403 0100007F:BF3C 06 00000000:00000000 03:000002F9 00000000     0        0 0 3 0000000000000000                                      
  12: 0100007F:9CC2 0100007F:A4E7 06 00000000:00000000 03:00000280 00000000     0        0 0 3 0000000000000000                                      
  13: 0100007F:9EF7 0100007F:CB52 06 00000000:00000000 03:00000944 00000000     0        0 0 3 0000000000000000                                      
  14: 0100007F:A43E 0100007F:9A19 06 00000000:00000000 03:00000201 00000000     0        0 0 3 0000000000000000                                      
  15: 0100007F:94A3 0100007F:A9D2 06 00000000:00000000 03:00000280 00000000     0        0 0 3 0000000000000000                                      
  16: 0100007F:E05E 0100007F:22A9 06 00000000:00000000 03:00000436 00000000     0        0 0 3 0000000000000000                                      
  17: 1500FEA9:BCB8 83D51068:01BB 06 00000000:00000000 03:00001380 00000000     0        0 0 3 0000000000000000                                      
  18: 0100007F:A81B 0100007F:809A 06 00000000:00000000 03:00000818 00000000     0        0 0 3 0000000000000000                                      
  19: 0100007F:9E2B 0100007F:ECF4 06 00000000:00000000 03:000000DB 00000000     0        0 0 3 0000000000000000                                      
  20: 0100007F:9EF7 0100007F:CB58 06 00000000:00000000 03:000009A8 00000000     0        0 0 3 0000000000000000                                      
  21: 0100007F:DCBA 0100007F:8DB9 06 00000000:00000000 03:000007B3 00000000     0        0 0 3 0000000000000000                                      
  22: 0100007F:A36D 0100007F:A454 06 00000000:00000000 03:000000DB 00000000     0        0 0 3 0000000000000000                                      
  23: 0100007F:E068 0100007F:22A9 06 00000000:00000000 03:00000437 00000000     0        0 0 3 0000000000000000                                      
  24: 1500FEA9:9298 89C26597:01BB 01 00000000:00092E01 02:000005CD 00000000  1001        0 679022 4 0000000000000000 20 4 1 10 -1                    
  25: 1500FEA9:BCB4 83D51068:01BB 06 00000000:00000000 03:0000134B 00000000     0        0 0 3 0000000000000000                                      
  26: 0100007F:9E91 0100007F:DF38 06 00000000:00000000 03:000008E0 00000000     0        0 0 3 0000000000000000                                      
  27: 1500FEA9:8E82 DBA942AC:01BB 06 00000000:00000000 03:0000172B 00000000     0        0 0 3 0000000000000000                                      
  28: 0100007F:A4E7 0100007F:9CC2 06 00000000:00000000 03:00000280 00000000     0        0 0 3 0000000000000000                                      
  29: 0100007F:A81B 0100007F:809E 06 00000000:00000000 03:000008E0 00000000     0        0 0 3 0000000000000000                                      
  30: 0100007F:9A19 0100007F:A43E 06 00000000:00000000 03:00000201 00000000     0        0 0 3 0000000000000000                                      
  31: 0100007F:A767 0100007F:D52E 06 00000000:00000000 03:00000281 00000000     0        0 0 3 0000000000000000                                      
1791335405.1833236
  sl  local_address rem_address   st tx_queue rx_queue tr tm->when retrnsmt   uid  timeout inode                                                     
   0: 3500007F:0035 00000000:0000 0A 00000000:00000000 00:00000000 00000000   102        0 12728 1 0000000000000000 100 0 0 10 5                     
   1: 00000000:006F 00000000:0000 0A 00000000:00000000 00:00000000 00000000     0        0 11541 1 0000000000000000 100 0 0 10 0                     
   2: 0100007F:9E91 0100007F:DF3C 06 00000000:00000000 03:0000087C 00000000     0        0 0 3 0000000000000000                                      
   3: 0100007F:AAB1 0100007F:8ACE 06 00000000:00000000 03:0000021D 00000000     0        0 0 3 0000000000000000                                      
   4: 1500FEA9:CD48 3F15AD03:01BB 01 00000000:00000000 00:00000000 00000000  1001        0 592406 1 0000000000000000 20 4 30 16 -1                   
   5: 0100007F:A81B 0100007F:B12E 06 00000000:00000000 03:0000074F 00000000     0        0 0 3 0000000000000000                                      
   6: 0100007F:ABB7 0100007F:D020 06 00000000:00000000 03:0000021C 00000000     0        0 0 3 0000000000000000                                      
   7: 1500FEA9:E400 1520EFD8:01BB 06 00000000:00000000 03:0000141A 00000000     0        0 0 3 0000000000000000                                      
   8: 1500FEA9:E1CE 83D51068:01BB 06 00000000:00000000 03:00001326 00000000     0        0 0 3 0000000000000000                                      
   9: 0100007F:9EF7 0100007F:CB4C 06 00000000:00000000 03:0000087C 00000000     0        0 0 3 0000000000000000                                      
  10: 0100007F:9403 0100007F:BF3C 06 00000000:00000000 03:00000295 00000000     0        0 0 3 0000000000000000                                      
  11: 0100007F:9CC2 0100007F:A4E7 06 00000000:00000000 03:0000021C 00000000     0        0 0 3 0000000000000000                                      
  12: 0100007F:9EF7 0100007F:CB52 06 00000000:00000000 03:000008E0 00000000     0        0 0 3 0000000000000000                                      
  13: 0100007F:A43E 0100007F:9A19 06 00000000:00000000 03:0000019D 00000000     0        0 0 3 0000000000000000                                      
  14: 0100007F:94A3 0100007F:A9D2 06 00000000:00000000 03:0000021C 00000000     0        0 0 3 0000000000000000                                      
  15: 0100007F:E05E 0100007F:22A9 06 00000000:00000000 03:000003D2 00000000     0        0 0 3 0000000000000000                                      
  16: 1500FEA9:BCB8 83D51068:01BB 06 00000000:00000000 03:0000131C 00000000     0        0 0 3 0000000000000000                                      
  17: 0100007F:A81B 0100007F:809A 06 00000000:00000000 03:000007B4 00000000     0        0 0 3 0000000000000000                                      
  18: 0100007F:9E2B 0100007F:ECF4 06 00000000:00000000 03:00000077 00000000     0        0 0 3 0000000000000000                                      
  19: 0100007F:9EF7 0100007F:CB58 06 00000000:00000000 03:00000944 00000000     0        0 0 3 0000000000000000                                      
  20: 0100007F:DCBA 0100007F:8DB9 06 00000000:00000000 03:0000074F 00000000     0        0 0 3 0000000000000000                                      
  21: 0100007F:A36D 0100007F:A454 06 00000000:00000000 03:00000077 00000000     0        0 0 3 0000000000000000                                      
  22: 0100007F:E068 0100007F:22A9 06 00000000:00000000 03:000003D3 00000000     0        0 0 3 0000000000000000                                      
  23: 1500FEA9:BCB4 83D51068:01BB 06 00000000:00000000 03:000012E7 00000000     0        0 0 3 0000000000000000                                      
  24: 0100007F:9E91 0100007F:DF38 06 00000000:00000000 03:0000087C 00000000     0        0 0 3 0000000000000000                                      
  25: 1500FEA9:8E82 DBA942AC:01BB 06 00000000:00000000 03:000016C7 00000000     0        0 0 3 0000000000000000                                      
  26: 0100007F:A4E7 0100007F:9CC2 06 00000000:00000000 03:0000021C 00000000     0        0 0 3 0000000000000000                                      
  27: 0100007F:A81B 0100007F:809E 06 00000000:00000000 03:0000087C 00000000     0        0 0 3 0000000000000000                                      
  28: 0100007F:9A19 0100007F:A43E 06 00000000:00000000 03:0000019D 00000000     0        0 0 3 0000000000000000                                      
  29: 0100007F:A767 0100007F:D52E 06 00000000:00000000 03:0000021D 00000000     0        0 0 3 0000000000000000                                      
1791335406.1848922
  sl  local_address rem_address   st tx_queue rx_queue tr tm->when retrnsmt   uid  timeout inode                                                     
   0: 3500007F:0035 00000000:0000 0A 00000000:00000000 00:00000000 00000000   102        0 12728 1 0000000000000000 100 0 0 10 5                     
   1: 00000000:006F 00000000:0000 0A 00000000:00000000 00:00000000 00000000     0        0 11541 1 0000000000000000 100 0 0 10 0                     
   2: 0100007F:9E91 0100007F:DF3C 06 00000000:00000000 03:00000818 00000000     0        0 0 3 0000000000000000                                      
   3: 0100007F:AAB1 0100007F:8ACE 06 00000000:00000000 03:000001B8 00000000     0        0 0 3 0000000000000000                                      
   4: 1500FEA9:CD48 3F15AD03:01BB 01 00000000:00000000 00:00000000 00000000  1001        0 592406 1 0000000000000000 20 4 30 16 -1                   
   5: 0100007F:A81B 0100007F:B12E 06 00000000:00000000 03:000006EB 00000000     0        0 0 3 0000000000000000                                      
   6: 0100007F:ABB7 0100007F:D020 06 00000000:00000000 03:000001B8 00000000     0        0 0 3 0000000000000000                                      
   7: 1500FEA9:E400 1520EFD8:01BB 06 00000000:00000000 03:000013B6 00000000     0        0 0 3 0000000000000000                                      
   8: 1500FEA9:E1CE 83D51068:01BB 06 00000000:00000000 03:000012C2 00000000     0        0 0 3 0000000000000000                                      
   9: 0100007F:9EF7 0100007F:CB4C 06 00000000:00000000 03:00000818 00000000     0        0 0 3 0000000000000000                                      
  10: 0100007F:9403 0100007F:BF3C 06 00000000:00000000 03:00000231 00000000     0        0 0 3 0000000000000000                                      
  11: 0100007F:9CC2 0100007F:A4E7 06 00000000:00000000 03:000001B8 00000000     0        0 0 3 0000000000000000                                      
  12: 0100007F:9EF7 0100007F:CB52 06 00000000:00000000 03:0000087C 00000000     0        0 0 3 0000000000000000                                      
  13: 0100007F:A43E 0100007F:9A19 06 00000000:00000000 03:00000139 00000000     0        0 0 3 0000000000000000                                      
  14: 0100007F:94A3 0100007F:A9D2 06 00000000:00000000 03:000001B8 00000000     0        0 0 3 0000000000000000                                      
  15: 0100007F:E05E 0100007F:22A9 06 00000000:00000000 03:0000036E 00000000     0        0 0 3 0000000000000000                                      
  16: 1500FEA9:BCB8 83D51068:01BB 06 00000000:00000000 03:000012B8 00000000     0        0 0 3 0000000000000000                                      
  17: 0100007F:A81B 0100007F:809A 06 00000000:00000000 03:0000074F 00000000     0        0 0 3 0000000000000000                                      
  18: 0100007F:9E2B 0100007F:ECF4 06 00000000:00000000 03:00000013 00000000     0        0 0 3 0000000000000000                                      
  19: 0100007F:9EF7 0100007F:CB58 06 00000000:00000000 03:000008E0 00000000     0        0 0 3 0000000000000000                                      
  20: 0100007F:DCBA 0100007F:8DB9 06 00000000:00000000 03:000006EB 00000000     0        0 0 3 0000000000000000                                      
  21: 0100007F:A36D 0100007F:A454 06 00000000:00000000 03:00000013 00000000     0        0 0 3 0000000000000000                                      
  22: 0100007F:E068 0100007F:22A9 06 00000000:00000000 03:0000036F 00000000     0        0 0 3 0000000000000000                                      
  23: 1500FEA9:BCB4 83D51068:01BB 06 00000000:00000000 03:00001283 00000000     0        0 0 3 0000000000000000                                      
  24: 0100007F:9E91 0100007F:DF38 06 00000000:00000000 03:00000817 00000000     0        0 0 3 0000000000000000                                      
  25: 1500FEA9:8E82 DBA942AC:01BB 06 00000000:00000000 03:00001663 00000000     0        0 0 3 0000000000000000                                      
  26: 0100007F:A4E7 0100007F:9CC2 06 00000000:00000000 03:000001B8 00000000     0        0 0 3 0000000000000000                                      
  27: 0100007F:A81B 0100007F:809E 06 00000000:00000000 03:00000817 00000000     0        0 0 3 0000000000000000                                      
  28: 0100007F:9A19 0100007F:A43E 06 00000000:00000000 03:00000139 00000000     0        0 0 3 0000000000000000                                      
  29: 0100007F:A767 0100007F:D52E 06 00000000:00000000 03:000001B8 00000000     0        0 0 3 0000000000000000                                      
1791335407.186156
  sl  local_address rem_address   st tx_queue rx_queue tr tm->when retrnsmt   uid  timeout inode                                                     
   0: 3500007F:0035 00000000:0000 0A 00000000:00000000 00:00000000 00000000   102        0 12728 1 0000000000000000 100 0 0 10 5                     
   1: 00000000:006F 00000000:0000 0A 00000000:00000000 00:00000000 00000000     0        0 11541 1 0000000000000000 100 0 0 10 0                     
   2: 0100007F:9E91 0100007F:DF3C 06 00000000:00000000 03:000007B4 00000000     0        0 0 3 0000000000000000                                      
   3: 0100007F:AAB1 0100007F:8ACE 06 00000000:00000000 03:00000154 00000000     0        0 0 3 0000000000000000                                      
   4: 1500FEA9:CD48 3F15AD03:01BB 01 00000000:00000000 00:00000000 00000000  1001        0 592406 1 0000000000000000 20 4 30 16 -1                   
   5: 0100007F:A81B 0100007F:B12E 06 00000000:00000000 03:00000687 00000000     0        0 0 3 0000000000000000                                      
   6: 0100007F:ABB7 0100007F:D020 06 00000000:00000000 03:00000154 00000000     0        0 0 3 0000000000000000                                      
   7: 1500FEA9:E400 1520EFD8:01BB 06 00000000:00000000 03:00001352 00000000     0        0 0 3 0000000000000000                                      
   8: 1500FEA9:E1CE 83D51068:01BB 06 00000000:00000000 03:0000125E 00000000     0        0 0 3 0000000000000000                                      
   9: 0100007F:9EF7 0100007F:CB4C 06 00000000:00000000 03:000007B4 00000000     0        0 0 3 0000000000000000                                      
  10: 0100007F:9403 0100007F:BF3C 06 00000000:00000000 03:000001CD 00000000     0        0 0 3 0000000000000000                                      
  11: 0100007F:9CC2 0100007F:A4E7 06 00000000:00000000 03:00000154 00000000     0        0 0 3 0000000000000000                                      
  12: 0100007F:9EF7 0100007F:CB52 06 00000000:00000000 03:00000818 00000000     0        0 0 3 0000000000000000                                      
  13: 0100007F:A43E 0100007F:9A19 06 00000000:00000000 03:000000D5 00000000     0        0 0 3 0000000000000000                                      
  14: 0100007F:94A3 0100007F:A9D2 06 00000000:00000000 03:00000154 00000000     0        0 0 3 0000000000000000                                      
  15: 0100007F:E05E 0100007F:22A9 06 00000000:00000000 03:0000030A 00000000     0        0 0 3 0000000000000000                                      
  16: 1500FEA9:BCB8 83D51068:01BB 06 00000000:00000000 03:00001254 00000000     0        0 0 3 0000000000000000                                      
  17: 0100007F:A81B 0100007F:809A 06 00000000:00000000 03:000006EB 00000000     0        0 0 3 0000000000000000                                      
  18: 0100007F:9E2B 0100007F:ECF4 06 00000000:00000000 03:00000000 00000000     0        0 0 3 0000000000000000                                      
  19: 0100007F:9EF7 0100007F:CB58 06 00000000:00000000 03:0000087C 00000000     0        0 0 3 0000000000000000                                      
  20: 0100007F:DCBA 0100007F:8DB9 06 00000000:00000000 03:00000687 00000000     0        0 0 3 0000000000000000                                      
  21: 0100007F:A36D 0100007F:A454 06 00000000:00000000 03:00000000 00000000     0        0 0 3 0000000000000000                                      
  22: 0100007F:E068 0100007F:22A9 06 00000000:00000000 03:0000030B 00000000     0        0 0 3 0000000000000000                                      
  23: 1500FEA9:BCB4 83D51068:01BB 06 00000000:00000000 03:0000121F 00000000     0        0 0 3 0000000000000000                                      
  24: 0100007F:9E91 0100007F:DF38 06 00000000:00000000 03:000007B3 00000000     0        0 0 3 0000000000000000                                      
  25: 1500FEA9:8E82 DBA942AC:01BB 06 00000000:00000000 03:000015FF 00000000     0        0 0 3 0000000000000000                                      
  26: 0100007F:A4E7 0100007F:9CC2 06 00000000:00000000 03:00000154 00000000     0        0 0 3 0000000000000000                                      
  27: 0100007F:A81B 0100007F:809E 06 00000000:00000000 03:000007B3 00000000     0        0 0 3 0000000000000000                                      
  28: 0100007F:9A19 0100007F:A43E 06 00000000:00000000 03:000000D5 00000000     0        0 0 3 0000000000000000                                      
  29: 0100007F:A767 0100007F:D52E 06 00000000:00000000 03:00000154 00000000     0        0 0 3 0000000000000000                                      
1791335408.1873088
  sl  local_address rem_address   st tx_queue rx_queue tr tm->when retrnsmt   uid  timeout inode                                                     
   0: 3500007F:0035 00000000:0000 0A 00000000:00000000 00:00000000 00000000   102        0 12728 1 0000000000000000 100 0 0 10 5                     
   1: 00000000:006F 00000000:0000 0A 00000000:00000000 00:00000000 00000000     0        0 11541 1 0000000000000000 100 0 0 10 0                     
   2: 0100007F:9E91 0100007F:DF3C 06 00000000:00000000 03:00000750 00000000     0        0 0 3 0000000000000000                                      
   3: 0100007F:AAB1 0100007F:8ACE 06 00000000:00000000 03:000000F0 00000000     0        0 0 3 0000000000000000                                      
   4: 1500FEA9:CD48 3F15AD03:01BB 01 00000000:00000000 00:00000000 00000000  1001        0 592406 1 0000000000000000 20 4 30 16 -1                   
   5: 0100007F:A81B 0100007F:B12E 06 00000000:00000000 03:00000623 00000000     0        0 0 3 0000000000000000                                      
   6: 0100007F:ABB7 0100007F:D020 06 00000000:00000000 03:000000F0 00000000     0        0 0 3 0000000000000000                                      
   7: 1500FEA9:E400 1520EFD8:01BB 06 00000000:00000000 03:000012EE 00000000     0        0 0 3 0000000000000000                                      
   8: 1500FEA9:E1CE 83D51068:01BB 06 00000000:00000000 03:000011FA 00000000     0        0 0 3 0000000000000000                                      
   9: 0100007F:9EF7 0100007F:CB4C 06 00000000:00000000 03:00000750 00000000     0        0 0 3 0000000000000000                                      
  10: 0100007F:9403 0100007F:BF3C 06 00000000:00000000 03:00000169 00000000     0        0 0 3 0000000000000000                                      
  11: 0100007F:9CC2 0100007F:A4E7 06 00000000:00000000 03:000000F0 00000000     0        0 0 3 0000000000000000                                      
  12: 0100007F:9EF7 0100007F:CB52 06 00000000:00000000 03:000007B4 00000000     0        0 0 3 0000000000000000                                      
  13: 0100007F:A43E 0100007F:9A19 06 00000000:00000000 03:00000071 00000000     0        0 0 3 0000000000000000                                      
  14: 0100007F:94A3 0100007F:A9D2 06 00000000:00000000 03:000000F0 00000000     0        0 0 3 0000000000000000                                      
  15: 0100007F:E05E 0100007F:22A9 06 00000000:00000000 03:000002A6 00000000     0        0 0 3 0000000000000000                                      
  16: 1500FEA9:BCB8 83D51068:01BB 06 00000000:00000000 03:000011F0 00000000     0        0 0 3 0000000000000000                                      
  17: 0100007F:A81B 0100007F:809A 06 00000000:00000000 03:00000687 00000000     0        0 0 3 0000000000000000                                      
  18: 0100007F:9EF7 0100007F:CB58 06 00000000:00000000 03:00000818 00000000     0        0 0 3 0000000000000000                                      
  19: 0100007F:DCBA 0100007F:8DB9 06 00000000:00000000 03:00000623 00000000     0        0 0 3 0000000000000000                                      
  20: 0100007F:E068 0100007F:22A9 06 00000000:00000000 03:000002A7 00000000     0        0 0 3 0000000000000000                                      
  21: 1500FEA9:BCB4 83D51068:01BB 06 00000000:00000000 03:000011BB 00000000     0        0 0 3 0000000000000000                                      
  22: 0100007F:9E91 0100007F:DF38 06 00000000:00000000 03:0000074F 00000000     0        0 0 3 0000000000000000                                      
  23: 1500FEA9:8E82 DBA942AC:01BB 06 00000000:00000000 03:0000159B 00000000     0        0 0 3 0000000000000000                                      
  24: 0100007F:A4E7 0100007F:9CC2 06 00000000:00000000 03:000000F0 00000000     0        0 0 3 0000000000000000                                      
  25: 0100007F:A81B 0100007F:809E 06 00000000:00000000 03:0000074F 00000000     0        0 0 3 0000000000000000                                      
  26: 0100007F:9A19 0100007F:A43E 06 00000000:00000000 03:00000071 00000000     0        0 0 3 0000000000000000                                      
  27: 0100007F:A767 0100007F:D52E 06 00000000:00000000 03:000000F0 00000000     0        0 0 3 0000000000000000                                      
1791335409.1886878
  sl  local_address rem_address   st tx_queue rx_queue tr tm->when retrnsmt   uid  timeout inode                                                     
   0: 3500007F:0035 00000000:0000 0A 00000000:00000000 00:00000000 00000000   102        0 12728 1 0000000000000000 100 0 0 10 5                     
   1: 00000000:006F 00000000:0000 0A 00000000:00000000 00:00000000 00000000     0        0 11541 1 0000000000000000 100 0 0 10 0                     
   2: 0100007F:9E91 0100007F:DF3C 06 00000000:00000000 03:000006EC 00000000     0        0 0 3 0000000000000000                                      
   3: 0100007F:AAB1 0100007F:8ACE 06 00000000:00000000 03:0000008C 00000000     0        0 0 3 0000000000000000                                      
   4: 1500FEA9:CD48 3F15AD03:01BB 01 00000000:00000000 00:00000000 00000000  1001        0 592406 1 0000000000000000 20 4 30 16 -1                   
   5: 0100007F:A81B 0100007F:B12E 06 00000000:00000000 03:000005BF 00000000     0        0 0 3 0000000000000000                                      
   6: 0100007F:ABB7 0100007F:D020 06 00000000:00000000 03:0000008C 00000000     0        0 0 3 0000000000000000                                      
   7: 1500FEA9:E400 1520EFD8:01BB 06 00000000:00000000 03:0000128A 00000000     0        0 0 3 0000000000000000                                      
   8: 1500FEA9:E1CE 83D51068:01BB 06 00000000:00000000 03:00001196 00000000     0        0 0 3 0000000000000000                                      
   9: 0100007F:9EF7 0100007F:CB4C 06 00000000:00000000 03:000006EC 00000000     0        0 0 3 0000000000000000                                      
  10: 0100007F:9403 0100007F:BF3C 06 00000000:00000000 03:00000105 00000000     0        0 0 3 0000000000000000                                      
  11: 0100007F:9CC2 0100007F:A4E7 06 00000000:00000000 03:0000008C 00000000     0        0 0 3 0000000000000000                                      
  12: 0100007F:9EF7 0100007F:CB52 06 00000000:00000000 03:00000750 00000000     0        0 0 3 0000000000000000                                      
  13: 0100007F:A43E 0100007F:9A19 06 00000000:00000000 03:0000000D 00000000     0        0 0 3 0000000000000000                                      
  14: 0100007F:94A3 0100007F:A9D2 06 00000000:00000000 03:0000008C 00000000     0        0 0 3 0000000000000000                                      
  15: 0100007F:E05E 0100007F:22A9 06 00000000:00000000 03:00000242 00000000     0        0 0 3 0000000000000000                                      
  16: 1500FEA9:BCB8 83D51068:01BB 06 00000000:00000000 03:0000118C 00000000     0        0 0 3 0000000000000000                                      
  17: 0100007F:A81B 0100007F:809A 06 00000000:00000000 03:00000623 00000000     0        0 0 3 0000000000000000                                      
  18: 0100007F:9EF7 0100007F:CB58 06 00000000:00000000 03:000007B4 00000000     0        0 0 3 0000000000000000                                      
  19: 0100007F:DCBA 0100007F:8DB9 06 00000000:00000000 03:000005BF 00000000     0        0 0 3 0000000000000000                                      
  20: 0100007F:E068 0100007F:22A9 06 00000000:00000000 03:00000243 00000000     0        0 0 3 0000000000000000                                      
  21: 1500FEA9:BCB4 83D51068:01BB 06 00000000:00000000 03:00001157 00000000     0        0 0 3 0000000000000000                                      
  22: 0100007F:9E91 0100007F:DF38 06 00000000:00000000 03:000006EB 00000000     0        0 0 3 0000000000000000                                      
  23: 1500FEA9:8E82 DBA942AC:01BB 06 00000000:00000000 03:00001537 00000000     0        0 0 3 0000000000000000                                      
  24: 0100007F:A4E7 0100007F:9CC2 06 00000000:00000000 03:0000008C 00000000     0        0 0 3 0000000000000000                                      
  25: 0100007F:A81B 0100007F:809E 06 00000000:00000000 03:000006EB 00000000     0        0 0 3 0000000000000000                                      
  26: 0100007F:9A19 0100007F:A43E 06 00000000:00000000 03:0000000D 00000000     0        0 0 3 0000000000000000                                      
  27: 0100007F:A767 0100007F:D52E 06 00000000:00000000 03:0000008C 00000000     0        0 0 3 0000000000000000                                      
1791335410.1898208
  sl  local_address rem_address   st tx_queue rx_queue tr tm->when retrnsmt   uid  timeout inode                                                     
   0: 3500007F:0035 00000000:0000 0A 00000000:00000000 00:00000000 00000000   102        0 12728 1 0000000000000000 100 0 0 10 5                     
   1: 00000000:006F 00000000:0000 0A 00000000:00000000 00:00000000 00000000     0        0 11541 1 0000000000000000 100 0 0 10 0                     
   2: 0100007F:9E91 0100007F:DF3C 06 00000000:00000000 03:00000687 00000000     0        0 0 3 0000000000000000                                      
   3: 0100007F:AAB1 0100007F:8ACE 06 00000000:00000000 03:00000028 00000000     0        0 0 3 0000000000000000                                      
   4: 1500FEA9:CD48 3F15AD03:01BB 01 00000000:00000000 00:00000000 00000000  1001        0 592406 1 0000000000000000 20 4 30 16 -1                   
   5: 0100007F:A81B 0100007F:B12E 06 00000000:00000000 03:0000055A 00000000     0        0 0 3 0000000000000000                                      
   6: 0100007F:ABB7 0100007F:D020 06 00000000:00000000 03:00000028 00000000     0        0 0 3 0000000000000000                                      
   7: 1500FEA9:E400 1520EFD8:01BB 06 00000000:00000000 03:00001226 00000000     0        0 0 3 0000000000000000                                      
   8: 1500FEA9:E1CE 83D51068:01BB 06 00000000:00000000 03:00001132 00000000     0        0 0 3 0000000000000000                                      
   9: 0100007F:9EF7 0100007F:CB4C 06 00000000:00000000 03:00000687 00000000     0        0 0 3 0000000000000000                                      
  10: 0100007F:9403 0100007F:BF3C 06 00000000:00000000 03:000000A0 00000000     0        0 0 3 0000000000000000                                      
  11: 0100007F:9CC2 0100007F:A4E7 06 00000000:00000000 03:00000028 00000000     0        0 0 3 0000000000000000                                      
  12: 0100007F:9EF7 0100007F:CB52 06 00000000:00000000 03:000006EC 00000000     0        0 0 3 0000000000000000                                      
  13: 0100007F:94A3 0100007F:A9D2 06 00000000:00000000 03:00000028 00000000     0        0 0 3 0000000000000000                                      
  14: 0100007F:E05E 0100007F:22A9 06 00000000:00000000 03:000001DE 00000000     0        0 0 3 0000000000000000                                      
  15: 1500FEA9:BCB8 83D51068:01BB 06 00000000:00000000 03:00001127 00000000     0        0 0 3 0000000000000000                                      
  16: 0100007F:A81B 0100007F:809A 06 00000000:00000000 03:000005BF 00000000     0        0 0 3 0000000000000000                                      
  17: 0100007F:9EF7 0100007F:CB58 06 00000000:00000000 03:00000750 00000000     0        0 0 3 0000000000000000                                      
  18: 0100007F:DCBA 0100007F:8DB9 06 00000000:00000000 03:0000055A 00000000     0        0 0 3 0000000000000000                                      
  19: 0100007F:E068 0100007F:22A9 06 00000000:00000000 03:000001DE 00000000     0        0 0 3 0000000000000000                                      
  20: 1500FEA9:BCB4 83D51068:01BB 06 00000000:00000000 03:000010F2 00000000     0        0 0 3 0000000000000000                                      
  21: 0100007F:9E91 0100007F:DF38 06 00000000:00000000 03:00000687 00000000     0        0 0 3 0000000000000000                                      
  22: 1500FEA9:8E82 DBA942AC:01BB 06 00000000:00000000 03:000014D2 00000000     0        0 0 3 0000000000000000                                      
  23: 0100007F:A4E7 0100007F:9CC2 06 00000000:00000000 03:00000028 00000000     0        0 0 3 0000000000000000                                      
  24: 0100007F:A81B 0100007F:809E 06 00000000:00000000 03:00000687 00000000     0        0 0 3 0000000000000000                                      
  25: 0100007F:A767 0100007F:D52E 06 00000000:00000000 03:00000028 00000000     0        0 0 3 0000000000000000                                      
1791335411.1940887
  sl  local_address rem_address   st tx_queue rx_queue tr tm->when retrnsmt   uid  timeout inode                                                     
   0: 3500007F:0035 00000000:0000 0A 00000000:00000000 00:00000000 00000000   102        0 12728 1 0000000000000000 100 0 0 10 5                     
   1: 00000000:006F 00000000:0000 0A 00000000:00000000 00:00000000 00000000     0        0 11541 1 0000000000000000 100 0 0 10 0                     
   2: 0100007F:9E91 0100007F:DF3C 06 00000000:00000000 03:00000623 00000000     0        0 0 3 0000000000000000                                      
   3: 0100007F:AAB1 0100007F:8ACE 06 00000000:00000000 03:00000000 00000000     0        0 0 3 0000000000000000                                      
   4: 1500FEA9:CD48 3F15AD03:01BB 01 00000000:00000000 00:00000000 00000000  1001        0 592406 1 0000000000000000 20 4 30 16 -1                   
   5: 0100007F:A81B 0100007F:B12E 06 00000000:00000000 03:000004F6 00000000     0        0 0 3 0000000000000000                                      
   6: 0100007F:ABB7 0100007F:D020 06 00000000:00000000 03:00000000 00000000     0        0 0 3 0000000000000000                                      
   7: 1500FEA9:E400 1520EFD8:01BB 06 00000000:00000000 03:000011C1 00000000     0        0 0 3 0000000000000000                                      
   8: 1500FEA9:E1CE 83D51068:01BB 06 00000000:00000000 03:000010CD 00000000     0        0 0 3 0000000000000000                                      
   9: 0100007F:9EF7 0100007F:CB4C 06 00000000:00000000 03:00000623 00000000     0        0 0 3 0000000000000000                                      
  10: 0100007F:9403 0100007F:BF3C 06 00000000:00000000 03:0000003C 00000000     0        0 0 3 0000000000000000                                      
  11: 0100007F:9CC2 0100007F:A4E7 06 00000000:00000000 03:00000000 00000000     0        0 0 3 0000000000000000                                      
  12: 0100007F:9EF7 0100007F:CB52 06 00000000:00000000 03:00000687 00000000     0        0 0 3 0000000000000000                                      
  13: 0100007F:94A3 0100007F:A9D2 06 00000000:00000000 03:00000000 00000000     0        0 0 3 0000000000000000                                      
  14: 0100007F:E05E 0100007F:22A9 06 00000000:00000000 03:00000179 00000000     0        0 0 3 0000000000000000                                      
  15: 1500FEA9:BCB8 83D51068:01BB 06 00000000:00000000 03:000010C3 00000000     0        0 0 3 0000000000000000                                      
  16: 0100007F:A81B 0100007F:809A 06 00000000:00000000 03:0000055A 00000000     0        0 0 3 0000000000000000                                      
  17: 0100007F:9EF7 0100007F:CB58 06 00000000:00000000 03:000006EB 00000000     0        0 0 3 0000000000000000                                      
  18: 0100007F:DCBA 0100007F:8DB9 06 00000000:00000000 03:000004F6 00000000     0        0 0 3 0000000000000000                                      
  19: 0100007F:E068 0100007F:22A9 06 00000000:00000000 03:0000017A 00000000     0        0 0 3 0000000000000000                                      
  20: 1500FEA9:BCB4 83D51068:01BB 06 00000000:00000000 03:0000108E 00000000     0        0 0 3 0000000000000000                                      
  21: 0100007F:9E91 0100007F:DF38 06 00000000:00000000 03:00000622 00000000     0        0 0 3 0000000000000000                                      
  22: 1500FEA9:8E82 DBA942AC:01BB 06 00000000:00000000 03:0000146E 00000000     0        0 0 3 0000000000000000                                      
  23: 0100007F:A4E7 0100007F:9CC2 06 00000000:00000000 03:00000000 00000000     0        0 0 3 0000000000000000                                      
  24: 0100007F:A81B 0100007F:809E 06 00000000:00000000 03:00000622 00000000     0        0 0 3 0000000000000000                                      
  25: 0100007F:A767 0100007F:D52E 06 00000000:00000000 03:00000000 00000000     0        0 0 3 0000000000000000                                      
1791335412.1953895
  sl  local_address rem_address   st tx_queue rx_queue tr tm->when retrnsmt   uid  timeout inode                                                     
   0: 3500007F:0035 00000000:0000 0A 00000000:00000000 00:00000000 00000000   102        0 12728 1 0000000000000000 100 0 0 10 5                     
   1: 00000000:006F 00000000:0000 0A 00000000:00000000 00:00000000 00000000     0        0 11541 1 0000000000000000 100 0 0 10 0                     
   2: 0100007F:9E91 0100007F:DF3C 06 00000000:00000000 03:000005BE 00000000     0        0 0 3 0000000000000000                                      
   3: 1500FEA9:CD48 3F15AD03:01BB 01 00000000:00000000 00:00000000 00000000  1001        0 592406 1 0000000000000000 20 4 30 16 -1                   
   4: 0100007F:A81B 0100007F:B12E 06 00000000:00000000 03:00000492 00000000     0        0 0 3 0000000000000000                                      
   5: 1500FEA9:E400 1520EFD8:01BB 06 00000000:00000000 03:0000115D 00000000     0        0 0 3 0000000000000000                                      
   6: 1500FEA9:E1CE 83D51068:01BB 06 00000000:00000000 03:00001069 00000000     0        0 0 3 0000000000000000                                      
   7: 0100007F:9EF7 0100007F:CB4C 06 00000000:00000000 03:000005BE 00000000     0        0 0 3 0000000000000000                                      
   8: 0100007F:9EF7 0100007F:CB52 06 00000000:00000000 03:00000623 00000000     0        0 0 3 0000000000000000                                      
   9: 0100007F:E05E 0100007F:22A9 06 00000000:00000000 03:00000115 00000000     0        0 0 3 0000000000000000                                      
  10: 1500FEA9:BCB8 83D51068:01BB 06 00000000:00000000 03:0000105E 00000000     0        0 0 3 0000000000000000                                      
  11: 0100007F:A81B 0100007F:809A 06 00000000:00000000 03:000004F6 00000000     0        0 0 3 0000000000000000                                      
  12: 0100007F:9EF7 0100007F:CB58 06 00000000:00000000 03:00000687 00000000     0        0 0 3 0000000000000000                                      
  13: 0100007F:DCBA 0100007F:8DB9 06 00000000:00000000 03:00000492 00000000     0        0 0 3 0000000000000000                                      
  14: 0100007F:E068 0100007F:22A9 06 00000000:00000000 03:00000116 00000000     0        0 0 3 0000000000000000                                      
  15: 1500FEA9:BCB4 83D51068:01BB 06 00000000:00000000 03:0000102A 00000000     0        0 0 3 0000000000000000                                      
  16: 0100007F:9E91 0100007F:DF38 06 00000000:00000000 03:000005BE 00000000     0        0 0 3 0000000000000000                                      
  17: 1500FEA9:8E82 DBA942AC:01BB 06 00000000:00000000 03:0000140A 00000000     0        0 0 3 0000000000000000                                      
  18: 0100007F:A81B 0100007F:809E 06 00000000:00000000 03:000005BE 00000000     0        0 0 3 0000000000000000                                      
1791335413.1965396
  sl  local_address rem_address   st tx_queue rx_queue tr tm->when retrnsmt   uid  timeout inode                                                     
   0: 3500007F:0035 00000000:0000 0A 00000000:00000000 00:00000000 00000000   102        0 12728 1 0000000000000000 100 0 0 10 5                     
   1: 00000000:006F 00000000:0000 0A 00000000:00000000 00:00000000 00000000     0        0 11541 1 0000000000000000 100 0 0 10 0                     
   2: 0100007F:9E91 0100007F:DF3C 06 00000000:00000000 03:0000055B 00000000     0        0 0 3 0000000000000000                                      
   3: 1500FEA9:CD48 3F15AD03:01BB 01 00000000:00000000 00:00000000 00000000  1001        0 592406 1 0000000000000000 20 4 30 16 -1                   
   4: 0100007F:A81B 0100007F:B12E 06 00000000:00000000 03:0000042E 00000000     0        0 0 3 0000000000000000                                      
   5: 1500FEA9:E400 1520EFD8:01BB 06 00000000:00000000 03:000010F9 00000000     0        0 0 3 0000000000000000                                      
   6: 1500FEA9:E1CE 83D51068:01BB 06 00000000:00000000 03:00001005 00000000     0        0 0 3 0000000000000000                                      
   7: 0100007F:9EF7 0100007F:CB4C 06 00000000:00000000 03:0000055B 00000000     0        0 0 3 0000000000000000                                      
   8: 0100007F:9EF7 0100007F:CB52 06 00000000:00000000 03:000005BF 00000000     0        0 0 3 0000000000000000                                      
   9: 0100007F:E05E 0100007F:22A9 06 00000000:00000000 03:000000B1 00000000     0        0 0 3 0000000000000000                                      
  10: 1500FEA9:BCB8 83D51068:01BB 06 00000000:00000000 03:00000FFB 00000000     0        0 0 3 0000000000000000                                      
  11: 0100007F:A81B 0100007F:809A 06 00000000:00000000 03:00000492 00000000     0        0 0 3 0000000000000000                                      
  12: 0100007F:9EF7 0100007F:CB58 06 00000000:00000000 03:00000623 00000000     0        0 0 3 0000000000000000                                      
  13: 0100007F:DCBA 0100007F:8DB9 06 00000000:00000000 03:0000042E 00000000     0        0 0 3 0000000000000000                                      
  14: 0100007F:E068 0100007F:22A9 06 00000000:00000000 03:000000B2 00000000     0        0 0 3 0000000000000000                                      
  15: 1500FEA9:BCB4 83D51068:01BB 06 00000000:00000000 03:00000FC6 00000000     0        0 0 3 0000000000000000                                      
  16: 0100007F:9E91 0100007F:DF38 06 00000000:00000000 03:0000055A 00000000     0        0 0 3 0000000000000000                                      
  17: 1500FEA9:8E82 DBA942AC:01BB 06 00000000:00000000 03:000013A6 00000000     0        0 0 3 0000000000000000                                      
  18: 0100007F:A81B 0100007F:809E 06 00000000:00000000 03:0000055A 00000000     0        0 0 3 0000000000000000                                      
1791335414.1981664
  sl  local_address rem_address   st tx_queue rx_queue tr tm->when retrnsmt   uid  timeout inode                                                     
   0: 3500007F:0035 00000000:0000 0A 00000000:00000000 00:00000000 00000000   102        0 12728 1 0000000000000000 100 0 0 10 5                     
   1: 00000000:006F 00000000:0000 0A 00000000:00000000 00:00000000 00000000     0        0 11541 1 0000000000000000 100 0 0 10 0                     
   2: 0100007F:9E91 0100007F:DF3C 06 00000000:00000000 03:000004F6 00000000     0        0 0 3 0000000000000000                                      
   3: 1500FEA9:CD48 3F15AD03:01BB 01 00000000:00000000 00:00000000 00000000  1001        0 592406 1 0000000000000000 20 4 30 16 -1                   
   4: 0100007F:A81B 0100007F:B12E 06 00000000:00000000 03:000003CA 00000000     0        0 0 3 0000000000000000                                      
   5: 1500FEA9:E400 1520EFD8:01BB 06 00000000:00000000 03:00001095 00000000     0        0 0 3 0000000000000000                                      
   6: 1500FEA9:E1CE 83D51068:01BB 06 00000000:00000000 03:00000FA1 00000000     0        0 0 3 0000000000000000                                      
   7: 0100007F:9EF7 0100007F:CB4C 06 00000000:00000000 03:000004F6 00000000     0        0 0 3 0000000000000000                                      
   8: 0100007F:9EF7 0100007F:CB52 06 00000000:00000000 03:0000055B 00000000     0        0 0 3 0000000000000000                                      
   9: 0100007F:E05E 0100007F:22A9 06 00000000:00000000 03:0000004D 00000000     0        0 0 3 0000000000000000                                      
  10: 1500FEA9:BCB8 83D51068:01BB 06 00000000:00000000 03:00000F96 00000000     0        0 0 3 0000000000000000                                      
  11: 0100007F:A81B 0100007F:809A 06 00000000:00000000 03:0000042E 00000000     0        0 0 3 0000000000000000                                      
  12: 0100007F:9EF7 0100007F:CB58 06 00000000:00000000 03:000005BF 00000000     0        0 0 3 0000000000000000                                      
  13: 0100007F:DCBA 0100007F:8DB9 06 00000000:00000000 03:000003CA 00000000     0        0 0 3 0000000000000000                                      
  14: 0100007F:E068 0100007F:22A9 06 00000000:00000000 03:0000004E 00000000     0        0 0 3 0000000000000000                                      
  15: 1500FEA9:BCB4 83D51068:01BB 06 00000000:00000000 03:00000F62 00000000     0        0 0 3 0000000000000000                                      
  16: 0100007F:9E91 0100007F:DF38 06 00000000:00000000 03:000004F6 00000000     0        0 0 3 0000000000000000                                      
  17: 1500FEA9:8E82 DBA942AC:01BB 06 00000000:00000000 03:00001342 00000000     0        0 0 3 0000000000000000                                      
  18: 0100007F:A81B 0100007F:809E 06 00000000:00000000 03:000004F6 00000000     0        0 0 3 0000000000000000                                      
1791335415.1993153
  sl  local_address rem_address   st tx_queue rx_queue tr tm->when retrnsmt   uid  timeout inode                                                     
   0: 3500007F:0035 00000000:0000 0A 00000000:00000000 00:00000000 00000000   102        0 12728 1 0000000000000000 100 0 0 10 5                     
   1: 00000000:006F 00000000:0000 0A 00000000:00000000 00:00000000 00000000     0        0 11541 1 0000000000000000 100 0 0 10 0                     
   2: 0100007F:9E91 0100007F:DF3C 06 00000000:00000000 03:00000492 00000000     0        0 0 3 0000000000000000                                      
   3: 1500FEA9:CD48 3F15AD03:01BB 01 00000000:00000000 00:00000000 00000000  1001        0 592406 1 0000000000000000 20 4 30 16 -1                   
   4: 0100007F:A81B 0100007F:B12E 06 00000000:00000000 03:00000366 00000000     0        0 0 3 0000000000000000                                      
   5: 1500FEA9:E400 1520EFD8:01BB 06 00000000:00000000 03:00001031 00000000     0        0 0 3 0000000000000000                                      
   6: 1500FEA9:E1CE 83D51068:01BB 06 00000000:00000000 03:00000F3D 00000000     0        0 0 3 0000000000000000                                      
   7: 0100007F:9EF7 0100007F:CB4C 06 00000000:00000000 03:00000492 00000000     0        0 0 3 0000000000000000                                      
   8: 0100007F:9EF7 0100007F:CB52 06 00000000:00000000 03:000004F7 00000000     0        0 0 3 0000000000000000                                      
   9: 0100007F:E05E 0100007F:22A9 06 00000000:00000000 03:00000000 00000000     0        0 0 3 0000000000000000                                      
  10: 1500FEA9:BCB8 83D51068:01BB 06 00000000:00000000 03:00000F32 00000000     0        0 0 3 0000000000000000                                      
  11: 0100007F:A81B 0100007F:809A 06 00000000:00000000 03:000003CA 00000000     0        0 0 3 0000000000000000                                      
  12: 0100007F:9EF7 0100007F:CB58 06 00000000:00000000 03:0000055B 00000000     0        0 0 3 0000000000000000                                      
  13: 0100007F:DCBA 0100007F:8DB9 06 00000000:00000000 03:00000366 00000000     0        0 0 3 0000000000000000                                      
  14: 0100007F:E068 0100007F:22A9 06 00000000:00000000 03:00000000 00000000     0        0 0 3 0000000000000000                                      
  15: 1500FEA9:BCB4 83D51068:01BB 06 00000000:00000000 03:00000EFE 00000000     0        0 0 3 0000000000000000                                      
  16: 0100007F:9E91 0100007F:DF38 06 00000000:00000000 03:00000492 00000000     0        0 0 3 0000000000000000                                      
  17: 1500FEA9:8E82 DBA942AC:01BB 06 00000000:00000000 03:000012DE 00000000     0        0 0 3 0000000000000000                                      
  18: 0100007F:A81B 0100007F:809E 06 00000000:00000000 03:00000492 00000000     0        0 0 3 0000000000000000                                      
1791335416.2004128
  sl  local_address rem_address   st tx_queue rx_queue tr tm->when retrnsmt   uid  timeout inode                                                     
   0: 3500007F:0035 00000000:0000 0A 00000000:00000000 00:00000000 00000000   102        0 12728 1 0000000000000000 100 0 0 10 5                     
   1: 00000000:006F 00000000:0000 0A 00000000:00000000 00:00000000 00000000     0        0 11541 1 0000000000000000 100 0 0 10 0                     
   2: 0100007F:9E91 0100007F:DF3C 06 00000000:00000000 03:0000042E 00000000     0        0 0 3 0000000000000000                                      
   3: 1500FEA9:CD48 3F15AD03:01BB 01 00000000:00000000 00:00000000 00000000  1001        0 592406 1 0000000000000000 20 4 30 16 -1                   
   4: 0100007F:A81B 0100007F:B12E 06 00000000:00000000 03:00000301 00000000     0        0 0 3 0000000000000000                                      
   5: 1500FEA9:E400 1520EFD8:01BB 06 00000000:00000000 03:00000FCC 00000000     0        0 0 3 0000000000000000                                      
   6: 1500FEA9:E1CE 83D51068:01BB 06 00000000:00000000 03:00000ED8 00000000     0        0 0 3 0000000000000000                                      
   7: 0100007F:9EF7 0100007F:CB4C 06 00000000:00000000 03:0000042E 00000000     0        0 0 3 0000000000000000                                      
   8: 0100007F:9EF7 0100007F:CB52 06 00000000:00000000 03:00000492 00000000     0        0 0 3 0000000000000000                                      
   9: 1500FEA9:BCB8 83D51068:01BB 06 00000000:00000000 03:00000ECE 00000000     0        0 0 3 0000000000000000                                      
  10: 0100007F:A81B 0100007F:809A 06 00000000:00000000 03:00000366 00000000     0        0 0 3 0000000000000000                                      
  11: 0100007F:9EF7 0100007F:CB58 06 00000000:00000000 03:000004F6 00000000     0        0 0 3 0000000000000000                                      
  12: 0100007F:DCBA 0100007F:8DB9 06 00000000:00000000 03:00000301 00000000     0        0 0 3 0000000000000000                                      
  13: 1500FEA9:BCB4 83D51068:01BB 06 00000000:00000000 03:00000E99 00000000     0        0 0 3 0000000000000000                                      
  14: 0100007F:9E91 0100007F:DF38 06 00000000:00000000 03:0000042E 00000000     0        0 0 3 0000000000000000                                      
  15: 1500FEA9:8E82 DBA942AC:01BB 06 00000000:00000000 03:00001279 00000000     0        0 0 3 0000000000000000                                      
  16: 0100007F:A81B 0100007F:809E 06 00000000:00000000 03:0000042E 00000000     0        0 0 3 0000000000000000                                      
1791335417.202154
  sl  local_address rem_address   st tx_queue rx_queue tr tm->when retrnsmt   uid  timeout inode                                                     
   0: 3500007F:0035 00000000:0000 0A 00000000:00000000 00:00000000 00000000   102        0 12728 1 0000000000000000 100 0 0 10 5                     
   1: 00000000:006F 00000000:0000 0A 00000000:00000000 00:00000000 00000000     0        0 11541 1 0000000000000000 100 0 0 10 0                     
   2: 0100007F:9E91 0100007F:DF3C 06 00000000:00000000 03:000003CA 00000000     0        0 0 3 0000000000000000                                      
   3: 1500FEA9:CD48 3F15AD03:01BB 01 00000000:00000000 00:00000000 00000000  1001        0 592406 1 0000000000000000 20 4 30 16 -1                   
   4: 0100007F:A81B 0100007F:B12E 06 00000000:00000000 03:0000029D 00000000     0        0 0 3 0000000000000000                                      
   5: 1500FEA9:E400 1520EFD8:01BB 06 00000000:00000000 03:00000F68 00000000     0        0 0 3 0000000000000000                                      
   6: 1500FEA9:E1CE 83D51068:01BB 06 00000000:00000000 03:00000E74 00000000     0        0 0 3 0000000000000000                                      
   7: 0100007F:9EF7 0100007F:CB4C 06 00000000:00000000 03:000003CA 00000000     0        0 0 3 0000000000000000                                      
   8: 0100007F:9EF7 0100007F:CB52 06 00000000:00000000 03:0000042E 00000000     0        0 0 3 0000000000000000                                      
   9: 1500FEA9:BCB8 83D51068:01BB 06 00000000:00000000 03:00000E6A 00000000     0        0 0 3 0000000000000000                                      
  10: 0100007F:A81B 0100007F:809A 06 00000000:00000000 03:00000302 00000000     0        0 0 3 0000000000000000                                      
  11: 0100007F:9EF7 0100007F:CB58 06 00000000:00000000 03:00000492 00000000     0        0 0 3 0000000000000000                                      
  12: 0100007F:DCBA 0100007F:8DB9 06 00000000:00000000 03:0000029D 00000000     0        0 0 3 0000000000000000                                      
  13: 1500FEA9:BCB4 83D51068:01BB 06 00000000:00000000 03:00000E35 00000000     0        0 0 3 0000000000000000                                      
  14: 0100007F:9E91 0100007F:DF38 06 00000000:00000000 03:000003CA 00000000     0        0 0 3 0000000000000000                                      
  15: 1500FEA9:8E82 DBA942AC:01BB 06 00000000:00000000 03:00001215 00000000     0        0 0 3 0000000000000000                                      
  16: 0100007F:A81B 0100007F:809E 06 00000000:00000000 03:000003CA 00000000     0        0 0 3 0000000000000000                                      
1791335418.203263
  sl  local_address rem_address   st tx_queue rx_queue tr tm->when retrnsmt   uid  timeout inode                                                     
   0: 3500007F:0035 00000000:0000 0A 00000000:00000000 00:00000000 00000000   102        0 12728 1 0000000000000000 100 0 0 10 5                     
   1: 00000000:006F 00000000:0000 0A 00000000:00000000 00:00000000 00000000     0        0 11541 1 0000000000000000 100 0 0 10 0                     
   2: 0100007F:9E91 0100007F:DF3C 06 00000000:00000000 03:00000366 00000000     0        0 0 3 0000000000000000                                      
   3: 1500FEA9:CD48 3F15AD03:01BB 01 00000000:00000000 00:00000000 00000000  1001        0 592406 1 0000000000000000 20 4 30 16 -1                   
   4: 0100007F:A81B 0100007F:B12E 06 00000000:00000000 03:00000239 00000000     0        0 0 3 0000000000000000                                      
   5: 1500FEA9:E400 1520EFD8:01BB 06 00000000:00000000 03:00000F04 00000000     0        0 0 3 0000000000000000                                      
   6: 1500FEA9:E1CE 83D51068:01BB 06 00000000:00000000 03:00000E10 00000000     0        0 0 3 0000000000000000                                      
   7: 0100007F:9EF7 0100007F:CB4C 06 00000000:00000000 03:00000366 00000000     0        0 0 3 0000000000000000                                      
   8: 0100007F:9EF7 0100007F:CB52 06 00000000:00000000 03:000003CA 00000000     0        0 0 3 0000000000000000                                      
   9: 1500FEA9:BCB8 83D51068:01BB 06 00000000:00000000 03:00000E06 00000000     0        0 0 3 0000000000000000                                      
  10: 0100007F:A81B 0100007F:809A 06 00000000:00000000 03:0000029D 00000000     0        0 0 3 0000000000000000                                      
  11: 1500FEA9:D41A DBA942AC:01BB 01 00000000:00000000 00:00000000 00000000  1001        0 680787 1 0000000000000000 20 4 30 10 -1                   
  12: 0100007F:9EF7 0100007F:CB58 06 00000000:00000000 03:0000042E 00000000     0        0 0 3 0000000000000000                                      
  13: 0100007F:DCBA 0100007F:8DB9 06 00000000:00000000 03:00000239 00000000     0        0 0 3 0000000000000000                                      
  14: 1500FEA9:BCB4 83D51068:01BB 06 00000000:00000000 03:00000DD1 00000000     0        0 0 3 0000000000000000                                      
  15: 0100007F:9E91 0100007F:DF38 06 00000000:00000000 03:00000365 00000000     0        0 0 3 0000000000000000                                      
  16: 1500FEA9:8E82 DBA942AC:01BB 06 00000000:00000000 03:000011B1 00000000     0        0 0 3 0000000000000000                                      
  17: 0100007F:A81B 0100007F:809E 06 00000000:00000000 03:00000365 00000000     0        0 0 3 0000000000000000                                      
1791335419.2045972
  sl  local_address rem_address   st tx_queue rx_queue tr tm->when retrnsmt   uid  timeout inode                                                     
   0: 3500007F:0035 00000000:0000 0A 00000000:00000000 00:00000000 00000000   102        0 12728 1 0000000000000000 100 0 0 10 5                     
   1: 00000000:006F 00000000:0000 0A 00000000:00000000 00:00000000 00000000     0        0 11541 1 0000000000000000 100 0 0 10 0                     
   2: 0100007F:9E91 0100007F:DF3C 06 00000000:00000000 03:00000302 00000000     0        0 0 3 0000000000000000                                      
   3: 1500FEA9:CD48 3F15AD03:01BB 01 00000000:00000000 00:00000000 00000000  1001        0 592406 1 0000000000000000 20 4 30 16 -1                   
   4: 0100007F:A81B 0100007F:B12E 06 00000000:00000000 03:000001D5 00000000     0        0 0 3 0000000000000000                                      
   5: 1500FEA9:E400 1520EFD8:01BB 06 00000000:00000000 03:00000EA0 00000000     0        0 0 3 0000000000000000                                      
   6: 1500FEA9:E1CE 83D51068:01BB 06 00000000:00000000 03:00000DAC 00000000     0        0 0 3 0000000000000000                                      
   7: 0100007F:9EF7 0100007F:CB4C 06 00000000:00000000 03:00000302 00000000     0        0 0 3 0000000000000000                                      
   8: 0100007F:9EF7 0100007F:CB52 06 00000000:00000000 03:00000366 00000000     0        0 0 3 0000000000000000                                      
   9: 0100007F:98D5 0100007F:857E 06 00000000:00000000 03:00001716 00000000     0        0 0 3 0000000000000000                                      
  10: 1500FEA9:BCB8 83D51068:01BB 06 00000000:00000000 03:00000DA2 00000000     0        0 0 3 0000000000000000                                      
  11: 0100007F:A81B 0100007F:809A 06 00000000:00000000 03:00000239 00000000     0        0 0 3 0000000000000000                                      
  12: 1500FEA9:D41A DBA942AC:01BB 01 00000000:00000000 00:00000000 00000000  1001        0 680787 1 0000000000000000 20 4 30 10 -1                   
  13: 0100007F:963B 0100007F:BFF2 06 00000000:00000000 03:00001716 00000000     0        0 0 3 0000000000000000                                      
  14: 0100007F:9EF7 0100007F:CB58 06 00000000:00000000 03:000003CA 00000000     0        0 0 3 0000000000000000                                      
  15: 0100007F:DCBA 0100007F:8DB9 06 00000000:00000000 03:000001D5 00000000     0        0 0 3 0000000000000000                                      
  16: 1500FEA9:BCB4 83D51068:01BB 06 00000000:00000000 03:00000D6D 00000000     0        0 0 3 0000000000000000                                      
  17: 0100007F:9E91 0100007F:DF38 06 00000000:00000000 03:00000301 00000000     0        0 0 3 0000000000000000                                      
  18: 1500FEA9:8E82 DBA942AC:01BB 06 00000000:00000000 03:0000114D 00000000     0        0 0 3 0000000000000000                                      
  19: 0100007F:A91D 0100007F:D6CC 06 00000000:00000000 03:00001719 00000000     0        0 0 3 0000000000000000                                      
  20: 0100007F:A81B 0100007F:809E 06 00000000:00000000 03:00000301 00000000     0        0 0 3 0000000000000000                                      
1791335420.206249
  sl  local_address rem_address   st tx_queue rx_queue tr tm->when retrnsmt   uid  timeout inode                                                     
   0: 3500007F:0035 00000000:0000 0A 00000000:00000000 00:00000000 00000000   102        0 12728 1 0000000000000000 100 0 0 10 5                     
   1: 00000000:006F 00000000:0000 0A 00000000:00000000 00:00000000 00000000     0        0 11541 1 0000000000000000 100 0 0 10 0                     
   2: 0100007F:9E91 0100007F:DF3C 06 00000000:00000000 03:0000029E 00000000     0        0 0 3 0000000000000000                                      
   3: 1500FEA9:CD48 3F15AD03:01BB 01 00000000:00000000 00:00000000 00000000  1001        0 592406 1 0000000000000000 20 4 30 16 -1                   
   4: 0100007F:A81B 0100007F:B12E 06 00000000:00000000 03:00000171 00000000     0        0 0 3 0000000000000000                                      
   5: 1500FEA9:E400 1520EFD8:01BB 06 00000000:00000000 03:00000E3C 00000000     0        0 0 3 0000000000000000                                      
   6: 1500FEA9:E1CE 83D51068:01BB 06 00000000:00000000 03:00000D48 00000000     0        0 0 3 0000000000000000                                      
   7: 0100007F:9EF7 0100007F:CB4C 06 00000000:00000000 03:0000029E 00000000     0        0 0 3 0000000000000000                                      
   8: 0100007F:9EF7 0100007F:CB52 06 00000000:00000000 03:00000302 00000000     0        0 0 3 0000000000000000                                      
   9: 0100007F:98D5 0100007F:857E 06 00000000:00000000 03:000016B2 00000000     0        0 0 3 0000000000000000                                      
  10: 1500FEA9:BCB8 83D51068:01BB 06 00000000:00000000 03:00000D3E 00000000     0        0 0 3 0000000000000000                                      
  11: 0100007F:A81B 0100007F:809A 06 00000000:00000000 03:000001D5 00000000     0        0 0 3 0000000000000000                                      
  12: 1500FEA9:D41A DBA942AC:01BB 01 00000000:00000000 00:00000000 00000000  1001        0 680787 1 0000000000000000 20 4 30 10 -1                   
  13: 0100007F:963B 0100007F:BFF2 06 00000000:00000000 03:000016B2 00000000     0        0 0 3 0000000000000000                                      
  14: 0100007F:9EF7 0100007F:CB58 06 00000000:00000000 03:00000366 00000000     0        0 0 3 0000000000000000                                      
  15: 0100007F:DCBA 0100007F:8DB9 06 00000000:00000000 03:00000171 00000000     0        0 0 3 0000000000000000                                      
  16: 1500FEA9:BCB4 83D51068:01BB 06 00000000:00000000 03:00000D09 00000000     0        0 0 3 0000000000000000                                      
  17: 0100007F:9E91 0100007F:DF38 06 00000000:00000000 03:0000029D 00000000     0        0 0 3 0000000000000000                                      
  18: 1500FEA9:8E82 DBA942AC:01BB 06 00000000:00000000 03:000010E9 00000000     0        0 0 3 0000000000000000                                      
  19: 0100007F:A91D 0100007F:D6CC 06 00000000:00000000 03:000016B5 00000000     0        0 0 3 0000000000000000                                      
  20: 0100007F:A81B 0100007F:809E 06 00000000:00000000 03:0000029D 00000000     0        0 0 3 0000000000000000                                      
1791335421.2073324
  sl  local_address rem_address   st tx_queue rx_queue tr tm->when retrnsmt   uid  timeout inode                                                     
   0: 3500007F:0035 00000000:0000 0A 00000000:00000000 00:00000000 00000000   102        0 12728 1 0000000000000000 100 0 0 10 5                     
   1: 00000000:006F 00000000:0000 0A 00000000:00000000 00:00000000 00000000     0        0 11541 1 0000000000000000 100 0 0 10 0                     
   2: 0100007F:9E91 0100007F:DF3C 06 00000000:00000000 03:0000023A 00000000     0        0 0 3 0000000000000000                                      
   3: 1500FEA9:CD48 3F15AD03:01BB 01 00000000:00000000 00:00000000 00000000  1001        0 592406 1 0000000000000000 20 4 30 16 -1                   
   4: 0100007F:A81B 0100007F:B12E 06 00000000:00000000 03:0000010D 00000000     0        0 0 3 0000000000000000                                      
   5: 1500FEA9:E400 1520EFD8:01BB 06 00000000:00000000 03:00000DD8 00000000     0        0 0 3 0000000000000000                                      
   6: 1500FEA9:E1CE 83D51068:01BB 06 00000000:00000000 03:00000CE4 00000000     0        0 0 3 0000000000000000                                      
   7: 0100007F:9EF7 0100007F:CB4C 06 00000000:00000000 03:0000023A 00000000     0        0 0 3 0000000000000000                                      
   8: 0100007F:9EF7 0100007F:CB52 06 00000000:00000000 03:0000029E 00000000     0        0 0 3 0000000000000000                                      
   9: 0100007F:98D5 0100007F:857E 06 00000000:00000000 03:0000164E 00000000     0        0 0 3 0000000000000000                                      
  10: 1500FEA9:BCB8 83D51068:01BB 06 00000000:00000000 03:00000CDA 00000000     0        0 0 3 0000000000000000                                      
  11: 0100007F:A81B 0100007F:809A 06 00000000:00000000 03:00000171 00000000     0        0 0 3 0000000000000000                                      
  12: 1500FEA9:D41A DBA942AC:01BB 01 00000000:00000000 00:00000000 00000000  1001        0 680787 1 0000000000000000 20 4 30 10 -1                   
  13: 0100007F:963B 0100007F:BFF2 06 00000000:00000000 03:0000164E 00000000     0        0 0 3 0000000000000000                                      
  14: 0100007F:9EF7 0100007F:CB58 06 00000000:00000000 03:00000302 00000000     0        0 0 3 0000000000000000                                      
  15: 0100007F:DCBA 0100007F:8DB9 06 00000000:00000000 03:0000010D 00000000     0        0 0 3 0000000000000000                                      
  16: 1500FEA9:BCB4 83D51068:01BB 06 00000000:00000000 03:00000CA5 00000000     0        0 0 3 0000000000000000                                      
  17: 0100007F:9E91 0100007F:DF38 06 00000000:00000000 03:00000239 00000000     0        0 0 3 0000000000000000                                      
  18: 1500FEA9:8E82 DBA942AC:01BB 06 00000000:00000000 03:00001085 00000000     0        0 0 3 0000000000000000                                      
  19: 0100007F:A91D 0100007F:D6CC 06 00000000:00000000 03:00001651 00000000     0        0 0 3 0000000000000000                                      
  20: 0100007F:A81B 0100007F:809E 06 00000000:00000000 03:00000239 00000000     0        0 0 3 0000000000000000                                      
1791335422.2085743
  sl  local_address rem_address   st tx_queue rx_queue tr tm->when retrnsmt   uid  timeout inode                                                     
   0: 3500007F:0035 00000000:0000 0A 00000000:00000000 00:00000000 00000000   102        0 12728 1 0000000000000000 100 0 0 10 5                     
   1: 00000000:006F 00000000:0000 0A 00000000:00000000 00:00000000 00000000     0        0 11541 1 0000000000000000 100 0 0 10 0                     
   2: 0100007F:9E91 0100007F:DF3C 06 00000000:00000000 03:000001D5 00000000     0        0 0 3 0000000000000000                                      
   3: 1500FEA9:CD48 3F15AD03:01BB 01 00000000:00000000 00:00000000 00000000  1001        0 592406 1 0000000000000000 20 4 30 16 -1                   
   4: 0100007F:A81B 0100007F:B12E 06 00000000:00000000 03:000000A8 00000000     0        0 0 3 0000000000000000                                      
   5: 1500FEA9:E400 1520EFD8:01BB 06 00000000:00000000 03:00000D74 00000000     0        0 0 3 0000000000000000                                      
   6: 1500FEA9:E1CE 83D51068:01BB 06 00000000:00000000 03:00000C80 00000000     0        0 0 3 0000000000000000                                      
   7: 0100007F:9EF7 0100007F:CB4C 06 00000000:00000000 03:000001D5 00000000     0        0 0 3 0000000000000000                                      
   8: 0100007F:9EF7 0100007F:CB52 06 00000000:00000000 03:0000023A 00000000     0        0 0 3 0000000000000000                                      
   9: 0100007F:98D5 0100007F:857E 06 00000000:00000000 03:000015EA 00000000     0        0 0 3 0000000000000000                                      
  10: 1500FEA9:BCB8 83D51068:01BB 06 00000000:00000000 03:00000C75 00000000     0        0 0 3 0000000000000000                                      
  11: 0100007F:A81B 0100007F:809A 06 00000000:00000000 03:0000010D 00000000     0        0 0 3 0000000000000000                                      
  12: 1500FEA9:D41A DBA942AC:01BB 01 00000000:00000000 00:00000000 00000000  1001        0 680787 1 0000000000000000 20 4 30 10 -1                   
  13: 0100007F:963B 0100007F:BFF2 06 00000000:00000000 03:000015EA 00000000     0        0 0 3 0000000000000000                                      
  14: 0100007F:9EF7 0100007F:CB58 06 00000000:00000000 03:0000029E 00000000     0        0 0 3 0000000000000000                                      
  15: 0100007F:DCBA 0100007F:8DB9 06 00000000:00000000 03:000000A8 00000000     0        0 0 3 0000000000000000                                      
  16: 1500FEA9:BCB4 83D51068:01BB 06 00000000:00000000 03:00000C40 00000000     0        0 0 3 0000000000000000                                      
  17: 0100007F:9E91 0100007F:DF38 06 00000000:00000000 03:000001D5 00000000     0        0 0 3 0000000000000000                                      
  18: 1500FEA9:8E82 DBA942AC:01BB 06 00000000:00000000 03:00001020 00000000     0        0 0 3 0000000000000000                                      
  19: 0100007F:A91D 0100007F:D6CC 06 00000000:00000000 03:000015ED 00000000     0        0 0 3 0000000000000000                                      
  20: 0100007F:A81B 0100007F:809E 06 00000000:00000000 03:000001D5 00000000     0        0 0 3 0000000000000000                                      
1791335423.2097363
  sl  local_address rem_address   st tx_queue rx_queue tr tm->when retrnsmt   uid  timeout inode                                                     
   0: 3500007F:0035 00000000:0000 0A 00000000:00000000 00:00000000 00000000   102        0 12728 1 0000000000000000 100 0 0 10 5                     
   1: 00000000:006F 00000000:0000 0A 00000000:00000000 00:00000000 00000000     0        0 11541 1 0000000000000000 100 0 0 10 0                     
   2: 0100007F:9E91 0100007F:DF3C 06 00000000:00000000 03:00000171 00000000     0        0 0 3 0000000000000000                                      
   3: 1500FEA9:CD48 3F15AD03:01BB 01 00000000:00000000 00:00000000 00000000  1001        0 592406 1 0000000000000000 20 4 30 16 -1                   
   4: 0100007F:A81B 0100007F:B12E 06 00000000:00000000 03:00000044 00000000     0        0 0 3 0000000000000000                                      
   5: 1500FEA9:E400 1520EFD8:01BB 06 00000000:00000000 03:00000D10 00000000     0        0 0 3 0000000000000000                                      
   6: 1500FEA9:E1CE 83D51068:01BB 06 00000000:00000000 03:00000C1C 00000000     0        0 0 3 0000000000000000                                      
   7: 0100007F:9EF7 0100007F:CB4C 06 00000000:00000000 03:00000171 00000000     0        0 0 3 0000000000000000                                      
   8: 0100007F:9EF7 0100007F:CB52 06 00000000:00000000 03:000001D6 00000000     0        0 0 3 0000000000000000                                      
   9: 0100007F:98D5 0100007F:857E 06 00000000:00000000 03:00001586 00000000     0        0 0 3 0000000000000000                                      
  10: 1500FEA9:BCB8 83D51068:01BB 06 00000000:00000000 03:00000C11 00000000     0        0 0 3 0000000000000000                                      
  11: 0100007F:A81B 0100007F:809A 06 00000000:00000000 03:000000A9 00000000     0        0 0 3 0000000000000000                                      
  12: 1500FEA9:D41A DBA942AC:01BB 01 00000000:00000000 00:00000000 00000000  1001        0 680787 1 0000000000000000 20 4 30 10 -1                   
  13: 0100007F:963B 0100007F:BFF2 06 00000000:00000000 03:00001586 00000000     0        0 0 3 0000000000000000                                      
  14: 0100007F:9EF7 0100007F:CB58 06 00000000:00000000 03:0000023A 00000000     0        0 0 3 0000000000000000                                      
  15: 0100007F:DCBA 0100007F:8DB9 06 00000000:00000000 03:00000044 00000000     0        0 0 3 0000000000000000                                      
  16: 1500FEA9:BCB4 83D51068:01BB 06 00000000:00000000 03:00000BDC 00000000     0        0 0 3 0000000000000000                                      
  17: 0100007F:9E91 0100007F:DF38 06 00000000:00000000 03:00000171 00000000     0        0 0 3 0000000000000000                                      
  18: 1500FEA9:8E82 DBA942AC:01BB 06 00000000:00000000 03:00000FBC 00000000     0        0 0 3 0000000000000000                                      
  19: 0100007F:A91D 0100007F:D6CC 06 00000000:00000000 03:00001589 00000000     0        0 0 3 0000000000000000                                      
  20: 0100007F:A81B 0100007F:809E 06 00000000:00000000 03:00000171 00000000     0        0 0 3 0000000000000000                                      
1791335424.2108648
  sl  local_address rem_address   st tx_queue rx_queue tr tm->when retrnsmt   uid  timeout inode                                                     
   0: 3500007F:0035 00000000:0000 0A 00000000:00000000 00:00000000 00000000   102        0 12728 1 0000000000000000 100 0 0 10 5                     
   1: 00000000:006F 00000000:0000 0A 00000000:00000000 00:00000000 00000000     0        0 11541 1 0000000000000000 100 0 0 10 0                     
   2: 0100007F:9E91 0100007F:DF3C 06 00000000:00000000 03:0000010D 00000000     0        0 0 3 0000000000000000                                      
   3: 1500FEA9:CD48 3F15AD03:01BB 01 00000000:00000000 00:00000000 00000000  1001        0 592406 1 0000000000000000 20 4 30 16 -1                   
   4: 0100007F:A81B 0100007F:B12E 06 00000000:00000000 03:00000000 00000000     0        0 0 3 0000000000000000                                      
   5: 1500FEA9:E400 1520EFD8:01BB 06 00000000:00000000 03:00000CAC 00000000     0        0 0 3 0000000000000000                                      
   6: 1500FEA9:E1CE 83D51068:01BB 06 00000000:00000000 03:00000BB8 00000000     0        0 0 3 0000000000000000                                      
   7: 0100007F:9EF7 0100007F:CB4C 06 00000000:00000000 03:0000010D 00000000     0        0 0 3 0000000000000000                                      
   8: 0100007F:9EF7 0100007F:CB52 06 00000000:00000000 03:00000172 00000000     0        0 0 3 0000000000000000                                      
   9: 0100007F:98D5 0100007F:857E 06 00000000:00000000 03:00001522 00000000     0        0 0 3 0000000000000000                                      
  10: 1500FEA9:BCB8 83D51068:01BB 06 00000000:00000000 03:00000BAD 00000000     0        0 0 3 0000000000000000                                      
  11: 0100007F:A81B 0100007F:809A 06 00000000:00000000 03:00000045 00000000     0        0 0 3 0000000000000000                                      
  12: 1500FEA9:D41A DBA942AC:01BB 01 00000000:00000000 00:00000000 00000000  1001        0 680787 1 0000000000000000 20 4 30 10 -1                   
  13: 0100007F:963B 0100007F:BFF2 06 00000000:00000000 03:00001522 00000000     0        0 0 3 0000000000000000                                      
  14: 0100007F:9EF7 0100007F:CB58 06 00000000:00000000 03:000001D6 00000000     0        0 0 3 0000000000000000                                      
  15: 0100007F:DCBA 0100007F:8DB9 06 00000000:00000000 03:00000000 00000000     0        0 0 3 0000000000000000                                      
  16: 1500FEA9:BCB4 83D51068:01BB 06 00000000:00000000 03:00000B78 00000000     0        0 0 3 0000000000000000                                      
  17: 0100007F:9E91 0100007F:DF38 06 00000000:00000000 03:0000010D 00000000     0        0 0 3 0000000000000000                                      
  18: 1500FEA9:8E82 DBA942AC:01BB 06 00000000:00000000 03:00000F58 00000000     0        0 0 3 0000000000000000                                      
  19: 0100007F:A91D 0100007F:D6CC 06 00000000:00000000 03:00001525 00000000     0        0 0 3 0000000000000000                                      
  20: 0100007F:A81B 0100007F:809E 06 00000000:00000000 03:0000010D 00000000     0        0 0 3 0000000000000000                                      
1791335425.2120345
  sl  local_address rem_address   st tx_queue rx_queue tr tm->when retrnsmt   uid  timeout inode                                                     
   0: 3500007F:0035 00000000:0000 0A 00000000:00000000 00:00000000 00000000   102        0 12728 1 0000000000000000 100 0 0 10 5                     
   1: 00000000:006F 00000000:0000 0A 00000000:00000000 00:00000000 00000000     0        0 11541 1 0000000000000000 100 0 0 10 0                     
   2: 0100007F:9E91 0100007F:DF3C 06 00000000:00000000 03:000000A9 00000000     0        0 0 3 0000000000000000                                      
   3: 1500FEA9:CD48 3F15AD03:01BB 01 00000000:00000000 00:00000000 00000000  1001        0 592406 1 0000000000000000 20 4 30 16 -1                   
   4: 1500FEA9:E400 1520EFD8:01BB 06 00000000:00000000 03:00000C48 00000000     0        0 0 3 0000000000000000                                      
   5: 1500FEA9:E1CE 83D51068:01BB 06 00000000:00000000 03:00000B54 00000000     0        0 0 3 0000000000000000                                      
   6: 0100007F:9EF7 0100007F:CB4C 06 00000000:00000000 03:000000A9 00000000     0        0 0 3 0000000000000000                                      
   7: 0100007F:9EF7 0100007F:CB52 06 00000000:00000000 03:0000010E 00000000     0        0 0 3 0000000000000000                                      
   8: 0100007F:98D5 0100007F:857E 06 00000000:00000000 03:000014BE 00000000     0        0 0 3 0000000000000000                                      
   9: 1500FEA9:BCB8 83D51068:01BB 06 00000000:00000000 03:00000B49 00000000     0        0 0 3 0000000000000000                                      
  10: 0100007F:A81B 0100007F:809A 06 00000000:00000000 03:00000000 00000000     0        0 0 3 0000000000000000                                      
  11: 1500FEA9:D41A DBA942AC:01BB 01 00000000:00000000 00:00000000 00000000  1001        0 680787 1 0000000000000000 20 4 30 10 -1                   
  12: 0100007F:963B 0100007F:BFF2 06 00000000:00000000 03:000014BE 00000000     0        0 0 3 0000000000000000                                      
  13: 0100007F:9EF7 0100007F:CB58 06 00000000:00000000 03:00000172 00000000     0        0 0 3 0000000000000000                                      
  14: 1500FEA9:BCB4 83D51068:01BB 06 00000000:00000000 03:00000B14 00000000     0        0 0 3 0000000000000000                                      
  15: 0100007F:9E91 0100007F:DF38 06 00000000:00000000 03:000000A9 00000000     0        0 0 3 0000000000000000                                      
  16: 1500FEA9:8E82 DBA942AC:01BB 06 00000000:00000000 03:00000EF4 00000000     0        0 0 3 0000000000000000                                      
  17: 0100007F:A91D 0100007F:D6CC 06 00000000:00000000 03:000014C1 00000000     0        0 0 3 0000000000000000                                      
  18: 0100007F:A81B 0100007F:809E 06 00000000:00000000 03:000000A9 00000000     0        0 0 3 0000000000000000                                      
1791335426.2131789
  sl  local_address rem_address   st tx_queue rx_queue tr tm->when retrnsmt   uid  timeout inode                                                     
   0: 3500007F:0035 00000000:0000 0A 00000000:00000000 00:00000000 00000000   102        0 12728 1 0000000000000000 100 0 0 10 5                     
   1: 00000000:006F 00000000:0000 0A 00000000:00000000 00:00000000 00000000     0        0 11541 1 0000000000000000 100 0 0 10 0                     
   2: 0100007F:9E91 0100007F:DF3C 06 00000000:00000000 03:00000045 00000000     0        0 0 3 0000000000000000                                      
   3: 1500FEA9:CD48 3F15AD03:01BB 01 00000000:00000000 00:00000000 00000000  1001        0 592406 1 0000000000000000 20 4 30 16 -1                   
   4: 1500FEA9:E400 1520EFD8:01BB 06 00000000:00000000 03:00000BE3 00000000     0        0 0 3 0000000000000000                                      
   5: 1500FEA9:E1CE 83D51068:01BB 06 00000000:00000000 03:00000AEF 00000000     0        0 0 3 0000000000000000                                      
   6: 0100007F:9EF7 0100007F:CB4C 06 00000000:00000000 03:00000045 00000000     0        0 0 3 0000000000000000                                      
   7: 0100007F:9EF7 0100007F:CB52 06 00000000:00000000 03:000000A9 00000000     0        0 0 3 0000000000000000                                      
   8: 0100007F:98D5 0100007F:857E 06 00000000:00000000 03:0000145A 00000000     0        0 0 3 0000000000000000                                      
   9: 1500FEA9:BCB8 83D51068:01BB 06 00000000:00000000 03:00000AE5 00000000     0        0 0 3 0000000000000000                                      
  10: 0100007F:A81B 0100007F:809A 06 00000000:00000000 03:00000000 00000000     0        0 0 3 0000000000000000                                      
  11: 1500FEA9:D41A DBA942AC:01BB 01 00000000:00000000 00:00000000 00000000  1001        0 680787 1 0000000000000000 20 4 30 10 -1                   
  12: 0100007F:963B 0100007F:BFF2 06 00000000:00000000 03:0000145A 00000000     0        0 0 3 0000000000000000                                      
  13: 0100007F:9EF7 0100007F:CB58 06 00000000:00000000 03:0000010D 00000000     0        0 0 3 0000000000000000                                      
  14: 1500FEA9:BCB4 83D51068:01BB 06 00000000:00000000 03:00000AB0 00000000     0        0 0 3 0000000000000000                                      
  15: 0100007F:9E91 0100007F:DF38 06 00000000:00000000 03:00000044 00000000     0        0 0 3 0000000000000000                                      
  16: 1500FEA9:8E82 DBA942AC:01BB 06 00000000:00000000 03:00000E90 00000000     0        0 0 3 0000000000000000                                      
  17: 0100007F:A91D 0100007F:D6CC 06 00000000:00000000 03:0000145C 00000000     0        0 0 3 0000000000000000                                      
  18: 0100007F:A81B 0100007F:809E 06 00000000:00000000 03:00000044 00000000     0        0 0 3 0000000000000000                                      
1791335427.2143025
  sl  local_address rem_address   st tx_queue rx_queue tr tm->when retrnsmt   uid  timeout inode                                                     
   0: 3500007F:0035 00000000:0000 0A 00000000:00000000 00:00000000 00000000   102        0 12728 1 0000000000000000 100 0 0 10 5                     
   1: 00000000:006F 00000000:0000 0A 00000000:00000000 00:00000000 00000000     0        0 11541 1 0000000000000000 100 0 0 10 0                     
   2: 0100007F:9E91 0100007F:DF3C 06 00000000:00000000 03:00000000 00000000     0        0 0 3 0000000000000000                                      
   3: 1500FEA9:CD48 3F15AD03:01BB 01 00000000:00000000 00:00000000 00000000  1001        0 592406 1 0000000000000000 20 4 30 16 -1                   
   4: 1500FEA9:E400 1520EFD8:01BB 06 00000000:00000000 03:00000B7F 00000000     0        0 0 3 0000000000000000                                      
   5: 1500FEA9:E1CE 83D51068:01BB 06 00000000:00000000 03:00000A8B 00000000     0        0 0 3 0000000000000000                                      
   6: 0100007F:9EF7 0100007F:CB4C 06 00000000:00000000 03:00000000 00000000     0        0 0 3 0000000000000000                                      
   7: 0100007F:9EF7 0100007F:CB52 06 00000000:00000000 03:00000045 00000000     0        0 0 3 0000000000000000                                      
   8: 0100007F:98D5 0100007F:857E 06 00000000:00000000 03:000013F6 00000000     0        0 0 3 0000000000000000                                      
   9: 1500FEA9:BCB8 83D51068:01BB 06 00000000:00000000 03:00000A81 00000000     0        0 0 3 0000000000000000                                      
  10: 1500FEA9:D41A DBA942AC:01BB 01 00000000:00000000 00:00000000 00000000  1001        0 680787 1 0000000000000000 20 4 30 10 -1                   
  11: 0100007F:963B 0100007F:BFF2 06 00000000:00000000 03:000013F6 00000000     0        0 0 3 0000000000000000                                      
  12: 0100007F:9EF7 0100007F:CB58 06 00000000:00000000 03:000000A9 00000000     0        0 0 3 0000000000000000                                      
  13: 1500FEA9:BCB4 83D51068:01BB 06 00000000:00000000 03:00000A4C 00000000     0        0 0 3 0000000000000000                                      
  14: 0100007F:9E91 0100007F:DF38 06 00000000:00000000 03:00000000 00000000     0        0 0 3 0000000000000000                                      
  15: 1500FEA9:8E82 DBA942AC:01BB 06 00000000:00000000 03:00000E2C 00000000     0        0 0 3 0000000000000000                                      
  16: 0100007F:A91D 0100007F:D6CC 06 00000000:00000000 03:000013F8 00000000     0        0 0 3 0000000000000000                                      
  17: 0100007F:A81B 0100007F:809E 06 00000000:00000000 03:00000000 00000000     0        0 0 3 0000000000000000                                      
1791335428.2154422
  sl  local_address rem_address   st tx_queue rx_queue tr tm->when retrnsmt   uid  timeout inode                                                     
   0: 3500007F:0035 00000000:0000 0A 00000000:00000000 00:00000000 00000000   102        0 12728 1 0000000000000000 100 0 0 10 5                     
   1: 00000000:006F 00000000:0000 0A 00000000:00000000 00:00000000 00000000     0        0 11541 1 0000000000000000 100 0 0 10 0                     
   2: 0100007F:9E91 0100007F:DF3C 06 00000000:00000000 03:00000000 00000000     0        0 0 3 0000000000000000                                      
   3: 1500FEA9:CD48 3F15AD03:01BB 01 00000000:00000000 00:00000000 00000000  1001        0 592406 1 0000000000000000 20 4 30 16 -1                   
   4: 1500FEA9:E400 1520EFD8:01BB 06 00000000:00000000 03:00000B1B 00000000     0        0 0 3 0000000000000000                                      
   5: 1500FEA9:E1CE 83D51068:01BB 06 00000000:00000000 03:00000A27 00000000     0        0 0 3 0000000000000000                                      
   6: 0100007F:9EF7 0100007F:CB4C 06 00000000:00000000 03:00000000 00000000     0        0 0 3 0000000000000000                                      
   7: 0100007F:9EF7 0100007F:CB52 06 00000000:00000000 03:00000000 00000000     0        0 0 3 0000000000000000                                      
   8: 0100007F:98D5 0100007F:857E 06 00000000:00000000 03:00001392 00000000     0        0 0 3 0000000000000000                                      
   9: 1500FEA9:BCB8 83D51068:01BB 06 00000000:00000000 03:00000A1D 00000000     0        0 0 3 0000000000000000                                      
  10: 1500FEA9:D41A DBA942AC:01BB 01 00000000:00000000 00:00000000 00000000  1001        0 680787 1 0000000000000000 20 4 30 10 -1                   
  11: 0100007F:963B 0100007F:BFF2 06 00000000:00000000 03:00001392 00000000     0        0 0 3 0000000000000000                                      
  12: 0100007F:9EF7 0100007F:CB58 06 00000000:00000000 03:00000045 00000000     0        0 0 3 0000000000000000                                      
  13: 1500FEA9:BCB4 83D51068:01BB 06 00000000:00000000 03:000009E8 00000000     0        0 0 3 0000000000000000                                      
  14: 0100007F:9E91 0100007F:DF38 06 00000000:00000000 03:00000000 00000000     0        0 0 3 0000000000000000                                      
  15: 1500FEA9:8E82 DBA942AC:01BB 06 00000000:00000000 03:00000DC8 00000000     0        0 0 3 0000000000000000                                      
  16: 0100007F:A91D 0100007F:D6CC 06 00000000:00000000 03:00001394 00000000     0        0 0 3 0000000000000000                                      
  17: 0100007F:A81B 0100007F:809E 06 00000000:00000000 03:00000000 00000000     0        0 0 3 0000000000000000                                      
1791335429.2165532
  sl  local_address rem_address   st tx_queue rx_queue tr tm->when retrnsmt   uid  timeout inode                                                     
   0: 3500007F:0035 00000000:0000 0A 00000000:00000000 00:00000000 00000000   102        0 12728 1 0000000000000000 100 0 0 10 5                     
   1: 00000000:006F 00000000:0000 0A 00000000:00000000 00:00000000 00000000     0        0 11541 1 0000000000000000 100 0 0 10 0                     
   2: 1500FEA9:CD48 3F15AD03:01BB 01 00000000:00000000 00:00000000 00000000  1001        0 592406 1 0000000000000000 20 4 30 16 -1                   
   3: 1500FEA9:E400 1520EFD8:01BB 06 00000000:00000000 03:00000AB7 00000000     0        0 0 3 0000000000000000                                      
   4: 1500FEA9:E1CE 83D51068:01BB 06 00000000:00000000 03:000009C3 00000000     0        0 0 3 0000000000000000                                      
   5: 0100007F:98D5 0100007F:857E 06 00000000:00000000 03:0000132D 00000000     0        0 0 3 0000000000000000                                      
   6: 1500FEA9:BCB8 83D51068:01BB 06 00000000:00000000 03:000009B8 00000000     0        0 0 3 0000000000000000                                      
   7: 1500FEA9:D41A DBA942AC:01BB 01 00000000:00000000 00:00000000 00000000  1001        0 680787 1 0000000000000000 20 4 30 10 -1                   
   8: 0100007F:963B 0100007F:BFF2 06 00000000:00000000 03:0000132D 00000000     0        0 0 3 0000000000000000                                      
   9: 0100007F:9EF7 0100007F:CB58 06 00000000:00000000 03:00000000 00000000     0        0 0 3 0000000000000000                                      
  10: 1500FEA9:BCB4 83D51068:01BB 06 00000000:00000000 03:00000984 00000000     0        0 0 3 0000000000000000                                      
  11: 1500FEA9:8E82 DBA942AC:01BB 06 00000000:00000000 03:00000D64 00000000     0        0 0 3 0000000000000000                                      
  12: 0100007F:A91D 0100007F:D6CC 06 00000000:00000000 03:00001330 00000000     0        0 0 3 0000000000000000                                      
1791335430.217691
  sl  local_address rem_address   st tx_queue rx_queue tr tm->when retrnsmt   uid  timeout inode                                                     
   0: 3500007F:0035 00000000:0000 0A 00000000:00000000 00:00000000 00000000   102        0 12728 1 0000000000000000 100 0 0 10 5                     
   1: 00000000:006F 00000000:0000 0A 00000000:00000000 00:00000000 00000000     0        0 11541 1 0000000000000000 100 0 0 10 0                     
   2: 1500FEA9:CD48 3F15AD03:01BB 01 00000000:00000000 00:00000000 00000000  1001        0 592406 1 0000000000000000 20 4 30 16 -1                   
   3: 1500FEA9:E400 1520EFD8:01BB 06 00000000:00000000 03:00000A53 00000000     0        0 0 3 0000000000000000                                      
   4: 1500FEA9:E1CE 83D51068:01BB 06 00000000:00000000 03:0000095F 00000000     0        0 0 3 0000000000000000                                      
   5: 0100007F:98D5 0100007F:857E 06 00000000:00000000 03:000012C9 00000000     0        0 0 3 0000000000000000                                      
   6: 1500FEA9:BCB8 83D51068:01BB 06 00000000:00000000 03:00000954 00000000     0        0 0 3 0000000000000000                                      
   7: 1500FEA9:D41A DBA942AC:01BB 01 00000000:00000000 00:00000000 00000000  1001        0 680787 1 0000000000000000 20 4 30 10 -1                   
   8: 0100007F:963B 0100007F:BFF2 06 00000000:00000000 03:000012C9 00000000     0        0 0 3 0000000000000000                                      
   9: 0100007F:9EF7 0100007F:CB58 06 00000000:00000000 03:00000000 00000000     0        0 0 3 0000000000000000                                      
  10: 1500FEA9:BCB4 83D51068:01BB 06 00000000:00000000 03:00000920 00000000     0        0 0 3 0000000000000000                                      
  11: 1500FEA9:8E82 DBA942AC:01BB 06 00000000:00000000 03:00000D00 00000000     0        0 0 3 0000000000000000                                      
  12: 0100007F:A91D 0100007F:D6CC 06 00000000:00000000 03:000012CC 00000000     0        0 0 3 0000000000000000                                      
1791335431.218827
  sl  local_address rem_address   st tx_queue rx_queue tr tm->when retrnsmt   uid  timeout inode                                                     
   0: 3500007F:0035 00000000:0000 0A 00000000:00000000 00:00000000 00000000   102        0 12728 1 0000000000000000 100 0 0 10 5                     
   1: 00000000:006F 00000000:0000 0A 00000000:00000000 00:00000000 00000000     0        0 11541 1 0000000000000000 100 0 0 10 0                     
   2: 1500FEA9:CD48 3F15AD03:01BB 01 00000000:00000000 00:00000000 00000000  1001        0 592406 1 0000000000000000 20 4 30 16 -1                   
   3: 1500FEA9:E400 1520EFD8:01BB 06 00000000:00000000 03:000009EF 00000000     0        0 0 3 0000000000000000                                      
   4: 1500FEA9:E1CE 83D51068:01BB 06 00000000:00000000 03:000008FB 00000000     0        0 0 3 0000000000000000                                      
   5: 0100007F:98D5 0100007F:857E 06 00000000:00000000 03:00001265 00000000     0        0 0 3 0000000000000000                                      
   6: 1500FEA9:BCB8 83D51068:01BB 06 00000000:00000000 03:000008F0 00000000     0        0 0 3 0000000000000000                                      
   7: 1500FEA9:D41A DBA942AC:01BB 01 00000000:00000000 00:00000000 00000000  1001        0 680787 1 0000000000000000 20 4 30 10 -1                   
   8: 0100007F:963B 0100007F:BFF2 06 00000000:00000000 03:00001265 00000000     0        0 0 3 0000000000000000                                      
   9: 1500FEA9:BCB4 83D51068:01BB 06 00000000:00000000 03:000008BC 00000000     0        0 0 3 0000000000000000                                      
  10: 1500FEA9:8E82 DBA942AC:01BB 06 00000000:00000000 03:00000C9C 00000000     0        0 0 3 0000000000000000                                      
  11: 0100007F:A91D 0100007F:D6CC 06 00000000:00000000 03:00001268 00000000     0        0 0 3 0000000000000000                                      
1791335432.2199957
  sl  local_address rem_address   st tx_queue rx_queue tr tm->when retrnsmt   uid  timeout inode                                                     
   0: 3500007F:0035 00000000:0000 0A 00000000:00000000 00:00000000 00000000   102        0 12728 1 0000000000000000 100 0 0 10 5                     
   1: 00000000:006F 00000000:0000 0A 00000000:00000000 00:00000000 00000000     0        0 11541 1 0000000000000000 100 0 0 10 0                     
   2: 1500FEA9:CD48 3F15AD03:01BB 01 00000000:00000000 00:00000000 00000000  1001        0 592406 1 0000000000000000 20 4 30 16 -1                   
   3: 1500FEA9:E400 1520EFD8:01BB 06 00000000:00000000 03:0000098B 00000000     0        0 0 3 0000000000000000                                      
   4: 1500FEA9:E1CE 83D51068:01BB 06 00000000:00000000 03:00000897 00000000     0        0 0 3 0000000000000000                                      
   5: 0100007F:98D5 0100007F:857E 06 00000000:00000000 03:00001201 00000000     0        0 0 3 0000000000000000                                      
   6: 1500FEA9:BCB8 83D51068:01BB 06 00000000:00000000 03:0000088C 00000000     0        0 0 3 0000000000000000                                      
   7: 1500FEA9:D41A DBA942AC:01BB 01 00000000:00000000 00:00000000 00000000  1001        0 680787 1 0000000000000000 20 4 30 10 -1                   
   8: 0100007F:963B 0100007F:BFF2 06 00000000:00000000 03:00001201 00000000     0        0 0 3 0000000000000000                                      
   9: 1500FEA9:BCB4 83D51068:01BB 06 00000000:00000000 03:00000858 00000000     0        0 0 3 0000000000000000                                      
  10: 1500FEA9:8E82 DBA942AC:01BB 06 00000000:00000000 03:00000C38 00000000     0        0 0 3 0000000000000000                                      
  11: 0100007F:A91D 0100007F:D6CC 06 00000000:00000000 03:00001204 00000000     0        0 0 3 0000000000000000                                      
1791335433.2211921
  sl  local_address rem_address   st tx_queue rx_queue tr tm->when retrnsmt   uid  timeout inode                                                     
   0: 3500007F:0035 00000000:0000 0A 00000000:00000000 00:00000000 00000000   102        0 12728 1 0000000000000000 100 0 0 10 5                     
   1: 00000000:006F 00000000:0000 0A 00000000:00000000 00:00000000 00000000     0        0 11541 1 0000000000000000 100 0 0 10 0                     
   2: 1500FEA9:CD48 3F15AD03:01BB 01 00000000:00000000 00:00000000 00000000  1001        0 592406 1 0000000000000000 20 4 30 16 -1                   
   3: 1500FEA9:E400 1520EFD8:01BB 06 00000000:00000000 03:00000927 00000000     0        0 0 3 0000000000000000                                      
   4: 1500FEA9:E1CE 83D51068:01BB 06 00000000:00000000 03:00000833 00000000     0        0 0 3 0000000000000000                                      
   5: 0100007F:98D5 0100007F:857E 06 00000000:00000000 03:0000119D 00000000     0        0 0 3 0000000000000000                                      
   6: 1500FEA9:BCB8 83D51068:01BB 06 00000000:00000000 03:00000828 00000000     0        0 0 3 0000000000000000                                      
   7: 1500FEA9:D41A DBA942AC:01BB 01 00000000:00000000 00:00000000 00000000  1001        0 680787 1 0000000000000000 20 4 30 10 -1                   
   8: 0100007F:963B 0100007F:BFF2 06 00000000:00000000 03:0000119D 00000000     0        0 0 3 0000000000000000                                      
   9: 1500FEA9:BCB4 83D51068:01BB 06 00000000:00000000 03:000007F4 00000000     0        0 0 3 0000000000000000                                      
  10: 1500FEA9:8E82 DBA942AC:01BB 06 00000000:00000000 03:00000BD4 00000000     0        0 0 3 0000000000000000                                      
  11: 0100007F:A91D 0100007F:D6CC 06 00000000:00000000 03:000011A0 00000000     0        0 0 3 0000000000000000                                      
1791335434.222357
  sl  local_address rem_address   st tx_queue rx_queue tr tm->when retrnsmt   uid  timeout inode                                                     
   0: 3500007F:0035 00000000:0000 0A 00000000:00000000 00:00000000 00000000   102        0 12728 1 0000000000000000 100 0 0 10 5                     
   1: 00000000:006F 00000000:0000 0A 00000000:00000000 00:00000000 00000000     0        0 11541 1 0000000000000000 100 0 0 10 0                     
   2: 1500FEA9:CD48 3F15AD03:01BB 01 00000000:00000000 00:00000000 00000000  1001        0 592406 1 0000000000000000 20 4 30 16 -1                   
   3: 1500FEA9:E400 1520EFD8:01BB 06 00000000:00000000 03:000008C2 00000000     0        0 0 3 0000000000000000                                      
   4: 1500FEA9:E1CE 83D51068:01BB 06 00000000:00000000 03:000007CE 00000000     0        0 0 3 0000000000000000                                      
   5: 0100007F:98D5 0100007F:857E 06 00000000:00000000 03:00001139 00000000     0        0 0 3 0000000000000000                                      
   6: 1500FEA9:BCB8 83D51068:01BB 06 00000000:00000000 03:000007C4 00000000     0        0 0 3 0000000000000000                                      
   7: 1500FEA9:D41A DBA942AC:01BB 01 00000000:00000000 00:00000000 00000000  1001        0 680787 1 0000000000000000 20 4 30 10 -1                   
   8: 0100007F:963B 0100007F:BFF2 06 00000000:00000000 03:00001139 00000000     0        0 0 3 0000000000000000                                      
   9: 1500FEA9:BCB4 83D51068:01BB 06 00000000:00000000 03:0000078F 00000000     0        0 0 3 0000000000000000                                      
  10: 1500FEA9:8E82 DBA942AC:01BB 06 00000000:00000000 03:00000B6F 00000000     0        0 0 3 0000000000000000                                      
  11: 0100007F:A91D 0100007F:D6CC 06 00000000:00000000 03:0000113C 00000000     0        0 0 3 0000000000000000                                      
1791335435.2234814
  sl  local_address rem_address   st tx_queue rx_queue tr tm->when retrnsmt   uid  timeout inode                                                     
   0: 3500007F:0035 00000000:0000 0A 00000000:00000000 00:00000000 00000000   102        0 12728 1 0000000000000000 100 0 0 10 5                     
   1: 00000000:006F 00000000:0000 0A 00000000:00000000 00:00000000 00000000     0        0 11541 1 0000000000000000 100 0 0 10 0                     
   2: 1500FEA9:CD48 3F15AD03:01BB 01 00000000:00000000 00:00000000 00000000  1001        0 592406 1 0000000000000000 20 4 30 16 -1                   
   3: 1500FEA9:E400 1520EFD8:01BB 06 00000000:00000000 03:0000085E 00000000     0        0 0 3 0000000000000000                                      
   4: 1500FEA9:E1CE 83D51068:01BB 06 00000000:00000000 03:0000076A 00000000     0        0 0 3 0000000000000000                                      
   5: 0100007F:98D5 0100007F:857E 06 00000000:00000000 03:000010D5 00000000     0        0 0 3 0000000000000000                                      
   6: 1500FEA9:BCB8 83D51068:01BB 06 00000000:00000000 03:00000760 00000000     0        0 0 3 0000000000000000                                      
   7: 1500FEA9:D41A DBA942AC:01BB 01 00000000:00000000 00:00000000 00000000  1001        0 680787 1 0000000000000000 20 4 30 10 -1                   
   8: 0100007F:963B 0100007F:BFF2 06 00000000:00000000 03:000010D5 00000000     0        0 0 3 0000000000000000                                      
   9: 1500FEA9:BCB4 83D51068:01BB 06 00000000:00000000 03:0000072B 00000000     0        0 0 3 0000000000000000                                      
  10: 1500FEA9:8E82 DBA942AC:01BB 06 00000000:00000000 03:00000B0B 00000000     0        0 0 3 0000000000000000                                      
  11: 0100007F:A91D 0100007F:D6CC 06 00000000:00000000 03:000010D8 00000000     0        0 0 3 0000000000000000                                      
1791335436.2246556
  sl  local_address rem_address   st tx_queue rx_queue tr tm->when retrnsmt   uid  timeout inode                                                     
   0: 3500007F:0035 00000000:0000 0A 00000000:00000000 00:00000000 00000000   102        0 12728 1 0000000000000000 100 0 0 10 5                     
   1: 00000000:006F 00000000:0000 0A 00000000:00000000 00:00000000 00000000     0        0 11541 1 0000000000000000 100 0 0 10 0                     
   2: 1500FEA9:CD48 3F15AD03:01BB 01 00000000:00000000 00:00000000 00000000  1001        0 592406 1 0000000000000000 20 4 30 16 -1                   
   3: 1500FEA9:E400 1520EFD8:01BB 06 00000000:00000000 03:000007FA 00000000     0        0 0 3 0000000000000000                                      
   4: 1500FEA9:E1CE 83D51068:01BB 06 00000000:00000000 03:00000706 00000000     0        0 0 3 0000000000000000                                      
   5: 0100007F:98D5 0100007F:857E 06 00000000:00000000 03:00001071 00000000     0        0 0 3 0000000000000000                                      
   6: 1500FEA9:BCB8 83D51068:01BB 06 00000000:00000000 03:000006FC 00000000     0        0 0 3 0000000000000000                                      
   7: 1500FEA9:D41A DBA942AC:01BB 01 00000000:00000000 00:00000000 00000000  1001        0 680787 1 0000000000000000 20 4 30 10 -1                   
   8: 0100007F:963B 0100007F:BFF2 06 00000000:00000000 03:00001071 00000000     0        0 0 3 0000000000000000                                      
   9: 1500FEA9:BCB4 83D51068:01BB 06 00000000:00000000 03:000006C7 00000000     0        0 0 3 0000000000000000                                      
  10: 1500FEA9:8E82 DBA942AC:01BB 06 00000000:00000000 03:00000AA7 00000000     0        0 0 3 0000000000000000                                      
  11: 0100007F:A91D 0100007F:D6CC 06 00000000:00000000 03:00001074 00000000     0        0 0 3 0000000000000000                                      
1791335437.225805
  sl  local_address rem_address   st tx_queue rx_queue tr tm->when retrnsmt   uid  timeout inode                                                     
   0: 3500007F:0035 00000000:0000 0A 00000000:00000000 00:00000000 00000000   102        0 12728 1 0000000000000000 100 0 0 10 5                     
   1: 00000000:006F 00000000:0000 0A 00000000:00000000 00:00000000 00000000     0        0 11541 1 0000000000000000 100 0 0 10 0                     
   2: 1500FEA9:CD48 3F15AD03:01BB 01 00000000:00000000 00:00000000 00000000  1001        0 592406 1 0000000000000000 20 4 30 16 -1                   
   3: 1500FEA9:E400 1520EFD8:01BB 06 00000000:00000000 03:00000796 00000000     0        0 0 3 0000000000000000                                      
   4: 1500FEA9:E1CE 83D51068:01BB 06 00000000:00000000 03:000006A2 00000000     0        0 0 3 0000000000000000                                      
   5: 0100007F:98D5 0100007F:857E 06 00000000:00000000 03:0000100D 00000000     0        0 0 3 0000000000000000                                      
   6: 1500FEA9:BCB8 83D51068:01BB 06 00000000:00000000 03:00000698 00000000     0        0 0 3 0000000000000000                                      
   7: 1500FEA9:D41A DBA942AC:01BB 01 00000000:00000000 00:00000000 00000000  1001        0 680787 1 0000000000000000 20 4 30 10 -1                   
   8: 0100007F:963B 0100007F:BFF2 06 00000000:00000000 03:0000100D 00000000     0        0 0 3 0000000000000000                                      
   9: 1500FEA9:BCB4 83D51068:01BB 06 00000000:00000000 03:00000663 00000000     0        0 0 3 0000000000000000                                      
  10: 1500FEA9:8E82 DBA942AC:01BB 06 00000000:00000000 03:00000A43 00000000     0        0 0 3 0000000000000000                                      
  11: 0100007F:A91D 0100007F:D6CC 06 00000000:00000000 03:00001010 00000000     0        0 0 3 0000000000000000                                      
1791335438.2269273
  sl  local_address rem_address   st tx_queue rx_queue tr tm->when retrnsmt   uid  timeout inode                                                     
   0: 3500007F:0035 00000000:0000 0A 00000000:00000000 00:00000000 00000000   102        0 12728 1 0000000000000000 100 0 0 10 5                     
   1: 00000000:006F 00000000:0000 0A 00000000:00000000 00:00000000 00000000     0        0 11541 1 0000000000000000 100 0 0 10 0                     
   2: 1500FEA9:CD48 3F15AD03:01BB 01 00000000:00000000 00:00000000 00000000  1001        0 592406 1 0000000000000000 20 4 30 16 -1                   
   3: 1500FEA9:E400 1520EFD8:01BB 06 00000000:00000000 03:00000732 00000000     0        0 0 3 0000000000000000                                      
   4: 1500FEA9:E1CE 83D51068:01BB 06 00000000:00000000 03:0000063E 00000000     0        0 0 3 0000000000000000                                      
   5: 0100007F:98D5 0100007F:857E 06 00000000:00000000 03:00000FA8 00000000     0        0 0 3 0000000000000000                                      
   6: 1500FEA9:BCB8 83D51068:01BB 06 00000000:00000000 03:00000634 00000000     0        0 0 3 0000000000000000                                      
   7: 1500FEA9:D41A DBA942AC:01BB 01 00000000:00000000 00:00000000 00000000  1001        0 680787 1 0000000000000000 20 4 30 10 -1                   
   8: 0100007F:963B 0100007F:BFF2 06 00000000:00000000 03:00000FA8 00000000     0        0 0 3 0000000000000000                                      
   9: 1500FEA9:BCB4 83D51068:01BB 06 00000000:00000000 03:000005FF 00000000     0        0 0 3 0000000000000000                                      
  10: 1500FEA9:8E82 DBA942AC:01BB 06 00000000:00000000 03:000009DF 00000000     0        0 0 3 0000000000000000                                      
  11: 0100007F:A91D 0100007F:D6CC 06 00000000:00000000 03:00000FAB 00000000     0        0 0 3 0000000000000000                                      
1791335439.2280502
  sl  local_address rem_address   st tx_queue rx_queue tr tm->when retrnsmt   uid  timeout inode                                                     
   0: 3500007F:0035 00000000:0000 0A 00000000:00000000 00:00000000 00000000   102        0 12728 1 0000000000000000 100 0 0 10 5                     
   1: 00000000:006F 00000000:0000 0A 00000000:00000000 00:00000000 00000000     0        0 11541 1 0000000000000000 100 0 0 10 0                     
   2: 1500FEA9:CD48 3F15AD03:01BB 01 00000000:00000000 00:00000000 00000000  1001        0 592406 1 0000000000000000 20 4 30 16 -1                   
   3: 1500FEA9:E400 1520EFD8:01BB 06 00000000:00000000 03:000006CE 00000000     0        0 0 3 0000000000000000                                      
   4: 1500FEA9:E1CE 83D51068:01BB 06 00000000:00000000 03:000005DA 00000000     0        0 0 3 0000000000000000                                      
   5: 0100007F:98D5 0100007F:857E 06 00000000:00000000 03:00000F44 00000000     0        0 0 3 0000000000000000                                      
   6: 1500FEA9:BCB8 83D51068:01BB 06 00000000:00000000 03:000005D0 00000000     0        0 0 3 0000000000000000                                      
   7: 1500FEA9:D41A DBA942AC:01BB 01 00000000:00000000 00:00000000 00000000  1001        0 680787 1 0000000000000000 20 4 30 10 -1                   
   8: 0100007F:963B 0100007F:BFF2 06 00000000:00000000 03:00000F44 00000000     0        0 0 3 0000000000000000                                      
   9: 1500FEA9:BCB4 83D51068:01BB 06 00000000:00000000 03:0000059B 00000000     0        0 0 3 0000000000000000                                      
  10: 1500FEA9:8E82 DBA942AC:01BB 06 00000000:00000000 03:0000097B 00000000     0        0 0 3 0000000000000000                                      
  11: 0100007F:A91D 0100007F:D6CC 06 00000000:00000000 03:00000F47 00000000     0        0 0 3 0000000000000000                                      
1791335440.2291608
  sl  local_address rem_address   st tx_queue rx_queue tr tm->when retrnsmt   uid  timeout inode                                                     
   0: 3500007F:0035 00000000:0000 0A 00000000:00000000 00:00000000 00000000   102        0 12728 1 0000000000000000 100 0 0 10 5                     
   1: 00000000:006F 00000000:0000 0A 00000000:00000000 00:00000000 00000000     0        0 11541 1 0000000000000000 100 0 0 10 0                     
   2: 1500FEA9:CD48 3F15AD03:01BB 01 00000000:00000000 00:00000000 00000000  1001        0 592406 1 0000000000000000 20 4 30 16 -1                   
   3: 1500FEA9:E400 1520EFD8:01BB 06 00000000:00000000 03:0000066A 00000000     0        0 0 3 0000000000000000                                      
   4: 1500FEA9:E1CE 83D51068:01BB 06 00000000:00000000 03:00000576 00000000     0        0 0 3 0000000000000000                                      
   5: 0100007F:98D5 0100007F:857E 06 00000000:00000000 03:00000EE0 00000000     0        0 0 3 0000000000000000                                      
   6: 1500FEA9:BCB8 83D51068:01BB 06 00000000:00000000 03:0000056C 00000000     0        0 0 3 0000000000000000                                      
   7: 1500FEA9:D41A DBA942AC:01BB 01 00000000:00000000 00:00000000 00000000  1001        0 680787 1 0000000000000000 20 4 30 10 -1                   
   8: 0100007F:963B 0100007F:BFF2 06 00000000:00000000 03:00000EE0 00000000     0        0 0 3 0000000000000000                                      
   9: 1500FEA9:BCB4 83D51068:01BB 06 00000000:00000000 03:00000537 00000000     0        0 0 3 0000000000000000                                      
  10: 1500FEA9:8E82 DBA942AC:01BB 06 00000000:00000000 03:00000917 00000000     0        0 0 3 0000000000000000                                      
  11: 0100007F:A91D 0100007F:D6CC 06 00000000:00000000 03:00000EE3 00000000     0        0 0 3 0000000000000000                                      
1791335441.23029
  sl  local_address rem_address   st tx_queue rx_queue tr tm->when retrnsmt   uid  timeout inode                                                     
   0: 3500007F:0035 00000000:0000 0A 00000000:00000000 00:00000000 00000000   102        0 12728 1 0000000000000000 100 0 0 10 5                     
   1: 00000000:006F 00000000:0000 0A 00000000:00000000 00:00000000 00000000     0        0 11541 1 0000000000000000 100 0 0 10 0                     
   2: 1500FEA9:CD48 3F15AD03:01BB 01 00000000:00000000 00:00000000 00000000  1001        0 592406 1 0000000000000000 20 4 30 16 -1                   
   3: 1500FEA9:E400 1520EFD8:01BB 06 00000000:00000000 03:00000606 00000000     0        0 0 3 0000000000000000                                      
   4: 1500FEA9:E1CE 83D51068:01BB 06 00000000:00000000 03:00000512 00000000     0        0 0 3 0000000000000000                                      
   5: 0100007F:98D5 0100007F:857E 06 00000000:00000000 03:00000E7C 00000000     0        0 0 3 0000000000000000                                      
   6: 1500FEA9:BCB8 83D51068:01BB 06 00000000:00000000 03:00000507 00000000     0        0 0 3 0000000000000000                                      
   7: 1500FEA9:D41A DBA942AC:01BB 01 00000000:00000000 00:00000000 00000000  1001        0 680787 1 0000000000000000 20 4 30 10 -1                   
   8: 0100007F:963B 0100007F:BFF2 06 00000000:00000000 03:00000E7C 00000000     0        0 0 3 0000000000000000                                      
   9: 1500FEA9:BCB4 83D51068:01BB 06 00000000:00000000 03:000004D2 00000000     0        0 0 3 0000000000000000                                      
  10: 1500FEA9:8E82 DBA942AC:01BB 06 00000000:00000000 03:000008B2 00000000     0        0 0 3 0000000000000000                                      
  11: 0100007F:A91D 0100007F:D6CC 06 00000000:00000000 03:00000E7F 00000000     0        0 0 3 0000000000000000                                      
1791335442.231437
  sl  local_address rem_address   st tx_queue rx_queue tr tm->when retrnsmt   uid  timeout inode                                                     
   0: 3500007F:0035 00000000:0000 0A 00000000:00000000 00:00000000 00000000   102        0 12728 1 0000000000000000 100 0 0 10 5                     
   1: 00000000:006F 00000000:0000 0A 00000000:00000000 00:00000000 00000000     0        0 11541 1 0000000000000000 100 0 0 10 0                     
   2: 1500FEA9:CD48 3F15AD03:01BB 01 00000000:00000000 00:00000000 00000000  1001        0 592406 1 0000000000000000 20 4 30 16 -1                   
   3: 1500FEA9:E400 1520EFD8:01BB 06 00000000:00000000 03:000005A2 00000000     0        0 0 3 0000000000000000                                      
   4: 1500FEA9:E1CE 83D51068:01BB 06 00000000:00000000 03:000004AE 00000000     0        0 0 3 0000000000000000                                      
   5: 0100007F:98D5 0100007F:857E 06 00000000:00000000 03:00000E18 00000000     0        0 0 3 0000000000000000                                      
   6: 1500FEA9:BCB8 83D51068:01BB 06 00000000:00000000 03:000004A3 00000000     0        0 0 3 0000000000000000                                      
   7: 1500FEA9:D41A DBA942AC:01BB 01 00000000:00000000 00:00000000 00000000  1001        0 680787 1 0000000000000000 20 4 30 10 -1                   
   8: 0100007F:963B 0100007F:BFF2 06 00000000:00000000 03:00000E18 00000000     0        0 0 3 0000000000000000                                      
   9: 1500FEA9:BCB4 83D51068:01BB 06 00000000:00000000 03:0000046E 00000000     0        0 0 3 0000000000000000                                      
  10: 1500FEA9:8E82 DBA942AC:01BB 06 00000000:00000000 03:0000084E 00000000     0        0 0 3 0000000000000000                                      
  11: 0100007F:A91D 0100007F:D6CC 06 00000000:00000000 03:00000E1B 00000000     0        0 0 3 0000000000000000                                      
1791335443.2341301
  sl  local_address rem_address   st tx_queue rx_queue tr tm->when retrnsmt   uid  timeout inode                                                     
   0: 3500007F:0035 00000000:0000 0A 00000000:00000000 00:00000000 00000000   102        0 12728 1 0000000000000000 100 0 0 10 5                     
   1: 00000000:006F 00000000:0000 0A 00000000:00000000 00:00000000 00000000     0        0 11541 1 0000000000000000 100 0 0 10 0                     
   2: 1500FEA9:CD48 3F15AD03:01BB 01 00000000:00000000 00:00000000 00000000  1001        0 592406 1 0000000000000000 20 4 30 16 -1                   
   3: 1500FEA9:E400 1520EFD8:01BB 06 00000000:00000000 03:0000053D 00000000     0        0 0 3 0000000000000000                                      
   4: 1500FEA9:E1CE 83D51068:01BB 06 00000000:00000000 03:00000449 00000000     0        0 0 3 0000000000000000                                      
   5: 0100007F:98D5 0100007F:857E 06 00000000:00000000 03:00000DB4 00000000     0        0 0 3 0000000000000000                                      
   6: 1500FEA9:BCB8 83D51068:01BB 06 00000000:00000000 03:0000043F 00000000     0        0 0 3 0000000000000000                                      
   7: 1500FEA9:D41A DBA942AC:01BB 01 00000000:00000000 00:00000000 00000000  1001        0 680787 1 0000000000000000 20 4 30 10 -1                   
   8: 0100007F:963B 0100007F:BFF2 06 00000000:00000000 03:00000DB4 00000000     0        0 0 3 0000000000000000                                      
   9: 1500FEA9:BCB4 83D51068:01BB 06 00000000:00000000 03:0000040A 00000000     0        0 0 3 0000000000000000                                      
  10: 1500FEA9:8E82 DBA942AC:01BB 06 00000000:00000000 03:000007EA 00000000     0        0 0 3 0000000000000000                                      
  11: 0100007F:A91D 0100007F:D6CC 06 00000000:00000000 03:00000DB6 00000000     0        0 0 3 0000000000000000                                      
1791335444.2352777
  sl  local_address rem_address   st tx_queue rx_queue tr tm->when retrnsmt   uid  timeout inode                                                     
   0: 3500007F:0035 00000000:0000 0A 00000000:00000000 00:00000000 00000000   102        0 12728 1 0000000000000000 100 0 0 10 5                     
   1: 00000000:006F 00000000:0000 0A 00000000:00000000 00:00000000 00000000     0        0 11541 1 0000000000000000 100 0 0 10 0                     
   2: 1500FEA9:CD48 3F15AD03:01BB 01 00000000:00000000 00:00000000 00000000  1001        0 592406 1 0000000000000000 20 4 30 16 -1                   
   3: 1500FEA9:E400 1520EFD8:01BB 06 00000000:00000000 03:000004D9 00000000     0        0 0 3 0000000000000000                                      
   4: 1500FEA9:E1CE 83D51068:01BB 06 00000000:00000000 03:000003E5 00000000     0        0 0 3 0000000000000000                                      
   5: 0100007F:98D5 0100007F:857E 06 00000000:00000000 03:00000D50 00000000     0        0 0 3 0000000000000000                                      
   6: 1500FEA9:BCB8 83D51068:01BB 06 00000000:00000000 03:000003DB 00000000     0        0 0 3 0000000000000000                                      
   7: 1500FEA9:D41A DBA942AC:01BB 01 00000000:00000000 00:00000000 00000000  1001        0 680787 1 0000000000000000 20 4 30 10 -1                   
   8: 0100007F:963B 0100007F:BFF2 06 00000000:00000000 03:00000D50 00000000     0        0 0 3 0000000000000000                                      
   9: 1500FEA9:BCB4 83D51068:01BB 06 00000000:00000000 03:000003A6 00000000     0        0 0 3 0000000000000000                                      
  10: 1500FEA9:8E82 DBA942AC:01BB 06 00000000:00000000 03:00000786 00000000     0        0 0 3 0000000000000000                                      
  11: 0100007F:A91D 0100007F:D6CC 06 00000000:00000000 03:00000D52 00000000     0        0 0 3 0000000000000000                                      
1791335445.2364154
  sl  local_address rem_address   st tx_queue rx_queue tr tm->when retrnsmt   uid  timeout inode                                                     
   0: 3500007F:0035 00000000:0000 0A 00000000:00000000 00:00000000 00000000   102        0 12728 1 0000000000000000 100 0 0 10 5                     
   1: 00000000:006F 00000000:0000 0A 00000000:00000000 00:00000000 00000000     0        0 11541 1 0000000000000000 100 0 0 10 0                     
   2: 1500FEA9:CD48 3F15AD03:01BB 01 00000000:00000000 00:00000000 00000000  1001        0 592406 1 0000000000000000 20 4 30 16 -1                   
   3: 1500FEA9:E400 1520EFD8:01BB 06 00000000:00000000 03:00000475 00000000     0        0 0 3 0000000000000000                                      
   4: 1500FEA9:E1CE 83D51068:01BB 06 00000000:00000000 03:00000381 00000000     0        0 0 3 0000000000000000                                      
   5: 0100007F:98D5 0100007F:857E 06 00000000:00000000 03:00000CEC 00000000     0        0 0 3 0000000000000000                                      
   6: 1500FEA9:BCB8 83D51068:01BB 06 00000000:00000000 03:00000377 00000000     0        0 0 3 0000000000000000                                      
   7: 1500FEA9:D41A DBA942AC:01BB 01 00000000:00000000 00:00000000 00000000  1001        0 680787 1 0000000000000000 20 4 30 10 -1                   
   8: 0100007F:963B 0100007F:BFF2 06 00000000:00000000 03:00000CEC 00000000     0        0 0 3 0000000000000000                                      
   9: 1500FEA9:BCB4 83D51068:01BB 06 00000000:00000000 03:00000342 00000000     0        0 0 3 0000000000000000                                      
  10: 1500FEA9:8E82 DBA942AC:01BB 06 00000000:00000000 03:00000722 00000000     0        0 0 3 0000000000000000                                      
  11: 0100007F:A91D 0100007F:D6CC 06 00000000:00000000 03:00000CEE 00000000     0        0 0 3 0000000000000000                                      
1791335446.2375581
  sl  local_address rem_address   st tx_queue rx_queue tr tm->when retrnsmt   uid  timeout inode                                                     
   0: 3500007F:0035 00000000:0000 0A 00000000:00000000 00:00000000 00000000   102        0 12728 1 0000000000000000 100 0 0 10 5                     
   1: 00000000:006F 00000000:0000 0A 00000000:00000000 00:00000000 00000000     0        0 11541 1 0000000000000000 100 0 0 10 0                     
   2: 1500FEA9:CD48 3F15AD03:01BB 01 00000000:00000000 00:00000000 00000000  1001        0 592406 1 0000000000000000 20 4 30 16 -1                   
   3: 1500FEA9:E400 1520EFD8:01BB 06 00000000:00000000 03:00000411 00000000     0        0 0 3 0000000000000000                                      
   4: 1500FEA9:E1CE 83D51068:01BB 06 00000000:00000000 03:0000031D 00000000     0        0 0 3 0000000000000000                                      
   5: 0100007F:98D5 0100007F:857E 06 00000000:00000000 03:00000C87 00000000     0        0 0 3 0000000000000000                                      
   6: 1500FEA9:BCB8 83D51068:01BB 06 00000000:00000000 03:00000312 00000000     0        0 0 3 0000000000000000                                      
   7: 1500FEA9:D41A DBA942AC:01BB 01 00000000:00000000 00:00000000 00000000  1001        0 680787 1 0000000000000000 20 4 30 10 -1                   
   8: 0100007F:963B 0100007F:BFF2 06 00000000:00000000 03:00000C87 00000000     0        0 0 3 0000000000000000                                      
   9: 1500FEA9:BCB4 83D51068:01BB 06 00000000:00000000 03:000002DE 00000000     0        0 0 3 0000000000000000                                      
  10: 1500FEA9:8E82 DBA942AC:01BB 06 00000000:00000000 03:000006BE 00000000     0        0 0 3 0000000000000000                                      
  11: 0100007F:A91D 0100007F:D6CC 06 00000000:00000000 03:00000C8A 00000000     0        0 0 3 0000000000000000                                      
1791335447.238716
  sl  local_address rem_address   st tx_queue rx_queue tr tm->when retrnsmt   uid  timeout inode                                                     
   0: 3500007F:0035 00000000:0000 0A 00000000:00000000 00:00000000 00000000   102        0 12728 1 0000000000000000 100 0 0 10 5                     
   1: 00000000:006F 00000000:0000 0A 00000000:00000000 00:00000000 00000000     0        0 11541 1 0000000000000000 100 0 0 10 0                     
   2: 1500FEA9:CD48 3F15AD03:01BB 01 00000000:00000000 00:00000000 00000000  1001        0 592406 1 0000000000000000 20 4 30 16 -1                   
   3: 1500FEA9:E400 1520EFD8:01BB 06 00000000:00000000 03:000003AD 00000000     0        0 0 3 0000000000000000                                      
   4: 1500FEA9:E1CE 83D51068:01BB 06 00000000:00000000 03:000002B9 00000000     0        0 0 3 0000000000000000                                      
   5: 0100007F:98D5 0100007F:857E 06 00000000:00000000 03:00000C23 00000000     0        0 0 3 0000000000000000                                      
   6: 1500FEA9:BCB8 83D51068:01BB 06 00000000:00000000 03:000002AE 00000000     0        0 0 3 0000000000000000                                      
   7: 1500FEA9:D41A DBA942AC:01BB 01 00000000:00000000 00:00000000 00000000  1001        0 680787 1 0000000000000000 20 4 30 10 -1                   
   8: 0100007F:963B 0100007F:BFF2 06 00000000:00000000 03:00000C23 00000000     0        0 0 3 0000000000000000                                      
   9: 1500FEA9:BCB4 83D51068:01BB 06 00000000:00000000 03:0000027A 00000000     0        0 0 3 0000000000000000                                      
  10: 1500FEA9:8E82 DBA942AC:01BB 06 00000000:00000000 03:0000065A 00000000     0        0 0 3 0000000000000000                                      
  11: 0100007F:A91D 0100007F:D6CC 06 00000000:00000000 03:00000C26 00000000     0        0 0 3 0000000000000000                                      
1791335448.2398565
  sl  local_address rem_address   st tx_queue rx_queue tr tm->when retrnsmt   uid  timeout inode                                                     
   0: 3500007F:0035 00000000:0000 0A 00000000:00000000 00:00000000 00000000   102        0 12728 1 0000000000000000 100 0 0 10 5                     
   1: 00000000:006F 00000000:0000 0A 00000000:00000000 00:00000000 00000000     0        0 11541 1 0000000000000000 100 0 0 10 0                     
   2: 1500FEA9:CD48 3F15AD03:01BB 01 00000000:00000000 00:00000000 00000000  1001        0 592406 1 0000000000000000 20 4 30 16 -1                   
   3: 1500FEA9:E400 1520EFD8:01BB 06 00000000:00000000 03:00000349 00000000     0        0 0 3 0000000000000000                                      
   4: 1500FEA9:E1CE 83D51068:01BB 06 00000000:00000000 03:00000255 00000000     0        0 0 3 0000000000000000                                      
   5: 0100007F:98D5 0100007F:857E 06 00000000:00000000 03:00000BBF 00000000     0        0 0 3 0000000000000000                                      
   6: 1500FEA9:BCB8 83D51068:01BB 06 00000000:00000000 03:0000024A 00000000     0        0 0 3 0000000000000000                                      
   7: 1500FEA9:D41A DBA942AC:01BB 01 00000000:00000000 00:00000000 00000000  1001        0 680787 1 0000000000000000 20 4 30 10 -1                   
   8: 0100007F:963B 0100007F:BFF2 06 00000000:00000000 03:00000BBF 00000000     0        0 0 3 0000000000000000                                      
   9: 1500FEA9:BCB4 83D51068:01BB 06 00000000:00000000 03:00000216 00000000     0        0 0 3 0000000000000000                                      
  10: 1500FEA9:8E82 DBA942AC:01BB 06 00000000:00000000 03:000005F6 00000000     0        0 0 3 0000000000000000                                      
  11: 0100007F:A91D 0100007F:D6CC 06 00000000:00000000 03:00000BC2 00000000     0        0 0 3 0000000000000000                                      
1791335449.2410166
  sl  local_address rem_address   st tx_queue rx_queue tr tm->when retrnsmt   uid  timeout inode                                                     
   0: 3500007F:0035 00000000:0000 0A 00000000:00000000 00:00000000 00000000   102        0 12728 1 0000000000000000 100 0 0 10 5                     
   1: 00000000:006F 00000000:0000 0A 00000000:00000000 00:00000000 00000000     0        0 11541 1 0000000000000000 100 0 0 10 0                     
   2: 1500FEA9:CD48 3F15AD03:01BB 01 00000000:00000000 00:00000000 00000000  1001        0 592406 1 0000000000000000 20 4 30 16 -1                   
   3: 1500FEA9:E400 1520EFD8:01BB 06 00000000:00000000 03:000002E5 00000000     0        0 0 3 0000000000000000                                      
   4: 1500FEA9:E1CE 83D51068:01BB 06 00000000:00000000 03:000001F1 00000000     0        0 0 3 0000000000000000                                      
   5: 0100007F:98D5 0100007F:857E 06 00000000:00000000 03:00000B5B 00000000     0        0 0 3 0000000000000000                                      
   6: 1500FEA9:BCB8 83D51068:01BB 06 00000000:00000000 03:000001E6 00000000     0        0 0 3 0000000000000000                                      
   7: 1500FEA9:D41A DBA942AC:01BB 01 00000000:00000000 00:00000000 00000000  1001        0 680787 1 0000000000000000 20 4 30 10 -1                   
   8: 0100007F:963B 0100007F:BFF2 06 00000000:00000000 03:00000B5B 00000000     0        0 0 3 0000000000000000                                      
   9: 1500FEA9:BCB4 83D51068:01BB 06 00000000:00000000 03:000001B2 00000000     0        0 0 3 0000000000000000                                      
  10: 1500FEA9:8E82 DBA942AC:01BB 06 00000000:00000000 03:00000592 00000000     0        0 0 3 0000000000000000                                      
  11: 0100007F:A91D 0100007F:D6CC 06 00000000:00000000 03:00000B5E 00000000     0        0 0 3 0000000000000000                                      
1791335450.2421486
  sl  local_address rem_address   st tx_queue rx_queue tr tm->when retrnsmt   uid  timeout inode                                                     
   0: 3500007F:0035 00000000:0000 0A 00000000:00000000 00:00000000 00000000   102        0 12728 1 0000000000000000 100 0 0 10 5                     
   1: 00000000:006F 00000000:0000 0A 00000000:00000000 00:00000000 00000000     0        0 11541 1 0000000000000000 100 0 0 10 0                     
   2: 1500FEA9:CD48 3F15AD03:01BB 01 00000000:00000000 00:00000000 00000000  1001        0 592406 1 0000000000000000 20 4 30 16 -1                   
   3: 1500FEA9:E400 1520EFD8:01BB 06 00000000:00000000 03:00000281 00000000     0        0 0 3 0000000000000000                                      
   4: 1500FEA9:E1CE 83D51068:01BB 06 00000000:00000000 03:0000018D 00000000     0        0 0 3 0000000000000000                                      
   5: 0100007F:98D5 0100007F:857E 06 00000000:00000000 03:00000AF7 00000000     0        0 0 3 0000000000000000                                      
   6: 1500FEA9:BCB8 83D51068:01BB 06 00000000:00000000 03:00000182 00000000     0        0 0 3 0000000000000000                                      
   7: 1500FEA9:D41A DBA942AC:01BB 01 00000000:00000000 00:00000000 00000000  1001        0 680787 1 0000000000000000 20 4 30 10 -1                   
   8: 0100007F:963B 0100007F:BFF2 06 00000000:00000000 03:00000AF7 00000000     0        0 0 3 0000000000000000                                      
   9: 1500FEA9:BCB4 83D51068:01BB 06 00000000:00000000 03:0000014D 00000000     0        0 0 3 0000000000000000                                      
  10: 1500FEA9:8E82 DBA942AC:01BB 06 00000000:00000000 03:0000052D 00000000     0        0 0 3 0000000000000000                                      
  11: 0100007F:A91D 0100007F:D6CC 06 00000000:00000000 03:00000AFA 00000000     0        0 0 3 0000000000000000                                      
1791335451.2432966
  sl  local_address rem_address   st tx_queue rx_queue tr tm->when retrnsmt   uid  timeout inode                                                     
   0: 3500007F:0035 00000000:0000 0A 00000000:00000000 00:00000000 00000000   102        0 12728 1 0000000000000000 100 0 0 10 5                     
   1: 00000000:006F 00000000:0000 0A 00000000:00000000 00:00000000 00000000     0        0 11541 1 0000000000000000 100 0 0 10 0                     
   2: 1500FEA9:CD48 3F15AD03:01BB 01 00000000:00000000 00:00000000 00000000  1001        0 592406 1 0000000000000000 20 4 30 16 -1                   
   3: 1500FEA9:E400 1520EFD8:01BB 06 00000000:00000000 03:0000021C 00000000     0        0 0 3 0000000000000000                                      
   4: 1500FEA9:E1CE 83D51068:01BB 06 00000000:00000000 03:00000128 00000000     0        0 0 3 0000000000000000                                      
   5: 0100007F:98D5 0100007F:857E 06 00000000:00000000 03:00000A93 00000000     0        0 0 3 0000000000000000                                      
   6: 1500FEA9:BCB8 83D51068:01BB 06 00000000:00000000 03:0000011E 00000000     0        0 0 3 0000000000000000                                      
   7: 1500FEA9:D41A DBA942AC:01BB 01 00000000:00000000 00:00000000 00000000  1001        0 680787 1 0000000000000000 20 4 30 10 -1                   
   8: 0100007F:963B 0100007F:BFF2 06 00000000:00000000 03:00000A93 00000000     0        0 0 3 0000000000000000                                      
   9: 1500FEA9:BCB4 83D51068:01BB 06 00000000:00000000 03:000000E9 00000000     0        0 0 3 0000000000000000                                      
  10: 1500FEA9:8E82 DBA942AC:01BB 06 00000000:00000000 03:000004C9 00000000     0        0 0 3 0000000000000000                                      
  11: 0100007F:A91D 0100007F:D6CC 06 00000000:00000000 03:00000A96 00000000     0        0 0 3 0000000000000000                                      
1791335452.244548
  sl  local_address rem_address   st tx_queue rx_queue tr tm->when retrnsmt   uid  timeout inode                                                     
   0: 3500007F:0035 00000000:0000 0A 00000000:00000000 00:00000000 00000000   102        0 12728 1 0000000000000000 100 0 0 10 5                     
   1: 00000000:006F 00000000:0000 0A 00000000:00000000 00:00000000 00000000     0        0 11541 1 0000000000000000 100 0 0 10 0                     
   2: 1500FEA9:CD48 3F15AD03:01BB 01 00000000:00000000 00:00000000 00000000  1001        0 592406 1 0000000000000000 20 4 30 16 -1                   
   3: 1500FEA9:E400 1520EFD8:01BB 06 00000000:00000000 03:000001B8 00000000     0        0 0 3 0000000000000000                                      
   4: 1500FEA9:E1CE 83D51068:01BB 06 00000000:00000000 03:000000C4 00000000     0        0 0 3 0000000000000000                                      
   5: 0100007F:98D5 0100007F:857E 06 00000000:00000000 03:00000A2F 00000000     0        0 0 3 0000000000000000                                      
   6: 1500FEA9:BCB8 83D51068:01BB 06 00000000:00000000 03:000000BA 00000000     0        0 0 3 0000000000000000                                      
   7: 1500FEA9:D41A DBA942AC:01BB 01 00000000:00000000 00:00000000 00000000  1001        0 680787 1 0000000000000000 20 4 30 10 -1                   
   8: 0100007F:963B 0100007F:BFF2 06 00000000:00000000 03:00000A2F 00000000     0        0 0 3 0000000000000000                                      
   9: 1500FEA9:BCB4 83D51068:01BB 06 00000000:00000000 03:00000085 00000000     0        0 0 3 0000000000000000                                      
  10: 1500FEA9:8E82 DBA942AC:01BB 06 00000000:00000000 03:00000465 00000000     0        0 0 3 0000000000000000                                      
  11: 0100007F:A91D 0100007F:D6CC 06 00000000:00000000 03:00000A32 00000000     0        0 0 3 0000000000000000                                      
1791335453.2461624
  sl  local_address rem_address   st tx_queue rx_queue tr tm->when retrnsmt   uid  timeout inode                                                     
   0: 3500007F:0035 00000000:0000 0A 00000000:00000000 00:00000000 00000000   102        0 12728 1 0000000000000000 100 0 0 10 5                     
   1: 00000000:006F 00000000:0000 0A 00000000:00000000 00:00000000 00000000     0        0 11541 1 0000000000000000 100 0 0 10 0                     
   2: 1500FEA9:CD48 3F15AD03:01BB 01 00000000:00000000 00:00000000 00000000  1001        0 592406 1 0000000000000000 20 4 30 16 -1                   
   3: 1500FEA9:E400 1520EFD8:01BB 06 00000000:00000000 03:00000154 00000000     0        0 0 3 0000000000000000                                      
   4: 1500FEA9:E1CE 83D51068:01BB 06 00000000:00000000 03:00000060 00000000     0        0 0 3 0000000000000000                                      
   5: 0100007F:98D5 0100007F:857E 06 00000000:00000000 03:000009CA 00000000     0        0 0 3 0000000000000000                                      
   6: 1500FEA9:BCB8 83D51068:01BB 06 00000000:00000000 03:00000056 00000000     0        0 0 3 0000000000000000                                      
   7: 1500FEA9:D41A DBA942AC:01BB 01 00000000:00000000 00:00000000 00000000  1001        0 680787 1 0000000000000000 20 4 30 10 -1                   
   8: 0100007F:963B 0100007F:BFF2 06 00000000:00000000 03:000009CA 00000000     0        0 0 3 0000000000000000                                      
   9: 1500FEA9:BCB4 83D51068:01BB 06 00000000:00000000 03:00000021 00000000     0        0 0 3 0000000000000000                                      
  10: 1500FEA9:8E82 DBA942AC:01BB 06 00000000:00000000 03:00000401 00000000     0        0 0 3 0000000000000000                                      
  11: 0100007F:A91D 0100007F:D6CC 06 00000000:00000000 03:000009CD 00000000     0        0 0 3 0000000000000000                                      
1791335454.2472916
  sl  local_address rem_address   st tx_queue rx_queue tr tm->when retrnsmt   uid  timeout inode                                                     
   0: 3500007F:0035 00000000:0000 0A 00000000:00000000 00:00000000 00000000   102        0 12728 1 0000000000000000 100 0 0 10 5                     
   1: 00000000:006F 00000000:0000 0A 00000000:00000000 00:00000000 00000000     0        0 11541 1 0000000000000000 100 0 0 10 0                     
   2: 1500FEA9:CD48 3F15AD03:01BB 01 00000000:00000000 00:00000000 00000000  1001        0 592406 1 0000000000000000 20 4 30 16 -1                   
   3: 1500FEA9:E400 1520EFD8:01BB 06 00000000:00000000 03:000000F0 00000000     0        0 0 3 0000000000000000                                      
   4: 1500FEA9:E1CE 83D51068:01BB 06 00000000:00000000 03:00000000 00000000     0        0 0 3 0000000000000000                                      
   5: 0100007F:98D5 0100007F:857E 06 00000000:00000000 03:00000966 00000000     0        0 0 3 0000000000000000                                      
   6: 1500FEA9:BCB8 83D51068:01BB 06 00000000:00000000 03:00000000 00000000     0        0 0 3 0000000000000000                                      
   7: 1500FEA9:D41A DBA942AC:01BB 01 00000000:00000000 00:00000000 00000000  1001        0 680787 1 0000000000000000 20 4 30 10 -1                   
   8: 0100007F:963B 0100007F:BFF2 06 00000000:00000000 03:00000966 00000000     0        0 0 3 0000000000000000                                      
   9: 1500FEA9:BCB4 83D51068:01BB 06 00000000:00000000 03:00000000 00000000     0        0 0 3 0000000000000000                                      
  10: 1500FEA9:8E82 DBA942AC:01BB 06 00000000:00000000 03:0000039D 00000000     0        0 0 3 0000000000000000                                      
  11: 0100007F:A91D 0100007F:D6CC 06 00000000:00000000 03:00000969 00000000     0        0 0 3 0000000000000000                                      
1791335455.248423
  sl  local_address rem_address   st tx_queue rx_queue tr tm->when retrnsmt   uid  timeout inode                                                     
   0: 3500007F:0035 00000000:0000 0A 00000000:00000000 00:00000000 00000000   102        0 12728 1 0000000000000000 100 0 0 10 5                     
   1: 00000000:006F 00000000:0000 0A 00000000:00000000 00:00000000 00000000     0        0 11541 1 0000000000000000 100 0 0 10 0                     
   2: 1500FEA9:CD48 3F15AD03:01BB 01 00000000:00000000 00:00000000 00000000  1001        0 592406 1 0000000000000000 20 4 30 16 -1                   
   3: 1500FEA9:E400 1520EFD8:01BB 06 00000000:00000000 03:0000008C 00000000     0        0 0 3 0000000000000000                                      
   4: 0100007F:98D5 0100007F:857E 06 00000000:00000000 03:00000902 00000000     0        0 0 3 0000000000000000                                      
   5: 1500FEA9:D41A DBA942AC:01BB 01 00000000:00000000 00:00000000 00000000  1001        0 680787 1 0000000000000000 20 4 30 10 -1                   
   6: 0100007F:963B 0100007F:BFF2 06 00000000:00000000 03:00000902 00000000     0        0 0 3 0000000000000000                                      
   7: 1500FEA9:8E82 DBA942AC:01BB 06 00000000:00000000 03:00000339 00000000     0        0 0 3 0000000000000000                                      
   8: 0100007F:A91D 0100007F:D6CC 06 00000000:00000000 03:00000905 00000000     0        0 0 3 0000000000000000                                      
1791335456.2495437
  sl  local_address rem_address   st tx_queue rx_queue tr tm->when retrnsmt   uid  timeout inode                                                     
   0: 3500007F:0035 00000000:0000 0A 00000000:00000000 00:00000000 00000000   102        0 12728 1 0000000000000000 100 0 0 10 5                     
   1: 00000000:006F 00000000:0000 0A 00000000:00000000 00:00000000 00000000     0        0 11541 1 0000000000000000 100 0 0 10 0                     
   2: 1500FEA9:CD48 3F15AD03:01BB 01 00000000:00000000 00:00000000 00000000  1001        0 592406 1 0000000000000000 20 4 30 16 -1                   
   3: 1500FEA9:E400 1520EFD8:01BB 06 00000000:00000000 03:00000028 00000000     0        0 0 3 0000000000000000                                      
   4: 0100007F:98D5 0100007F:857E 06 00000000:00000000 03:0000089E 00000000     0        0 0 3 0000000000000000                                      
   5: 1500FEA9:D41A DBA942AC:01BB 01 00000000:00000000 00:00000000 00000000  1001        0 680787 1 0000000000000000 20 4 30 10 -1                   
   6: 0100007F:963B 0100007F:BFF2 06 00000000:00000000 03:0000089E 00000000     0        0 0 3 0000000000000000                                      
   7: 1500FEA9:8E82 DBA942AC:01BB 06 00000000:00000000 03:000002D4 00000000     0        0 0 3 0000000000000000                                      
   8: 0100007F:A91D 0100007F:D6CC 06 00000000:00000000 03:000008A1 00000000     0        0 0 3 0000000000000000                                      
1791335457.2506723
  sl  local_address rem_address   st tx_queue rx_queue tr tm->when retrnsmt   uid  timeout inode                                                     
   0: 3500007F:0035 00000000:0000 0A 00000000:00000000 00:00000000 00000000   102        0 12728 1 0000000000000000 100 0 0 10 5                     
   1: 00000000:006F 00000000:0000 0A 00000000:00000000 00:00000000 00000000     0        0 11541 1 0000000000000000 100 0 0 10 0                     
   2: 1500FEA9:CD48 3F15AD03:01BB 01 00000000:00000000 00:00000000 00000000  1001        0 592406 1 0000000000000000 20 4 30 16 -1                   
   3: 0100007F:98D5 0100007F:857E 06 00000000:00000000 03:0000083A 00000000     0        0 0 3 0000000000000000                                      
   4: 1500FEA9:D41A DBA942AC:01BB 01 00000000:00000000 00:00000000 00000000  1001        0 680787 1 0000000000000000 20 4 30 10 -1                   
   5: 0100007F:963B 0100007F:BFF2 06 00000000:00000000 03:0000083A 00000000     0        0 0 3 0000000000000000                                      
   6: 1500FEA9:8E82 DBA942AC:01BB 06 00000000:00000000 03:00000270 00000000     0        0 0 3 0000000000000000                                      
   7: 0100007F:A91D 0100007F:D6CC 06 00000000:00000000 03:0000083D 00000000     0        0 0 3 0000000000000000                                      
1791335458.2517824
  sl  local_address rem_address   st tx_queue rx_queue tr tm->when retrnsmt   uid  timeout inode                                                     
   0: 3500007F:0035 00000000:0000 0A 00000000:00000000 00:00000000 00000000   102        0 12728 1 0000000000000000 100 0 0 10 5                     
   1: 00000000:006F 00000000:0000 0A 00000000:00000000 00:00000000 00000000     0        0 11541 1 0000000000000000 100 0 0 10 0                     
   2: 1500FEA9:CD48 3F15AD03:01BB 01 00000000:00000000 00:00000000 00000000  1001        0 592406 1 0000000000000000 20 4 30 16 -1                   
   3: 0100007F:98D5 0100007F:857E 06 00000000:00000000 03:000007D6 00000000     0        0 0 3 0000000000000000                                      
   4: 1500FEA9:D41A DBA942AC:01BB 01 00000000:00000000 00:00000000 00000000  1001        0 680787 1 0000000000000000 20 4 30 10 -1                   
   5: 0100007F:963B 0100007F:BFF2 06 00000000:00000000 03:000007D6 00000000     0        0 0 3 0000000000000000                                      
   6: 1500FEA9:8E82 DBA942AC:01BB 06 00000000:00000000 03:0000020C 00000000     0        0 0 3 0000000000000000                                      
   7: 0100007F:A91D 0100007F:D6CC 06 00000000:00000000 03:000007D9 00000000     0        0 0 3 0000000000000000                                      
1791335459.252893
  sl  local_address rem_address   st tx_queue rx_queue tr tm->when retrnsmt   uid  timeout inode                                                     
   0: 3500007F:0035 00000000:0000 0A 00000000:00000000 00:00000000 00000000   102        0 12728 1 0000000000000000 100 0 0 10 5                     
   1: 00000000:006F 00000000:0000 0A 00000000:00000000 00:00000000 00000000     0        0 11541 1 0000000000000000 100 0 0 10 0                     
   2: 1500FEA9:CD48 3F15AD03:01BB 01 00000000:00000000 00:00000000 00000000  1001        0 592406 1 0000000000000000 20 4 30 16 -1                   
   3: 0100007F:98D5 0100007F:857E 06 00000000:00000000 03:00000772 00000000     0        0 0 3 0000000000000000                                      
   4: 1500FEA9:D41A DBA942AC:01BB 01 00000000:00000000 00:00000000 00000000  1001        0 680787 1 0000000000000000 20 4 30 10 -1                   
   5: 0100007F:963B 0100007F:BFF2 06 00000000:00000000 03:00000772 00000000     0        0 0 3 0000000000000000                                      
   6: 1500FEA9:8E82 DBA942AC:01BB 06 00000000:00000000 03:000001A8 00000000     0        0 0 3 0000000000000000                                      
   7: 1500FEA9:C604 3F15AD03:01BB 01 00000000:00000000 02:00001747 00000000  1001        0 684206 2 0000000000000000 20 4 30 10 -1                   
   8: 1500FEA9:C5FA 3F15AD03:01BB 01 00000000:00000000 02:00001746 00000000  1001        0 683906 2 0000000000000000 20 4 30 10 -1                   
   9: 0100007F:A91D 0100007F:D6CC 06 00000000:00000000 03:00000775 00000000     0        0 0 3 0000000000000000                                      
1791335460.2540815
  sl  local_address rem_address   st tx_queue rx_queue tr tm->when retrnsmt   uid  timeout inode                                                     
   0: 3500007F:0035 00000000:0000 0A 00000000:00000000 00:00000000 00000000   102        0 12728 1 0000000000000000 100 0 0 10 5                     
   1: 00000000:006F 00000000:0000 0A 00000000:00000000 00:00000000 00000000     0        0 11541 1 0000000000000000 100 0 0 10 0                     
   2: 1500FEA9:CD48 3F15AD03:01BB 01 00000000:00000000 00:00000000 00000000  1001        0 592406 1 0000000000000000 20 4 30 16 -1                   
   3: 0100007F:98D5 0100007F:857E 06 00000000:00000000 03:0000070E 00000000     0        0 0 3 0000000000000000                                      
   4: 1500FEA9:D41A DBA942AC:01BB 01 00000000:00000000 00:00000000 00000000  1001        0 680787 1 0000000000000000 20 4 30 10 -1                   
   5: 0100007F:963B 0100007F:BFF2 06 00000000:00000000 03:0000070E 00000000     0        0 0 3 0000000000000000                                      
   6: 1500FEA9:8E82 DBA942AC:01BB 06 00000000:00000000 03:00000144 00000000     0        0 0 3 0000000000000000                                      
   7: 1500FEA9:C604 3F15AD03:01BB 06 00000000:00000000 03:00001737 00000000     0        0 0 3 0000000000000000                                      
   8: 1500FEA9:C5FA 3F15AD03:01BB 01 00000000:00000000 02:000016E2 00000000  1001        0 683906 3 0000000000000000 20 4 0 10 -1                    
   9: 0100007F:A91D 0100007F:D6CC 06 00000000:00000000 03:00000710 00000000     0        0 0 3 0000000000000000                                      
1791335461.2552328
  sl  local_address rem_address   st tx_queue rx_queue tr tm->when retrnsmt   uid  timeout inode                                                     
   0: 3500007F:0035 00000000:0000 0A 00000000:00000000 00:00000000 00000000   102        0 12728 1 0000000000000000 100 0 0 10 5                     
   1: 00000000:006F 00000000:0000 0A 00000000:00000000 00:00000000 00000000     0        0 11541 1 0000000000000000 100 0 0 10 0                     
   2: 1500FEA9:CD48 3F15AD03:01BB 01 00000000:00000000 00:00000000 00000000  1001        0 592406 1 0000000000000000 20 4 30 16 -1                   
   3: 0100007F:98D5 0100007F:857E 06 00000000:00000000 03:000006AA 00000000     0        0 0 3 0000000000000000                                      
   4: 1500FEA9:D41A DBA942AC:01BB 01 00000000:00000000 00:00000000 00000000  1001        0 680787 1 0000000000000000 20 4 30 10 -1                   
   5: 0100007F:963B 0100007F:BFF2 06 00000000:00000000 03:000006AA 00000000     0        0 0 3 0000000000000000                                      
   6: 1500FEA9:8E82 DBA942AC:01BB 06 00000000:00000000 03:000000E0 00000000     0        0 0 3 0000000000000000                                      
   7: 1500FEA9:C604 3F15AD03:01BB 06 00000000:00000000 03:000016D3 00000000     0        0 0 3 0000000000000000                                      
   8: 1500FEA9:C5FA 3F15AD03:01BB 01 00000000:00000000 02:0000167E 00000000  1001        0 683906 3 0000000000000000 20 4 0 10 -1                    
   9: 0100007F:A91D 0100007F:D6CC 06 00000000:00000000 03:000006AC 00000000     0        0 0 3 0000000000000000                                      
1791335462.30175
  sl  local_address rem_address   st tx_queue rx_queue tr tm->when retrnsmt   uid  timeout inode                                                     
   0: 3500007F:0035 00000000:0000 0A 00000000:00000000 00:00000000 00000000   102        0 12728 1 0000000000000000 100 0 0 10 5                     
   1: 00000000:006F 00000000:0000 0A 00000000:00000000 00:00000000 00000000     0        0 11541 1 0000000000000000 100 0 0 10 0                     
   2: 1500FEA9:CD48 3F15AD03:01BB 01 00000000:00000000 00:00000000 00000000  1001        0 592406 1 0000000000000000 20 4 30 16 -1                   
   3: 0100007F:98D5 0100007F:857E 06 00000000:00000000 03:00000641 00000000     0        0 0 3 0000000000000000                                      
   4: 1500FEA9:D41A DBA942AC:01BB 01 00000000:00000000 00:00000000 00000000  1001        0 680787 1 0000000000000000 20 4 30 10 -1                   
   5: 0100007F:963B 0100007F:BFF2 06 00000000:00000000 03:00000641 00000000     0        0 0 3 0000000000000000                                      
   6: 1500FEA9:8E82 DBA942AC:01BB 06 00000000:00000000 03:00000077 00000000     0        0 0 3 0000000000000000                                      
   7: 1500FEA9:C604 3F15AD03:01BB 06 00000000:00000000 03:0000166A 00000000     0        0 0 3 0000000000000000                                      
   8: 1500FEA9:C5FA 3F15AD03:01BB 01 00000000:00000000 02:00001615 00000000  1001        0 683906 3 0000000000000000 20 4 0 10 -1                    
   9: 0100007F:A91D 0100007F:D6CC 06 00000000:00000000 03:00000644 00000000     0        0 0 3 0000000000000000                                      
1791335463.3030727
  sl  local_address rem_address   st tx_queue rx_queue tr tm->when retrnsmt   uid  timeout inode                                                     
   0: 3500007F:0035 00000000:0000 0A 00000000:00000000 00:00000000 00000000   102        0 12728 1 0000000000000000 100 0 0 10 5                     
   1: 00000000:006F 00000000:0000 0A 00000000:00000000 00:00000000 00000000     0        0 11541 1 0000000000000000 100 0 0 10 0                     
   2: 1500FEA9:CD48 3F15AD03:01BB 01 00000000:00000000 00:00000000 00000000  1001        0 592406 1 0000000000000000 20 4 30 16 -1                   
   3: 0100007F:98D5 0100007F:857E 06 00000000:00000000 03:000005DD 00000000     0        0 0 3 0000000000000000                                      
   4: 1500FEA9:D41A DBA942AC:01BB 01 00000000:00000000 00:00000000 00000000  1001        0 680787 1 0000000000000000 20 4 30 10 -1                   
   5: 0100007F:963B 0100007F:BFF2 06 00000000:00000000 03:000005DD 00000000     0        0 0 3 0000000000000000                                      
   6: 1500FEA9:8E82 DBA942AC:01BB 06 00000000:00000000 03:00000013 00000000     0        0 0 3 0000000000000000                                      
   7: 1500FEA9:C604 3F15AD03:01BB 06 00000000:00000000 03:00001606 00000000     0        0 0 3 0000000000000000                                      
   8: 1500FEA9:C5FA 3F15AD03:01BB 01 00000000:00000000 02:000015B1 00000000  1001        0 683906 3 0000000000000000 20 4 0 10 -1                    
   9: 0100007F:A91D 0100007F:D6CC 06 00000000:00000000 03:000005E0 00000000     0        0 0 3 0000000000000000                                      
1791335464.304194
  sl  local_address rem_address   st tx_queue rx_queue tr tm->when retrnsmt   uid  timeout inode                                                     
   0: 3500007F:0035 00000000:0000 0A 00000000:00000000 00:00000000 00000000   102        0 12728 1 0000000000000000 100 0 0 10 5                     
   1: 00000000:006F 00000000:0000 0A 00000000:00000000 00:00000000 00000000     0        0 11541 1 0000000000000000 100 0 0 10 0                     
   2: 1500FEA9:CD48 3F15AD03:01BB 01 00000000:00000000 00:00000000 00000000  1001        0 592406 1 0000000000000000 20 4 30 16 -1                   
   3: 0100007F:98D5 0100007F:857E 06 00000000:00000000 03:00000579 00000000     0        0 0 3 0000000000000000                                      
   4: 1500FEA9:D41A DBA942AC:01BB 01 00000000:00000000 00:00000000 00000000  1001        0 680787 1 0000000000000000 20 4 30 10 -1                   
   5: 0100007F:963B 0100007F:BFF2 06 00000000:00000000 03:00000579 00000000     0        0 0 3 0000000000000000                                      
   6: 1500FEA9:8E82 DBA942AC:01BB 06 00000000:00000000 03:00000000 00000000     0        0 0 3 0000000000000000                                      
   7: 1500FEA9:C604 3F15AD03:01BB 06 00000000:00000000 03:000015A2 00000000     0        0 0 3 0000000000000000                                      
   8: 1500FEA9:C5FA 3F15AD03:01BB 01 00000000:00000000 02:0000154D 00000000  1001        0 683906 3 0000000000000000 20 4 0 10 -1                    
   9: 0100007F:A91D 0100007F:D6CC 06 00000000:00000000 03:0000057C 00000000     0        0 0 3 0000000000000000                                      
1791335465.305296
  sl  local_address rem_address   st tx_queue rx_queue tr tm->when retrnsmt   uid  timeout inode                                                     
   0: 3500007F:0035 00000000:0000 0A 00000000:00000000 00:00000000 00000000   102        0 12728 1 0000000000000000 100 0 0 10 5                     
   1: 00000000:006F 00000000:0000 0A 00000000:00000000 00:00000000 00000000     0        0 11541 1 0000000000000000 100 0 0 10 0                     
   2: 1500FEA9:CD48 3F15AD03:01BB 01 00000000:00000000 00:00000000 00000000  1001        0 592406 1 0000000000000000 20 4 30 16 -1                   
   3: 0100007F:98D5 0100007F:857E 06 00000000:00000000 03:00000515 00000000     0        0 0 3 0000000000000000                                      
   4: 1500FEA9:D41A DBA942AC:01BB 01 00000000:00000000 00:00000000 00000000  1001        0 680787 1 0000000000000000 20 4 30 10 -1                   
   5: 0100007F:963B 0100007F:BFF2 06 00000000:00000000 03:00000515 00000000     0        0 0 3 0000000000000000                                      
   6: 1500FEA9:C604 3F15AD03:01BB 06 00000000:00000000 03:0000153E 00000000     0        0 0 3 0000000000000000                                      
   7: 1500FEA9:C5FA 3F15AD03:01BB 01 00000000:00000000 02:000014E9 00000000  1001        0 683906 3 0000000000000000 20 4 0 10 -1                    
   8: 0100007F:A91D 0100007F:D6CC 06 00000000:00000000 03:00000518 00000000     0        0 0 3 0000000000000000                                      
1791335466.3063903
  sl  local_address rem_address   st tx_queue rx_queue tr tm->when retrnsmt   uid  timeout inode                                                     
   0: 3500007F:0035 00000000:0000 0A 00000000:00000000 00:00000000 00000000   102        0 12728 1 0000000000000000 100 0 0 10 5                     
   1: 00000000:006F 00000000:0000 0A 00000000:00000000 00:00000000 00000000     0        0 11541 1 0000000000000000 100 0 0 10 0                     
   2: 1500FEA9:CD48 3F15AD03:01BB 01 00000000:00000000 00:00000000 00000000  1001        0 592406 1 0000000000000000 20 4 30 16 -1                   
   3: 0100007F:98D5 0100007F:857E 06 00000000:00000000 03:000004B0 00000000     0        0 0 3 0000000000000000                                      
   4: 1500FEA9:D41A DBA942AC:01BB 01 00000000:00000000 00:00000000 00000000  1001        0 680787 1 0000000000000000 20 4 30 10 -1                   
   5: 0100007F:963B 0100007F:BFF2 06 00000000:00000000 03:000004B0 00000000     0        0 0 3 0000000000000000                                      
   6: 1500FEA9:C604 3F15AD03:01BB 06 00000000:00000000 03:000014DA 00000000     0        0 0 3 0000000000000000                                      
   7: 1500FEA9:C5FA 3F15AD03:01BB 01 00000000:00000000 02:00001484 00000000  1001        0 683906 3 0000000000000000 20 4 0 10 -1                    
   8: 0100007F:A91D 0100007F:D6CC 06 00000000:00000000 03:000004B3 00000000     0        0 0 3 0000000000000000                                      
1791335467.3075237
  sl  local_address rem_address   st tx_queue rx_queue tr tm->when retrnsmt   uid  timeout inode                                                     
   0: 3500007F:0035 00000000:0000 0A 00000000:00000000 00:00000000 00000000   102        0 12728 1 0000000000000000 100 0 0 10 5                     
   1: 00000000:006F 00000000:0000 0A 00000000:00000000 00:00000000 00000000     0        0 11541 1 0000000000000000 100 0 0 10 0                     
   2: 1500FEA9:CD48 3F15AD03:01BB 01 00000000:00000000 00:00000000 00000000  1001        0 592406 1 0000000000000000 20 4 30 16 -1                   
   3: 0100007F:98D5 0100007F:857E 06 00000000:00000000 03:0000044C 00000000     0        0 0 3 0000000000000000                                      
   4: 1500FEA9:D41A DBA942AC:01BB 01 00000000:00000000 00:00000000 00000000  1001        0 680787 1 0000000000000000 20 4 30 10 -1                   
   5: 0100007F:963B 0100007F:BFF2 06 00000000:00000000 03:0000044C 00000000     0        0 0 3 0000000000000000                                      
   6: 1500FEA9:C604 3F15AD03:01BB 06 00000000:00000000 03:00001476 00000000     0        0 0 3 0000000000000000                                      
   7: 1500FEA9:C5FA 3F15AD03:01BB 01 00000000:00000000 02:00001420 00000000  1001        0 683906 3 0000000000000000 20 4 0 10 -1                    
   8: 0100007F:A91D 0100007F:D6CC 06 00000000:00000000 03:0000044F 00000000     0        0 0 3 0000000000000000                                      
1791335468.3086646
  sl  local_address rem_address   st tx_queue rx_queue tr tm->when retrnsmt   uid  timeout inode                                                     
   0: 3500007F:0035 00000000:0000 0A 00000000:00000000 00:00000000 00000000   102        0 12728 1 0000000000000000 100 0 0 10 5                     
   1: 00000000:006F 00000000:0000 0A 00000000:00000000 00:00000000 00000000     0        0 11541 1 0000000000000000 100 0 0 10 0                     
   2: 1500FEA9:CD48 3F15AD03:01BB 01 00000000:00000000 00:00000000 00000000  1001        0 592406 1 0000000000000000 20 4 30 16 -1                   
   3: 0100007F:98D5 0100007F:857E 06 00000000:00000000 03:000003E8 00000000     0        0 0 3 0000000000000000                                      
   4: 1500FEA9:D41A DBA942AC:01BB 01 00000000:00000000 00:00000000 00000000  1001        0 680787 1 0000000000000000 20 4 30 10 -1                   
   5: 0100007F:963B 0100007F:BFF2 06 00000000:00000000 03:000003E8 00000000     0        0 0 3 0000000000000000                                      
   6: 1500FEA9:C604 3F15AD03:01BB 06 00000000:00000000 03:00001412 00000000     0        0 0 3 0000000000000000                                      
   7: 1500FEA9:C5FA 3F15AD03:01BB 01 00000000:00000000 02:000013BC 00000000  1001        0 683906 3 0000000000000000 20 4 0 10 -1                    
   8: 0100007F:A91D 0100007F:D6CC 06 00000000:00000000 03:000003EB 00000000     0        0 0 3 0000000000000000                                      
1791335469.309811
  sl  local_address rem_address   st tx_queue rx_queue tr tm->when retrnsmt   uid  timeout inode                                                     
   0: 3500007F:0035 00000000:0000 0A 00000000:00000000 00:00000000 00000000   102        0 12728 1 0000000000000000 100 0 0 10 5                     
   1: 00000000:006F 00000000:0000 0A 00000000:00000000 00:00000000 00000000     0        0 11541 1 0000000000000000 100 0 0 10 0                     
   2: 1500FEA9:CD48 3F15AD03:01BB 01 00000000:00000000 00:00000000 00000000  1001        0 592406 1 0000000000000000 20 4 30 16 -1                   
   3: 0100007F:98D5 0100007F:857E 06 00000000:00000000 03:00000384 00000000     0        0 0 3 0000000000000000                                      
   4: 1500FEA9:D41A DBA942AC:01BB 01 00000000:00000000 00:00000000 00000000  1001        0 680787 2 0000000000000000 20 4 30 10 -1                   
   5: 0100007F:963B 0100007F:BFF2 06 00000000:00000000 03:00000384 00000000     0        0 0 3 0000000000000000                                      
   6: 1500FEA9:C604 3F15AD03:01BB 06 00000000:00000000 03:000013AD 00000000     0        0 0 3 0000000000000000                                      
   7: 1500FEA9:C5FA 3F15AD03:01BB 01 00000000:00000000 02:00001358 00000000  1001        0 683906 3 0000000000000000 20 4 0 10 -1                    
   8: 0100007F:A91D 0100007F:D6CC 06 00000000:00000000 03:00000387 00000000     0        0 0 3 0000000000000000                                      
1791335470.310949
  sl  local_address rem_address   st tx_queue rx_queue tr tm->when retrnsmt   uid  timeout inode                                                     
   0: 3500007F:0035 00000000:0000 0A 00000000:00000000 00:00000000 00000000   102        0 12728 1 0000000000000000 100 0 0 10 5                     
   1: 00000000:006F 00000000:0000 0A 00000000:00000000 00:00000000 00000000     0        0 11541 1 0000000000000000 100 0 0 10 0                     
   2: 1500FEA9:CD48 3F15AD03:01BB 01 00000000:00000000 00:00000000 00000000  1001        0 592406 1 0000000000000000 20 4 30 16 -1                   
   3: 0100007F:98D5 0100007F:857E 06 00000000:00000000 03:00000320 00000000     0        0 0 3 0000000000000000                                      
   4: 1500FEA9:D41A DBA942AC:01BB 01 00000000:00000000 00:00000000 00000000  1001        0 680787 1 0000000000000000 20 4 30 10 -1                   
   5: 0100007F:963B 0100007F:BFF2 06 00000000:00000000 03:00000320 00000000     0        0 0 3 0000000000000000                                      
   6: 1500FEA9:C604 3F15AD03:01BB 06 00000000:00000000 03:00001349 00000000     0        0 0 3 0000000000000000                                      
   7: 1500FEA9:C5FA 3F15AD03:01BB 01 00000000:00000000 02:000012F4 00000000  1001        0 683906 3 0000000000000000 20 4 0 10 -1                    
   8: 0100007F:A91D 0100007F:D6CC 06 00000000:00000000 03:00000323 00000000     0        0 0 3 0000000000000000                                      
1791335471.3121557
  sl  local_address rem_address   st tx_queue rx_queue tr tm->when retrnsmt   uid  timeout inode                                                     
   0: 3500007F:0035 00000000:0000 0A 00000000:00000000 00:00000000 00000000   102        0 12728 1 0000000000000000 100 0 0 10 5                     
   1: 00000000:006F 00000000:0000 0A 00000000:00000000 00:00000000 00000000     0        0 11541 1 0000000000000000 100 0 0 10 0                     
   2: 1500FEA9:CD48 3F15AD03:01BB 01 00000000:00000000 00:00000000 00000000  1001        0 592406 1 0000000000000000 20 4 30 16 -1                   
   3: 0100007F:98D5 0100007F:857E 06 00000000:00000000 03:000002BC 00000000     0        0 0 3 0000000000000000                                      
   4: 1500FEA9:D41A DBA942AC:01BB 01 00000000:00000000 00:00000000 00000000  1001        0 680787 1 0000000000000000 20 4 30 10 -1                   
   5: 0100007F:963B 0100007F:BFF2 06 00000000:00000000 03:000002BC 00000000     0        0 0 3 0000000000000000                                      
   6: 1500FEA9:C604 3F15AD03:01BB 06 00000000:00000000 03:000012E5 00000000     0        0 0 3 0000000000000000                                      
   7: 1500FEA9:C5FA 3F15AD03:01BB 06 00000000:00000000 03:00001758 00000000     0        0 0 3 0000000000000000                                      
   8: 0100007F:A91D 0100007F:D6CC 06 00000000:00000000 03:000002BF 00000000     0        0 0 3 0000000000000000                                      
1791335472.3133001
  sl  local_address rem_address   st tx_queue rx_queue tr tm->when retrnsmt   uid  timeout inode                                                     
   0: 3500007F:0035 00000000:0000 0A 00000000:00000000 00:00000000 00000000   102        0 12728 1 0000000000000000 100 0 0 10 5                     
   1: 00000000:006F 00000000:0000 0A 00000000:00000000 00:00000000 00000000     0        0 11541 1 0000000000000000 100 0 0 10 0                     
   2: 1500FEA9:CD48 3F15AD03:01BB 01 00000000:00000000 00:00000000 00000000  1001        0 592406 1 0000000000000000 20 4 30 16 -1                   
   3: 0100007F:98D5 0100007F:857E 06 00000000:00000000 03:00000258 00000000     0        0 0 3 0000000000000000                                      
   4: 1500FEA9:D41A DBA942AC:01BB 01 00000000:00000000 00:00000000 00000000  1001        0 680787 1 0000000000000000 20 4 30 10 -1                   
   5: 0100007F:963B 0100007F:BFF2 06 00000000:00000000 03:00000258 00000000     0        0 0 3 0000000000000000                                      
   6: 1500FEA9:C604 3F15AD03:01BB 06 00000000:00000000 03:00001281 00000000     0        0 0 3 0000000000000000                                      
   7: 1500FEA9:C5FA 3F15AD03:01BB 06 00000000:00000000 03:000016F4 00000000     0        0 0 3 0000000000000000                                      
   8: 0100007F:A91D 0100007F:D6CC 06 00000000:00000000 03:0000025B 00000000     0        0 0 3 0000000000000000                                      
1791335473.3144677
  sl  local_address rem_address   st tx_queue rx_queue tr tm->when retrnsmt   uid  timeout inode                                                     
   0: 3500007F:0035 00000000:0000 0A 00000000:00000000 00:00000000 00000000   102        0 12728 1 0000000000000000 100 0 0 10 5                     
   1: 00000000:006F 00000000:0000 0A 00000000:00000000 00:00000000 00000000     0        0 11541 1 0000000000000000 100 0 0 10 0                     
   2: 1500FEA9:CD48 3F15AD03:01BB 01 00000000:00000000 00:00000000 00000000  1001        0 592406 1 0000000000000000 20 4 30 16 -1                   
   3: 0100007F:98D5 0100007F:857E 06 00000000:00000000 03:000001F4 00000000     0        0 0 3 0000000000000000                                      
   4: 1500FEA9:D41A DBA942AC:01BB 01 00000000:00000000 00:00000000 00000000  1001        0 680787 1 0000000000000000 20 4 30 10 -1                   
   5: 0100007F:963B 0100007F:BFF2 06 00000000:00000000 03:000001F4 00000000     0        0 0 3 0000000000000000                                      
   6: 1500FEA9:C604 3F15AD03:01BB 06 00000000:00000000 03:0000121D 00000000     0        0 0 3 0000000000000000                                      
   7: 1500FEA9:C5FA 3F15AD03:01BB 06 00000000:00000000 03:00001690 00000000     0        0 0 3 0000000000000000                                      
   8: 0100007F:A91D 0100007F:D6CC 06 00000000:00000000 03:000001F6 00000000     0        0 0 3 0000000000000000                                      
1791335474.315636
  sl  local_address rem_address   st tx_queue rx_queue tr tm->when retrnsmt   uid  timeout inode                                                     
   0: 3500007F:0035 00000000:0000 0A 00000000:00000000 00:00000000 00000000   102        0 12728 1 0000000000000000 100 0 0 10 5                     
   1: 00000000:006F 00000000:0000 0A 00000000:00000000 00:00000000 00000000     0        0 11541 1 0000000000000000 100 0 0 10 0                     
   2: 1500FEA9:CD48 3F15AD03:01BB 01 00000000:00000000 00:00000000 00000000  1001        0 592406 1 0000000000000000 20 4 30 16 -1                   
   3: 0100007F:98D5 0100007F:857E 06 00000000:00000000 03:00000190 00000000     0        0 0 3 0000000000000000                                      
   4: 1500FEA9:D41A DBA942AC:01BB 01 00000000:00000000 00:00000000 00000000  1001        0 680787 1 0000000000000000 20 4 30 10 -1                   
   5: 0100007F:963B 0100007F:BFF2 06 00000000:00000000 03:00000190 00000000     0        0 0 3 0000000000000000                                      
   6: 1500FEA9:C604 3F15AD03:01BB 06 00000000:00000000 03:000011B9 00000000     0        0 0 3 0000000000000000                                      
   7: 1500FEA9:C5FA 3F15AD03:01BB 06 00000000:00000000 03:0000162C 00000000     0        0 0 3 0000000000000000                                      
   8: 0100007F:A91D 0100007F:D6CC 06 00000000:00000000 03:00000192 00000000     0        0 0 3 0000000000000000                                      
1791335475.3167622
  sl  local_address rem_address   st tx_queue rx_queue tr tm->when retrnsmt   uid  timeout inode                                                     
   0: 3500007F:0035 00000000:0000 0A 00000000:00000000 00:00000000 00000000   102        0 12728 1 0000000000000000 100 0 0 10 5                     
   1: 00000000:006F 00000000:0000 0A 00000000:00000000 00:00000000 00000000     0        0 11541 1 0000000000000000 100 0 0 10 0                     
   2: 1500FEA9:CD48 3F15AD03:01BB 01 00000000:00000000 00:00000000 00000000  1001        0 592406 1 0000000000000000 20 4 30 16 -1                   
   3: 0100007F:98D5 0100007F:857E 06 00000000:00000000 03:0000012C 00000000     0        0 0 3 0000000000000000                                      
   4: 1500FEA9:D41A DBA942AC:01BB 01 00000000:00000000 00:00000000 00000000  1001        0 680787 1 0000000000000000 20 4 30 10 -1                   
   5: 0100007F:963B 0100007F:BFF2 06 00000000:00000000 03:0000012C 00000000     0        0 0 3 0000000000000000                                      
   6: 1500FEA9:C604 3F15AD03:01BB 06 00000000:00000000 03:00001155 00000000     0        0 0 3 0000000000000000                                      
   7: 1500FEA9:C5FA 3F15AD03:01BB 06 00000000:00000000 03:000015C8 00000000     0        0 0 3 0000000000000000                                      
   8: 0100007F:A91D 0100007F:D6CC 06 00000000:00000000 03:0000012E 00000000     0        0 0 3 0000000000000000                                      
1791335476.3179064
  sl  local_address rem_address   st tx_queue rx_queue tr tm->when retrnsmt   uid  timeout inode                                                     
   0: 3500007F:0035 00000000:0000 0A 00000000:00000000 00:00000000 00000000   102        0 12728 1 0000000000000000 100 0 0 10 5                     
   1: 00000000:006F 00000000:0000 0A 00000000:00000000 00:00000000 00000000     0        0 11541 1 0000000000000000 100 0 0 10 0                     
   2: 1500FEA9:CD48 3F15AD03:01BB 01 00000000:00000000 00:00000000 00000000  1001        0 592406 1 0000000000000000 20 4 30 16 -1                   
   3: 0100007F:98D5 0100007F:857E 06 00000000:00000000 03:000000C8 00000000     0        0 0 3 0000000000000000                                      
   4: 1500FEA9:D41A DBA942AC:01BB 01 00000000:00000000 00:00000000 00000000  1001        0 680787 1 0000000000000000 20 4 30 10 -1                   
   5: 0100007F:963B 0100007F:BFF2 06 00000000:00000000 03:000000C8 00000000     0        0 0 3 0000000000000000                                      
   6: 1500FEA9:C604 3F15AD03:01BB 06 00000000:00000000 03:000010F1 00000000     0        0 0 3 0000000000000000                                      
   7: 1500FEA9:C5FA 3F15AD03:01BB 06 00000000:00000000 03:00001564 00000000     0        0 0 3 0000000000000000                                      
   8: 0100007F:A91D 0100007F:D6CC 06 00000000:00000000 03:000000CA 00000000     0        0 0 3 0000000000000000                                      
1791335477.319035
  sl  local_address rem_address   st tx_queue rx_queue tr tm->when retrnsmt   uid  timeout inode                                                     
   0: 3500007F:0035 00000000:0000 0A 00000000:00000000 00:00000000 00000000   102        0 12728 1 0000000000000000 100 0 0 10 5                     
   1: 00000000:006F 00000000:0000 0A 00000000:00000000 00:00000000 00000000     0        0 11541 1 0000000000000000 100 0 0 10 0                     
   2: 1500FEA9:CD48 3F15AD03:01BB 01 00000000:00000000 00:00000000 00000000  1001        0 592406 1 0000000000000000 20 4 30 16 -1                   
   3: 0100007F:98D5 0100007F:857E 06 00000000:00000000 03:00000063 00000000     0        0 0 3 0000000000000000                                      
   4: 1500FEA9:D41A DBA942AC:01BB 01 00000000:00000000 00:00000000 00000000  1001        0 680787 1 0000000000000000 20 4 28 10 -1                   
   5: 0100007F:963B 0100007F:BFF2 06 00000000:00000000 03:00000063 00000000     0        0 0 3 0000000000000000                                      
   6: 1500FEA9:C604 3F15AD03:01BB 06 00000000:00000000 03:0000108C 00000000     0        0 0 3 0000000000000000                                      
   7: 1500FEA9:C5FA 3F15AD03:01BB 06 00000000:00000000 03:00001500 00000000     0        0 0 3 0000000000000000                                      
   8: 0100007F:A91D 0100007F:D6CC 06 00000000:00000000 03:00000066 00000000     0        0 0 3 0000000000000000                                      
1791335478.3201966
  sl  local_address rem_address   st tx_queue rx_queue tr tm->when retrnsmt   uid  timeout inode                                                     
   0: 3500007F:0035 00000000:0000 0A 00000000:00000000 00:00000000 00000000   102        0 12728 1 0000000000000000 100 0 0 10 5                     
   1: 00000000:006F 00000000:0000 0A 00000000:00000000 00:00000000 00000000     0        0 11541 1 0000000000000000 100 0 0 10 0                     
   2: 1500FEA9:CD48 3F15AD03:01BB 01 00000000:00000000 00:00000000 00000000  1001        0 592406 1 0000000000000000 20 4 30 16 -1                   
   3: 0100007F:98D5 0100007F:857E 06 00000000:00000000 03:00000000 00000000     0        0 0 3 0000000000000000                                      
   4: 1500FEA9:D41A DBA942AC:01BB 01 00000000:00000000 00:00000000 00000000  1001        0 680787 1 0000000000000000 20 4 28 10 -1                   
   5: 0100007F:963B 0100007F:BFF2 06 00000000:00000000 03:00000000 00000000     0        0 0 3 0000000000000000                                      
   6: 1500FEA9:C604 3F15AD03:01BB 06 00000000:00000000 03:00001028 00000000     0        0 0 3 0000000000000000                                      
   7: 1500FEA9:C5FA 3F15AD03:01BB 06 00000000:00000000 03:0000149C 00000000     0        0 0 3 0000000000000000                                      
   8: 0100007F:A91D 0100007F:D6CC 06 00000000:00000000 03:00000002 00000000     0        0 0 3 0000000000000000                                      
1791335479.321339
  sl  local_address rem_address   st tx_queue rx_queue tr tm->when retrnsmt   uid  timeout inode                                                     
   0: 3500007F:0035 00000000:0000 0A 00000000:00000000 00:00000000 00000000   102        0 12728 1 0000000000000000 100 0 0 10 5                     
   1: 00000000:006F 00000000:0000 0A 00000000:00000000 00:00000000 00000000     0        0 11541 1 0000000000000000 100 0 0 10 0                     
   2: 1500FEA9:CD48 3F15AD03:01BB 01 00000000:00000000 00:00000000 00000000  1001        0 592406 1 0000000000000000 20 4 30 16 -1                   
   3: 0100007F:98D5 0100007F:857E 06 00000000:00000000 03:00000000 00000000     0        0 0 3 0000000000000000                                      
   4: 1500FEA9:D41A DBA942AC:01BB 01 00000000:00000000 00:00000000 00000000  1001        0 680787 1 0000000000000000 20 4 28 10 -1                   
   5: 0100007F:963B 0100007F:BFF2 06 00000000:00000000 03:00000000 00000000     0        0 0 3 0000000000000000                                      
   6: 1500FEA9:C604 3F15AD03:01BB 06 00000000:00000000 03:00000FC4 00000000     0        0 0 3 0000000000000000                                      
   7: 1500FEA9:C5FA 3F15AD03:01BB 06 00000000:00000000 03:00001437 00000000     0        0 0 3 0000000000000000                                      
   8: 0100007F:A91D 0100007F:D6CC 06 00000000:00000000 03:00000000 00000000     0        0 0 3 0000000000000000                                      
1791335480.322483
  sl  local_address rem_address   st tx_queue rx_queue tr tm->when retrnsmt   uid  timeout inode                                                     
   0: 3500007F:0035 00000000:0000 0A 00000000:00000000 00:00000000 00000000   102        0 12728 1 0000000000000000 100 0 0 10 5                     
   1: 00000000:006F 00000000:0000 0A 00000000:00000000 00:00000000 00000000     0        0 11541 1 0000000000000000 100 0 0 10 0                     
   2: 1500FEA9:CD48 3F15AD03:01BB 01 00000000:00000000 00:00000000 00000000  1001        0 592406 1 0000000000000000 20 4 30 16 -1                   
   3: 1500FEA9:D41A DBA942AC:01BB 01 00000000:00000000 00:00000000 00000000  1001        0 680787 1 0000000000000000 20 4 28 10 -1                   
   4: 1500FEA9:C604 3F15AD03:01BB 06 00000000:00000000 03:00000F60 00000000     0        0 0 3 0000000000000000                                      
   5: 1500FEA9:C5FA 3F15AD03:01BB 06 00000000:00000000 03:000013D3 00000000     0        0 0 3 0000000000000000                                      
1791335481.323631
  sl  local_address rem_address   st tx_queue rx_queue tr tm->when retrnsmt   uid  timeout inode                                                     
   0: 3500007F:0035 00000000:0000 0A 00000000:00000000 00:00000000 00000000   102        0 12728 1 0000000000000000 100 0 0 10 5                     
   1: 00000000:006F 00000000:0000 0A 00000000:00000000 00:00000000 00000000     0        0 11541 1 0000000000000000 100 0 0 10 0                     
   2: 1500FEA9:CD48 3F15AD03:01BB 01 00000000:00000000 00:00000000 00000000  1001        0 592406 1 0000000000000000 20 4 30 16 -1                   
   3: 1500FEA9:D41A DBA942AC:01BB 01 00000000:00000000 00:00000000 00000000  1001        0 680787 1 0000000000000000 20 4 28 10 -1                   
   4: 1500FEA9:C604 3F15AD03:01BB 06 00000000:00000000 03:00000EFC 00000000     0        0 0 3 0000000000000000                                      
   5: 1500FEA9:C5FA 3F15AD03:01BB 06 00000000:00000000 03:0000136F 00000000     0        0 0 3 0000000000000000                                      
1791335482.3247633
  sl  local_address rem_address   st tx_queue rx_queue tr tm->when retrnsmt   uid  timeout inode                                                     
   0: 3500007F:0035 00000000:0000 0A 00000000:00000000 00:00000000 00000000   102        0 12728 1 0000000000000000 100 0 0 10 5                     
   1: 00000000:006F 00000000:0000 0A 00000000:00000000 00:00000000 00000000     0        0 11541 1 0000000000000000 100 0 0 10 0                     
   2: 1500FEA9:CD48 3F15AD03:01BB 01 00000000:00000000 00:00000000 00000000  1001        0 592406 1 0000000000000000 20 4 30 16 -1                   
   3: 1500FEA9:D41A DBA942AC:01BB 01 00000000:00000000 00:00000000 00000000  1001        0 680787 1 0000000000000000 20 4 28 10 -1                   
   4: 1500FEA9:C604 3F15AD03:01BB 06 00000000:00000000 03:00000E98 00000000     0        0 0 3 0000000000000000                                      
   5: 1500FEA9:C5FA 3F15AD03:01BB 06 00000000:00000000 03:0000130B 00000000     0        0 0 3 0000000000000000                                      
1791335483.3259249
  sl  local_address rem_address   st tx_queue rx_queue tr tm->when retrnsmt   uid  timeout inode                                                     
   0: 3500007F:0035 00000000:0000 0A 00000000:00000000 00:00000000 00000000   102        0 12728 1 0000000000000000 100 0 0 10 5                     
   1: 00000000:006F 00000000:0000 0A 00000000:00000000 00:00000000 00000000     0        0 11541 1 0000000000000000 100 0 0 10 0                     
   2: 1500FEA9:CD48 3F15AD03:01BB 01 00000000:00000000 00:00000000 00000000  1001        0 592406 1 0000000000000000 20 4 30 16 -1                   
   3: 1500FEA9:D41A DBA942AC:01BB 01 00000000:00000000 00:00000000 00000000  1001        0 680787 1 0000000000000000 20 4 28 10 -1                   
   4: 1500FEA9:C604 3F15AD03:01BB 06 00000000:00000000 03:00000E34 00000000     0        0 0 3 0000000000000000                                      
   5: 1500FEA9:C5FA 3F15AD03:01BB 06 00000000:00000000 03:000012A7 00000000     0        0 0 3 0000000000000000                                      
1791335484.327105
  sl  local_address rem_address   st tx_queue rx_queue tr tm->when retrnsmt   uid  timeout inode                                                     
   0: 3500007F:0035 00000000:0000 0A 00000000:00000000 00:00000000 00000000   102        0 12728 1 0000000000000000 100 0 0 10 5                     
   1: 00000000:006F 00000000:0000 0A 00000000:00000000 00:00000000 00000000     0        0 11541 1 0000000000000000 100 0 0 10 0                     
   2: 1500FEA9:CD48 3F15AD03:01BB 01 00000000:00000000 00:00000000 00000000  1001        0 592406 1 0000000000000000 20 4 30 16 -1                   
   3: 1500FEA9:D41A DBA942AC:01BB 01 00000000:00000000 00:00000000 00000000  1001        0 680787 1 0000000000000000 20 4 30 10 -1                   
   4: 1500FEA9:C604 3F15AD03:01BB 06 00000000:00000000 03:00000DD0 00000000     0        0 0 3 0000000000000000                                      
   5: 1500FEA9:C5FA 3F15AD03:01BB 06 00000000:00000000 03:00001243 00000000     0        0 0 3 0000000000000000                                      
1791335485.3282638
  sl  local_address rem_address   st tx_queue rx_queue tr tm->when retrnsmt   uid  timeout inode                                                     
   0: 3500007F:0035 00000000:0000 0A 00000000:00000000 00:00000000 00000000   102        0 12728 1 0000000000000000 100 0 0 10 5                     
   1: 00000000:006F 00000000:0000 0A 00000000:00000000 00:00000000 00000000     0        0 11541 1 0000000000000000 100 0 0 10 0                     
   2: 1500FEA9:CD48 3F15AD03:01BB 01 00000000:00000000 00:00000000 00000000  1001        0 592406 1 0000000000000000 20 4 30 16 -1                   
   3: 1500FEA9:D41A DBA942AC:01BB 01 00000000:00000000 00:00000000 00000000  1001        0 680787 1 0000000000000000 20 4 30 10 -1                   
   4: 1500FEA9:C604 3F15AD03:01BB 06 00000000:00000000 03:00000D6C 00000000     0        0 0 3 0000000000000000                                      
   5: 1500FEA9:C5FA 3F15AD03:01BB 06 00000000:00000000 03:000011DF 00000000     0        0 0 3 0000000000000000                                      
1791335486.3293858
  sl  local_address rem_address   st tx_queue rx_queue tr tm->when retrnsmt   uid  timeout inode                                                     
   0: 3500007F:0035 00000000:0000 0A 00000000:00000000 00:00000000 00000000   102        0 12728 1 0000000000000000 100 0 0 10 5                     
   1: 00000000:006F 00000000:0000 0A 00000000:00000000 00:00000000 00000000     0        0 11541 1 0000000000000000 100 0 0 10 0                     
   2: 1500FEA9:CD48 3F15AD03:01BB 01 00000000:00000000 00:00000000 00000000  1001        0 592406 1 0000000000000000 20 4 30 16 -1                   
   3: 1500FEA9:D41A DBA942AC:01BB 01 00000000:00000000 00:00000000 00000000  1001        0 680787 1 0000000000000000 20 4 30 10 -1                   
   4: 1500FEA9:C604 3F15AD03:01BB 06 00000000:00000000 03:00000D07 00000000     0        0 0 3 0000000000000000                                      
   5: 1500FEA9:C5FA 3F15AD03:01BB 06 00000000:00000000 03:0000117A 00000000     0        0 0 3 0000000000000000                                      
1791335487.3306797
  sl  local_address rem_address   st tx_queue rx_queue tr tm->when retrnsmt   uid  timeout inode                                                     
   0: 3500007F:0035 00000000:0000 0A 00000000:00000000 00:00000000 00000000   102        0 12728 1 0000000000000000 100 0 0 10 5                     
   1: 00000000:006F 00000000:0000 0A 00000000:00000000 00:00000000 00000000     0        0 11541 1 0000000000000000 100 0 0 10 0                     
   2: 1500FEA9:CD48 3F15AD03:01BB 01 00000000:00000000 00:00000000 00000000  1001        0 592406 1 0000000000000000 20 4 30 16 -1                   
   3: 1500FEA9:D41A DBA942AC:01BB 01 00000000:00000000 00:00000000 00000000  1001        0 680787 1 0000000000000000 20 4 30 10 -1                   
   4: 1500FEA9:C604 3F15AD03:01BB 06 00000000:00000000 03:00000CA3 00000000     0        0 0 3 0000000000000000                                      
   5: 1500FEA9:C5FA 3F15AD03:01BB 06 00000000:00000000 03:00001116 00000000     0        0 0 3 0000000000000000                                      
1791335488.331312
  sl  local_address rem_address   st tx_queue rx_queue tr tm->when retrnsmt   uid  timeout inode                                                     
   0: 3500007F:0035 00000000:0000 0A 00000000:00000000 00:00000000 00000000   102        0 12728 1 0000000000000000 100 0 0 10 5                     
   1: 00000000:006F 00000000:0000 0A 00000000:00000000 00:00000000 00000000     0        0 11541 1 0000000000000000 100 0 0 10 0                     
   2: 1500FEA9:CD48 3F15AD03:01BB 01 00000000:00000000 00:00000000 00000000  1001        0 592406 1 0000000000000000 20 4 30 16 -1                   
   3: 1500FEA9:D41A DBA942AC:01BB 01 00000000:00000000 00:00000000 00000000  1001        0 680787 1 0000000000000000 20 4 30 10 -1                   
   4: 1500FEA9:C604 3F15AD03:01BB 06 00000000:00000000 03:00000C3F 00000000     0        0 0 3 0000000000000000                                      
   5: 1500FEA9:C5FA 3F15AD03:01BB 06 00000000:00000000 03:000010B2 00000000     0        0 0 3 0000000000000000                                      
1791335489.332714
  sl  local_address rem_address   st tx_queue rx_queue tr tm->when retrnsmt   uid  timeout inode                                                     
   0: 3500007F:0035 00000000:0000 0A 00000000:00000000 00:00000000 00000000   102        0 12728 1 0000000000000000 100 0 0 10 5                     
   1: 00000000:006F 00000000:0000 0A 00000000:00000000 00:00000000 00000000     0        0 11541 1 0000000000000000 100 0 0 10 0                     
   2: 1500FEA9:CD48 3F15AD03:01BB 01 00000000:00000000 00:00000000 00000000  1001        0 592406 1 0000000000000000 20 4 30 16 -1                   
   3: 1500FEA9:D41A DBA942AC:01BB 01 00000000:00000000 00:00000000 00000000  1001        0 680787 1 0000000000000000 20 4 30 10 -1                   
   4: 1500FEA9:C604 3F15AD03:01BB 06 00000000:00000000 03:00000BDB 00000000     0        0 0 3 0000000000000000                                      
   5: 1500FEA9:C5FA 3F15AD03:01BB 06 00000000:00000000 03:0000104E 00000000     0        0 0 3 0000000000000000                                      
1791335490.3655052
  sl  local_address rem_address   st tx_queue rx_queue tr tm->when retrnsmt   uid  timeout inode                                                     
   0: 3500007F:0035 00000000:0000 0A 00000000:00000000 00:00000000 00000000   102        0 12728 1 0000000000000000 100 0 0 10 5                     
   1: 00000000:006F 00000000:0000 0A 00000000:00000000 00:00000000 00000000     0        0 11541 1 0000000000000000 100 0 0 10 0                     
   2: 1500FEA9:CD48 3F15AD03:01BB 01 00000000:00000000 00:00000000 00000000  1001        0 592406 1 0000000000000000 20 4 30 16 -1                   
   3: 1500FEA9:D41A DBA942AC:01BB 01 00000000:00000000 00:00000000 00000000  1001        0 680787 1 0000000000000000 20 4 30 10 -1                   
   4: 1500FEA9:C604 3F15AD03:01BB 06 00000000:00000000 03:00000B73 00000000     0        0 0 3 0000000000000000                                      
   5: 1500FEA9:C5FA 3F15AD03:01BB 06 00000000:00000000 03:00000FE6 00000000     0        0 0 3 0000000000000000                                      
1791335491.3672612
  sl  local_address rem_address   st tx_queue rx_queue tr tm->when retrnsmt   uid  timeout inode                                                     
   0: 3500007F:0035 00000000:0000 0A 00000000:00000000 00:00000000 00000000   102        0 12728 1 0000000000000000 100 0 0 10 5                     
   1: 00000000:006F 00000000:0000 0A 00000000:00000000 00:00000000 00000000     0        0 11541 1 0000000000000000 100 0 0 10 0                     
   2: 1500FEA9:CD48 3F15AD03:01BB 01 00000000:00000000 00:00000000 00000000  1001        0 592406 1 0000000000000000 20 4 30 16 -1                   
   3: 1500FEA9:D41A DBA942AC:01BB 01 00000000:00000000 00:00000000 00000000  1001        0 680787 1 0000000000000000 20 4 30 10 -1                   
   4: 1500FEA9:C604 3F15AD03:01BB 06 00000000:00000000 03:00000B0E 00000000     0        0 0 3 0000000000000000                                      
   5: 1500FEA9:C5FA 3F15AD03:01BB 06 00000000:00000000 03:00000F82 00000000     0        0 0 3 0000000000000000                                      
1791335492.3686008
  sl  local_address rem_address   st tx_queue rx_queue tr tm->when retrnsmt   uid  timeout inode                                                     
   0: 3500007F:0035 00000000:0000 0A 00000000:00000000 00:00000000 00000000   102        0 12728 1 0000000000000000 100 0 0 10 5                     
   1: 00000000:006F 00000000:0000 0A 00000000:00000000 00:00000000 00000000     0        0 11541 1 0000000000000000 100 0 0 10 0                     
   2: 1500FEA9:CD48 3F15AD03:01BB 01 00000000:00000000 00:00000000 00000000  1001        0 592406 1 0000000000000000 20 4 30 16 -1                   
   3: 1500FEA9:D41A DBA942AC:01BB 01 00000000:00000000 00:00000000 00000000  1001        0 680787 1 0000000000000000 20 4 30 10 -1                   
   4: 1500FEA9:C604 3F15AD03:01BB 06 00000000:00000000 03:00000AAB 00000000     0        0 0 3 0000000000000000                                      
   5: 1500FEA9:C5FA 3F15AD03:01BB 06 00000000:00000000 03:00000F1E 00000000     0        0 0 3 0000000000000000                                      
1791335493.370243
  sl  local_address rem_address   st tx_queue rx_queue tr tm->when retrnsmt   uid  timeout inode                                                     
   0: 3500007F:0035 00000000:0000 0A 00000000:00000000 00:00000000 00000000   102        0 12728 1 0000000000000000 100 0 0 10 5                     
   1: 00000000:006F 00000000:0000 0A 00000000:00000000 00:00000000 00000000     0        0 11541 1 0000000000000000 100 0 0 10 0                     
   2: 1500FEA9:CD48 3F15AD03:01BB 01 00000000:00000000 00:00000000 00000000  1001        0 592406 1 0000000000000000 20 4 30 16 -1                   
   3: 1500FEA9:D41A DBA942AC:01BB 01 00000000:00000000 00:00000000 00000000  1001        0 680787 1 0000000000000000 20 4 30 10 -1                   
   4: 1500FEA9:C604 3F15AD03:01BB 06 00000000:00000000 03:00000A45 00000000     0        0 0 3 0000000000000000                                      
   5: 1500FEA9:C5FA 3F15AD03:01BB 06 00000000:00000000 03:00000EB8 00000000     0        0 0 3 0000000000000000                                      
1791335494.37126
  sl  local_address rem_address   st tx_queue rx_queue tr tm->when retrnsmt   uid  timeout inode                                                     
   0: 3500007F:0035 00000000:0000 0A 00000000:00000000 00:00000000 00000000   102        0 12728 1 0000000000000000 100 0 0 10 5                     
   1: 00000000:006F 00000000:0000 0A 00000000:00000000 00:00000000 00000000     0        0 11541 1 0000000000000000 100 0 0 10 0                     
   2: 1500FEA9:CD48 3F15AD03:01BB 01 00000000:00000000 00:00000000 00000000  1001        0 592406 1 0000000000000000 20 4 30 16 -1                   
   3: 1500FEA9:D41A DBA942AC:01BB 01 00000000:00000000 00:00000000 00000000  1001        0 680787 1 0000000000000000 20 4 30 10 -1                   
   4: 1500FEA9:C604 3F15AD03:01BB 06 00000000:00000000 03:000009E2 00000000     0        0 0 3 0000000000000000                                      
   5: 1500FEA9:C5FA 3F15AD03:01BB 06 00000000:00000000 03:00000E55 00000000     0        0 0 3 0000000000000000                                      
1791335495.372576
  sl  local_address rem_address   st tx_queue rx_queue tr tm->when retrnsmt   uid  timeout inode                                                     
   0: 3500007F:0035 00000000:0000 0A 00000000:00000000 00:00000000 00000000   102        0 12728 1 0000000000000000 100 0 0 10 5                     
   1: 00000000:006F 00000000:0000 0A 00000000:00000000 00:00000000 00000000     0        0 11541 1 0000000000000000 100 0 0 10 0                     
   2: 1500FEA9:CD48 3F15AD03:01BB 01 00000000:00000000 00:00000000 00000000  1001        0 592406 1 0000000000000000 20 4 30 16 -1                   
   3: 1500FEA9:D41A DBA942AC:01BB 01 00000000:00000000 00:00000000 00000000  1001        0 680787 1 0000000000000000 20 4 30 10 -1                   
   4: 1500FEA9:C604 3F15AD03:01BB 06 00000000:00000000 03:0000097C 00000000     0        0 0 3 0000000000000000                                      
   5: 1500FEA9:C5FA 3F15AD03:01BB 06 00000000:00000000 03:00000DEF 00000000     0        0 0 3 0000000000000000                                      
1791335496.3741894
  sl  local_address rem_address   st tx_queue rx_queue tr tm->when retrnsmt   uid  timeout inode                                                     
   0: 3500007F:0035 00000000:0000 0A 00000000:00000000 00:00000000 00000000   102        0 12728 1 0000000000000000 100 0 0 10 5                     
   1: 00000000:006F 00000000:0000 0A 00000000:00000000 00:00000000 00000000     0        0 11541 1 0000000000000000 100 0 0 10 0                     
   2: 1500FEA9:CD48 3F15AD03:01BB 01 00000000:00000000 00:00000000 00000000  1001        0 592406 1 0000000000000000 20 4 30 16 -1                   
   3: 1500FEA9:D41A DBA942AC:01BB 01 00000000:00000000 00:00000000 00000000  1001        0 680787 1 0000000000000000 20 4 30 10 -1                   
   4: 1500FEA9:C604 3F15AD03:01BB 06 00000000:00000000 03:0000091A 00000000     0        0 0 3 0000000000000000                                      
   5: 1500FEA9:C5FA 3F15AD03:01BB 06 00000000:00000000 03:00000D8D 00000000     0        0 0 3 0000000000000000                                      
1791335497.3752644
  sl  local_address rem_address   st tx_queue rx_queue tr tm->when retrnsmt   uid  timeout inode                                                     
   0: 3500007F:0035 00000000:0000 0A 00000000:00000000 00:00000000 00000000   102        0 12728 1 0000000000000000 100 0 0 10 5                     
   1: 00000000:006F 00000000:0000 0A 00000000:00000000 00:00000000 00000000     0        0 11541 1 0000000000000000 100 0 0 10 0                     
   2: 1500FEA9:CD48 3F15AD03:01BB 01 00000000:00000000 00:00000000 00000000  1001        0 592406 1 0000000000000000 20 4 30 16 -1                   
   3: 1500FEA9:D41A DBA942AC:01BB 01 00000000:00000000 00:00000000 00000000  1001        0 680787 1 0000000000000000 20 4 30 10 -1                   
   4: 1500FEA9:C604 3F15AD03:01BB 06 00000000:00000000 03:000008B4 00000000     0        0 0 3 0000000000000000                                      
   5: 1500FEA9:C5FA 3F15AD03:01BB 06 00000000:00000000 03:00000D27 00000000     0        0 0 3 0000000000000000                                      
1791335498.376597
  sl  local_address rem_address   st tx_queue rx_queue tr tm->when retrnsmt   uid  timeout inode                                                     
   0: 3500007F:0035 00000000:0000 0A 00000000:00000000 00:00000000 00000000   102        0 12728 1 0000000000000000 100 0 0 10 5                     
   1: 00000000:006F 00000000:0000 0A 00000000:00000000 00:00000000 00000000     0        0 11541 1 0000000000000000 100 0 0 10 0                     
   2: 1500FEA9:CD48 3F15AD03:01BB 01 00000000:00000000 00:00000000 00000000  1001        0 592406 1 0000000000000000 20 4 30 16 -1                   
   3: 1500FEA9:D41A DBA942AC:01BB 01 00000000:00000000 00:00000000 00000000  1001        0 680787 1 0000000000000000 20 4 30 10 -1                   
   4: 1500FEA9:C604 3F15AD03:01BB 06 00000000:00000000 03:00000852 00000000     0        0 0 3 0000000000000000                                      
   5: 1500FEA9:C5FA 3F15AD03:01BB 06 00000000:00000000 03:00000CC6 00000000     0        0 0 3 0000000000000000                                      
1791335499.3782425
  sl  local_address rem_address   st tx_queue rx_queue tr tm->when retrnsmt   uid  timeout inode                                                     
   0: 3500007F:0035 00000000:0000 0A 00000000:00000000 00:00000000 00000000   102        0 12728 1 0000000000000000 100 0 0 10 5                     
   1: 00000000:006F 00000000:0000 0A 00000000:00000000 00:00000000 00000000     0        0 11541 1 0000000000000000 100 0 0 10 0                     
   2: 1500FEA9:CD48 3F15AD03:01BB 01 00000000:00000000 00:00000000 00000000  1001        0 592406 1 0000000000000000 20 4 30 16 -1                   
   3: 1500FEA9:D41A DBA942AC:01BB 01 00000000:00000000 00:00000000 00000000  1001        0 680787 1 0000000000000000 20 4 30 10 -1                   
   4: 1500FEA9:C604 3F15AD03:01BB 06 00000000:00000000 03:000007EC 00000000     0        0 0 3 0000000000000000                                      
   5: 1500FEA9:C5FA 3F15AD03:01BB 06 00000000:00000000 03:00000C60 00000000     0        0 0 3 0000000000000000                                      
1791335500.3793068
  sl  local_address rem_address   st tx_queue rx_queue tr tm->when retrnsmt   uid  timeout inode                                                     
   0: 3500007F:0035 00000000:0000 0A 00000000:00000000 00:00000000 00000000   102        0 12728 1 0000000000000000 100 0 0 10 5                     
   1: 00000000:006F 00000000:0000 0A 00000000:00000000 00:00000000 00000000     0        0 11541 1 0000000000000000 100 0 0 10 0                     
   2: 1500FEA9:CD48 3F15AD03:01BB 01 00000000:00000000 00:00000000 00000000  1001        0 592406 1 0000000000000000 20 4 30 16 -1                   
   3: 1500FEA9:D41A DBA942AC:01BB 01 00000000:00000000 00:00000000 00000000  1001        0 680787 1 0000000000000000 20 4 30 10 -1                   
   4: 1500FEA9:C604 3F15AD03:01BB 06 00000000:00000000 03:0000078A 00000000     0        0 0 3 0000000000000000                                      
   5: 1500FEA9:C5FA 3F15AD03:01BB 06 00000000:00000000 03:00000BFE 00000000     0        0 0 3 0000000000000000                                      
1791335501.3898218
  sl  local_address rem_address   st tx_queue rx_queue tr tm->when retrnsmt   uid  timeout inode                                                     
   0: 3500007F:0035 00000000:0000 0A 00000000:00000000 00:00000000 00000000   102        0 12728 1 0000000000000000 100 0 0 10 5                     
   1: 00000000:006F 00000000:0000 0A 00000000:00000000 00:00000000 00000000     0        0 11541 1 0000000000000000 100 0 0 10 0                     
   2: 1500FEA9:CD48 3F15AD03:01BB 01 00000000:00000000 00:00000000 00000000  1001        0 592406 1 0000000000000000 20 4 30 16 -1                   
   3: 1500FEA9:D41A DBA942AC:01BB 01 00000000:00000000 00:00000000 00000000  1001        0 680787 1 0000000000000000 20 4 30 10 -1                   
   4: 1500FEA9:C604 3F15AD03:01BB 06 00000000:00000000 03:00000725 00000000     0        0 0 3 0000000000000000                                      
   5: 1500FEA9:C5FA 3F15AD03:01BB 06 00000000:00000000 03:00000B98 00000000     0        0 0 3 0000000000000000                                      
1791335502.3912704
  sl  local_address rem_address   st tx_queue rx_queue tr tm->when retrnsmt   uid  timeout inode                                                     
   0: 3500007F:0035 00000000:0000 0A 00000000:00000000 00:00000000 00000000   102        0 12728 1 0000000000000000 100 0 0 10 5                     
   1: 00000000:006F 00000000:0000 0A 00000000:00000000 00:00000000 00000000     0        0 11541 1 0000000000000000 100 0 0 10 0                     
   2: 1500FEA9:CD48 3F15AD03:01BB 01 00000000:00000000 00:00000000 00000000  1001        0 592406 1 0000000000000000 20 4 30 16 -1                   
   3: 1500FEA9:D41A DBA942AC:01BB 01 00000000:00000000 00:00000000 00000000  1001        0 680787 1 0000000000000000 20 4 30 10 -1                   
   4: 1500FEA9:C604 3F15AD03:01BB 06 00000000:00000000 03:000006C0 00000000     0        0 0 3 0000000000000000                                      
   5: 1500FEA9:C5FA 3F15AD03:01BB 06 00000000:00000000 03:00000B33 00000000     0        0 0 3 0000000000000000                                      
1791335503.392589
  sl  local_address rem_address   st tx_queue rx_queue tr tm->when retrnsmt   uid  timeout inode                                                     
   0: 3500007F:0035 00000000:0000 0A 00000000:00000000 00:00000000 00000000   102        0 12728 1 0000000000000000 100 0 0 10 5                     
   1: 00000000:006F 00000000:0000 0A 00000000:00000000 00:00000000 00000000     0        0 11541 1 0000000000000000 100 0 0 10 0                     
   2: 1500FEA9:CD48 3F15AD03:01BB 01 00000000:00000000 00:00000000 00000000  1001        0 592406 1 0000000000000000 20 4 30 16 -1                   
   3: 1500FEA9:D41A DBA942AC:01BB 01 00000000:00000000 00:00000000 00000000  1001        0 680787 1 0000000000000000 20 4 30 10 -1                   
   4: 1500FEA9:C604 3F15AD03:01BB 06 00000000:00000000 03:0000065B 00000000     0        0 0 3 0000000000000000                                      
   5: 1500FEA9:C5FA 3F15AD03:01BB 06 00000000:00000000 03:00000ACE 00000000     0        0 0 3 0000000000000000                                      
1791335504.3942196
  sl  local_address rem_address   st tx_queue rx_queue tr tm->when retrnsmt   uid  timeout inode                                                     
   0: 3500007F:0035 00000000:0000 0A 00000000:00000000 00:00000000 00000000   102        0 12728 1 0000000000000000 100 0 0 10 5                     
   1: 00000000:006F 00000000:0000 0A 00000000:00000000 00:00000000 00000000     0        0 11541 1 0000000000000000 100 0 0 10 0                     
   2: 1500FEA9:CD48 3F15AD03:01BB 01 00000000:00000000 00:00000000 00000000  1001        0 592406 1 0000000000000000 20 4 30 16 -1                   
   3: 1500FEA9:D41A DBA942AC:01BB 01 00000000:00000000 00:00000000 00000000  1001        0 680787 1 0000000000000000 20 4 30 10 -1                   
   4: 1500FEA9:C604 3F15AD03:01BB 06 00000000:00000000 03:000005F6 00000000     0        0 0 3 0000000000000000                                      
   5: 1500FEA9:C5FA 3F15AD03:01BB 06 00000000:00000000 03:00000A6A 00000000     0        0 0 3 0000000000000000                                      
1791335505.3952568
  sl  local_address rem_address   st tx_queue rx_queue tr tm->when retrnsmt   uid  timeout inode                                                     
   0: 3500007F:0035 00000000:0000 0A 00000000:00000000 00:00000000 00000000   102        0 12728 1 0000000000000000 100 0 0 10 5                     
   1: 00000000:006F 00000000:0000 0A 00000000:00000000 00:00000000 00000000     0        0 11541 1 0000000000000000 100 0 0 10 0                     
   2: 1500FEA9:CD48 3F15AD03:01BB 01 00000000:00000000 00:00000000 00000000  1001        0 592406 1 0000000000000000 20 4 30 16 -1                   
   3: 1500FEA9:D41A DBA942AC:01BB 01 00000000:00000000 00:00000000 00000000  1001        0 680787 1 0000000000000000 20 4 30 10 -1                   
   4: 1500FEA9:C604 3F15AD03:01BB 06 00000000:00000000 03:00000594 00000000     0        0 0 3 0000000000000000                                      
   5: 1500FEA9:C5FA 3F15AD03:01BB 06 00000000:00000000 03:00000A07 00000000     0        0 0 3 0000000000000000                                      
1791335506.3968031
  sl  local_address rem_address   st tx_queue rx_queue tr tm->when retrnsmt   uid  timeout inode                                                     
   0: 3500007F:0035 00000000:0000 0A 00000000:00000000 00:00000000 00000000   102        0 12728 1 0000000000000000 100 0 0 10 5                     
   1: 00000000:006F 00000000:0000 0A 00000000:00000000 00:00000000 00000000     0        0 11541 1 0000000000000000 100 0 0 10 0                     
   2: 1500FEA9:CD48 3F15AD03:01BB 01 00000000:00000000 00:00000000 00000000  1001        0 592406 1 0000000000000000 20 4 30 16 -1                   
   3: 1500FEA9:D41A DBA942AC:01BB 01 00000000:00000000 00:00000000 00000000  1001        0 680787 1 0000000000000000 20 4 30 10 -1                   
   4: 1500FEA9:C604 3F15AD03:01BB 06 00000000:00000000 03:0000052F 00000000     0        0 0 3 0000000000000000                                      
   5: 1500FEA9:C5FA 3F15AD03:01BB 06 00000000:00000000 03:000009A2 00000000     0        0 0 3 0000000000000000                                      
1791335507.3985126
  sl  local_address rem_address   st tx_queue rx_queue tr tm->when retrnsmt   uid  timeout inode                                                     
   0: 3500007F:0035 00000000:0000 0A 00000000:00000000 00:00000000 00000000   102        0 12728 1 0000000000000000 100 0 0 10 5                     
   1: 00000000:006F 00000000:0000 0A 00000000:00000000 00:00000000 00000000     0        0 11541 1 0000000000000000 100 0 0 10 0                     
   2: 1500FEA9:CD48 3F15AD03:01BB 01 00000000:00000000 00:00000000 00000000  1001        0 592406 1 0000000000000000 20 4 30 16 -1                   
   3: 1500FEA9:D41A DBA942AC:01BB 01 00000000:00000000 00:00000000 00000000  1001        0 680787 1 0000000000000000 20 4 30 10 -1                   
   4: 1500FEA9:C604 3F15AD03:01BB 06 00000000:00000000 03:000004CB 00000000     0        0 0 3 0000000000000000                                      
   5: 1500FEA9:C5FA 3F15AD03:01BB 06 00000000:00000000 03:0000093E 00000000     0        0 0 3 0000000000000000                                      
1791335508.3992708
  sl  local_address rem_address   st tx_queue rx_queue tr tm->when retrnsmt   uid  timeout inode                                                     
   0: 3500007F:0035 00000000:0000 0A 00000000:00000000 00:00000000 00000000   102        0 12728 1 0000000000000000 100 0 0 10 5                     
   1: 00000000:006F 00000000:0000 0A 00000000:00000000 00:00000000 00000000     0        0 11541 1 0000000000000000 100 0 0 10 0                     
   2: 1500FEA9:CD48 3F15AD03:01BB 01 00000000:00000000 00:00000000 00000000  1001        0 592406 1 0000000000000000 20 4 30 16 -1                   
   3: 1500FEA9:D41A DBA942AC:01BB 01 00000000:00000000 00:00000000 00000000  1001        0 680787 1 0000000000000000 20 4 30 10 -1                   
   4: 1500FEA9:C604 3F15AD03:01BB 06 00000000:00000000 03:00000467 00000000     0        0 0 3 0000000000000000                                      
   5: 1500FEA9:C5FA 3F15AD03:01BB 06 00000000:00000000 03:000008DA 00000000     0        0 0 3 0000000000000000                                      
1791335509.4005992
  sl  local_address rem_address   st tx_queue rx_queue tr tm->when retrnsmt   uid  timeout inode                                                     
   0: 3500007F:0035 00000000:0000 0A 00000000:00000000 00:00000000 00000000   102        0 12728 1 0000000000000000 100 0 0 10 5                     
   1: 00000000:006F 00000000:0000 0A 00000000:00000000 00:00000000 00000000     0        0 11541 1 0000000000000000 100 0 0 10 0                     
   2: 1500FEA9:CD48 3F15AD03:01BB 01 00000000:00000000 00:00000000 00000000  1001        0 592406 1 0000000000000000 20 4 30 16 -1                   
   3: 1500FEA9:D41A DBA942AC:01BB 01 00000000:00000000 00:00000000 00000000  1001        0 680787 1 0000000000000000 20 4 30 10 -1                   
   4: 1500FEA9:C604 3F15AD03:01BB 06 00000000:00000000 03:00000402 00000000     0        0 0 3 0000000000000000                                      
   5: 1500FEA9:C5FA 3F15AD03:01BB 06 00000000:00000000 03:00000876 00000000     0        0 0 3 0000000000000000                                      
1791335510.402233
  sl  local_address rem_address   st tx_queue rx_queue tr tm->when retrnsmt   uid  timeout inode                                                     
   0: 3500007F:0035 00000000:0000 0A 00000000:00000000 00:00000000 00000000   102        0 12728 1 0000000000000000 100 0 0 10 5                     
   1: 00000000:006F 00000000:0000 0A 00000000:00000000 00:00000000 00000000     0        0 11541 1 0000000000000000 100 0 0 10 0                     
   2: 1500FEA9:CD48 3F15AD03:01BB 01 00000000:00000000 00:00000000 00000000  1001        0 592406 1 0000000000000000 20 4 30 16 -1                   
   3: 1500FEA9:D41A DBA942AC:01BB 01 00000000:00000000 00:00000000 00000000  1001        0 680787 1 0000000000000000 20 4 30 10 -1                   
   4: 1500FEA9:C604 3F15AD03:01BB 06 00000000:00000000 03:0000039F 00000000     0        0 0 3 0000000000000000                                      
   5: 1500FEA9:C5FA 3F15AD03:01BB 06 00000000:00000000 03:00000812 00000000     0        0 0 3 0000000000000000                                      
1791335511.403359
  sl  local_address rem_address   st tx_queue rx_queue tr tm->when retrnsmt   uid  timeout inode                                                     
   0: 3500007F:0035 00000000:0000 0A 00000000:00000000 00:00000000 00000000   102        0 12728 1 0000000000000000 100 0 0 10 5                     
   1: 00000000:006F 00000000:0000 0A 00000000:00000000 00:00000000 00000000     0        0 11541 1 0000000000000000 100 0 0 10 0                     
   2: 1500FEA9:CD48 3F15AD03:01BB 01 00000000:00000000 00:00000000 00000000  1001        0 592406 1 0000000000000000 20 4 30 16 -1                   
   3: 0100007F:906B 0100007F:E7F6 06 00000000:00000000 03:00001766 00000000     0        0 0 3 0000000000000000                                      
   4: 0100007F:AB29 0100007F:C934 06 00000000:00000000 03:00001766 00000000     0        0 0 3 0000000000000000                                      
   5: 1500FEA9:D41A DBA942AC:01BB 01 00000000:00000000 00:00000000 00000000  1001        0 680787 1 0000000000000000 20 4 30 10 -1                   
   6: 1500FEA9:C604 3F15AD03:01BB 06 00000000:00000000 03:0000033C 00000000     0        0 0 3 0000000000000000                                      
   7: 1500FEA9:C5FA 3F15AD03:01BB 06 00000000:00000000 03:000007AF 00000000     0        0 0 3 0000000000000000                                      
1791335512.4044871
  sl  local_address rem_address   st tx_queue rx_queue tr tm->when retrnsmt   uid  timeout inode                                                     
   0: 3500007F:0035 00000000:0000 0A 00000000:00000000 00:00000000 00000000   102        0 12728 1 0000000000000000 100 0 0 10 5                     
   1: 00000000:006F 00000000:0000 0A 00000000:00000000 00:00000000 00000000     0        0 11541 1 0000000000000000 100 0 0 10 0                     
   2: 1500FEA9:CD48 3F15AD03:01BB 01 00000000:00000000 00:00000000 00000000  1001        0 592406 1 0000000000000000 20 4 30 16 -1                   
   3: 0100007F:906B 0100007F:E7F6 06 00000000:00000000 03:00001702 00000000     0        0 0 3 0000000000000000                                      
   4: 0100007F:AB29 0100007F:C934 06 00000000:00000000 03:00001702 00000000     0        0 0 3 0000000000000000                                      
   5: 1500FEA9:D41A DBA942AC:01BB 01 00000000:00000000 00:00000000 00000000  1001        0 680787 1 0000000000000000 20 4 30 10 -1                   
   6: 1500FEA9:C604 3F15AD03:01BB 06 00000000:00000000 03:000002D8 00000000     0        0 0 3 0000000000000000                                      
   7: 1500FEA9:C5FA 3F15AD03:01BB 06 00000000:00000000 03:0000074B 00000000     0        0 0 3 0000000000000000                                      
1791335513.4056249
  sl  local_address rem_address   st tx_queue rx_queue tr tm->when retrnsmt   uid  timeout inode                                                     
   0: 3500007F:0035 00000000:0000 0A 00000000:00000000 00:00000000 00000000   102        0 12728 1 0000000000000000 100 0 0 10 5                     
   1: 00000000:006F 00000000:0000 0A 00000000:00000000 00:00000000 00000000     0        0 11541 1 0000000000000000 100 0 0 10 0                     
   2: 1500FEA9:CD48 3F15AD03:01BB 01 00000000:00000000 00:00000000 00000000  1001        0 592406 1 0000000000000000 20 4 30 16 -1                   
   3: 0100007F:906B 0100007F:E7F6 06 00000000:00000000 03:0000169E 00000000     0        0 0 3 0000000000000000                                      
   4: 0100007F:AB29 0100007F:C934 06 00000000:00000000 03:0000169E 00000000     0        0 0 3 0000000000000000                                      
   5: 1500FEA9:D41A DBA942AC:01BB 01 00000000:00000000 00:00000000 00000000  1001        0 680787 1 0000000000000000 20 4 30 10 -1                   
   6: 1500FEA9:C604 3F15AD03:01BB 06 00000000:00000000 03:00000274 00000000     0        0 0 3 0000000000000000                                      
   7: 1500FEA9:C5FA 3F15AD03:01BB 06 00000000:00000000 03:000006E7 00000000     0        0 0 3 0000000000000000                                      
1791335514.4067512
  sl  local_address rem_address   st tx_queue rx_queue tr tm->when retrnsmt   uid  timeout inode                                                     
   0: 3500007F:0035 00000000:0000 0A 00000000:00000000 00:00000000 00000000   102        0 12728 1 0000000000000000 100 0 0 10 5                     
   1: 00000000:006F 00000000:0000 0A 00000000:00000000 00:00000000 00000000     0        0 11541 1 0000000000000000 100 0 0 10 0                     
   2: 1500FEA9:CD48 3F15AD03:01BB 01 00000000:00000000 00:00000000 00000000  1001        0 592406 1 0000000000000000 20 4 30 16 -1                   
   3: 0100007F:906B 0100007F:E7F6 06 00000000:00000000 03:00001639 00000000     0        0 0 3 0000000000000000                                      
   4: 0100007F:AB29 0100007F:C934 06 00000000:00000000 03:00001639 00000000     0        0 0 3 0000000000000000                                      
   5: 1500FEA9:D41A DBA942AC:01BB 01 00000000:00000000 00:00000000 00000000  1001        0 680787 1 0000000000000000 20 4 30 10 -1                   
   6: 1500FEA9:C604 3F15AD03:01BB 06 00000000:00000000 03:00000210 00000000     0        0 0 3 0000000000000000                                      
   7: 1500FEA9:C5FA 3F15AD03:01BB 06 00000000:00000000 03:00000683 00000000     0        0 0 3 0000000000000000                                      
1791335515.4079049
  sl  local_address rem_address   st tx_queue rx_queue tr tm->when retrnsmt   uid  timeout inode                                                     
   0: 3500007F:0035 00000000:0000 0A 00000000:00000000 00:00000000 00000000   102        0 12728 1 0000000000000000 100 0 0 10 5                     
   1: 00000000:006F 00000000:0000 0A 00000000:00000000 00:00000000 00000000     0        0 11541 1 0000000000000000 100 0 0 10 0                     
   2: 1500FEA9:CD48 3F15AD03:01BB 01 00000000:00000000 00:00000000 00000000  1001        0 592406 1 0000000000000000 20 4 30 16 -1                   
   3: 0100007F:906B 0100007F:E7F6 06 00000000:00000000 03:000015D5 00000000     0        0 0 3 0000000000000000                                      
   4: 0100007F:AB29 0100007F:C934 06 00000000:00000000 03:000015D5 00000000     0        0 0 3 0000000000000000                                      
   5: 1500FEA9:D41A DBA942AC:01BB 01 00000000:00000000 00:00000000 00000000  1001        0 680787 1 0000000000000000 20 4 30 10 -1                   
   6: 1500FEA9:C604 3F15AD03:01BB 06 00000000:00000000 03:000001AC 00000000     0        0 0 3 0000000000000000                                      
   7: 1500FEA9:C5FA 3F15AD03:01BB 06 00000000:00000000 03:0000061F 00000000     0        0 0 3 0000000000000000                                      
1791335516.4090912
  sl  local_address rem_address   st tx_queue rx_queue tr tm->when retrnsmt   uid  timeout inode                                                     
   0: 3500007F:0035 00000000:0000 0A 00000000:00000000 00:00000000 00000000   102        0 12728 1 0000000000000000 100 0 0 10 5                     
   1: 00000000:006F 00000000:0000 0A 00000000:00000000 00:00000000 00000000     0        0 11541 1 0000000000000000 100 0 0 10 0                     
   2: 1500FEA9:CD48 3F15AD03:01BB 01 00000000:00000000 00:00000000 00000000  1001        0 592406 1 0000000000000000 20 4 30 16 -1                   
   3: 0100007F:906B 0100007F:E7F6 06 00000000:00000000 03:00001571 00000000     0        0 0 3 0000000000000000                                      
   4: 0100007F:AB29 0100007F:C934 06 00000000:00000000 03:00001571 00000000     0        0 0 3 0000000000000000                                      
   5: 1500FEA9:D41A DBA942AC:01BB 01 00000000:00000000 00:00000000 00000000  1001        0 680787 1 0000000000000000 20 4 30 10 -1                   
   6: 1500FEA9:C604 3F15AD03:01BB 06 00000000:00000000 03:00000148 00000000     0        0 0 3 0000000000000000                                      
   7: 1500FEA9:C5FA 3F15AD03:01BB 06 00000000:00000000 03:000005BB 00000000     0        0 0 3 0000000000000000                                      
1791335517.4101937
  sl  local_address rem_address   st tx_queue rx_queue tr tm->when retrnsmt   uid  timeout inode                                                     
   0: 3500007F:0035 00000000:0000 0A 00000000:00000000 00:00000000 00000000   102        0 12728 1 0000000000000000 100 0 0 10 5                     
   1: 00000000:006F 00000000:0000 0A 00000000:00000000 00:00000000 00000000     0        0 11541 1 0000000000000000 100 0 0 10 0                     
   2: 1500FEA9:CD48 3F15AD03:01BB 01 00000000:00000000 00:00000000 00000000  1001        0 592406 1 0000000000000000 20 4 30 16 -1                   
   3: 0100007F:906B 0100007F:E7F6 06 00000000:00000000 03:0000150D 00000000     0        0 0 3 0000000000000000                                      
   4: 0100007F:AB29 0100007F:C934 06 00000000:00000000 03:0000150D 00000000     0        0 0 3 0000000000000000                                      
   5: 1500FEA9:D41A DBA942AC:01BB 01 00000000:00000000 00:00000000 00000000  1001        0 680787 1 0000000000000000 20 4 30 10 -1                   
   6: 1500FEA9:C604 3F15AD03:01BB 06 00000000:00000000 03:000000E4 00000000     0        0 0 3 0000000000000000                                      
   7: 1500FEA9:C5FA 3F15AD03:01BB 06 00000000:00000000 03:00000557 00000000     0        0 0 3 0000000000000000                                      
1791335518.4113698
  sl  local_address rem_address   st tx_queue rx_queue tr tm->when retrnsmt   uid  timeout inode                                                     
   0: 3500007F:0035 00000000:0000 0A 00000000:00000000 00:00000000 00000000   102        0 12728 1 0000000000000000 100 0 0 10 5                     
   1: 00000000:006F 00000000:0000 0A 00000000:00000000 00:00000000 00000000     0        0 11541 1 0000000000000000 100 0 0 10 0                     
   2: 1500FEA9:CD48 3F15AD03:01BB 01 00000000:00000000 00:00000000 00000000  1001        0 592406 1 0000000000000000 20 4 30 16 -1                   
   3: 0100007F:906B 0100007F:E7F6 06 00000000:00000000 03:000014A9 00000000     0        0 0 3 0000000000000000                                      
   4: 0100007F:AB29 0100007F:C934 06 00000000:00000000 03:000014A9 00000000     0        0 0 3 0000000000000000                                      
   5: 1500FEA9:D41A DBA942AC:01BB 01 00000000:00000000 00:00000000 00000000  1001        0 680787 1 0000000000000000 20 4 30 10 -1                   
   6: 1500FEA9:C604 3F15AD03:01BB 06 00000000:00000000 03:0000007F 00000000     0        0 0 3 0000000000000000                                      
   7: 1500FEA9:C5FA 3F15AD03:01BB 06 00000000:00000000 03:000004F2 00000000     0        0 0 3 0000000000000000                                      
1791335519.4124746
  sl  local_address rem_address   st tx_queue rx_queue tr tm->when retrnsmt   uid  timeout inode                                                     
   0: 3500007F:0035 00000000:0000 0A 00000000:00000000 00:00000000 00000000   102        0 12728 1 0000000000000000 100 0 0 10 5                     
   1: 00000000:006F 00000000:0000 0A 00000000:00000000 00:00000000 00000000     0        0 11541 1 0000000000000000 100 0 0 10 0                     
   2: 1500FEA9:CD48 3F15AD03:01BB 01 00000000:00000000 00:00000000 00000000  1001        0 592406 1 0000000000000000 20 4 30 16 -1                   
   3: 0100007F:906B 0100007F:E7F6 06 00000000:00000000 03:00001445 00000000     0        0 0 3 0000000000000000                                      
   4: 0100007F:AB29 0100007F:C934 06 00000000:00000000 03:00001445 00000000     0        0 0 3 0000000000000000                                      
   5: 1500FEA9:D41A DBA942AC:01BB 01 00000000:00000000 00:00000000 00000000  1001        0 680787 1 0000000000000000 20 4 30 10 -1                   
   6: 1500FEA9:C604 3F15AD03:01BB 06 00000000:00000000 03:0000001B 00000000     0        0 0 3 0000000000000000                                      
   7: 1500FEA9:C5FA 3F15AD03:01BB 06 00000000:00000000 03:0000048E 00000000     0        0 0 3 0000000000000000                                      
1791335520.4135826
  sl  local_address rem_address   st tx_queue rx_queue tr tm->when retrnsmt   uid  timeout inode                                                     
   0: 3500007F:0035 00000000:0000 0A 00000000:00000000 00:00000000 00000000   102        0 12728 1 0000000000000000 100 0 0 10 5                     
   1: 00000000:006F 00000000:0000 0A 00000000:00000000 00:00000000 00000000     0        0 11541 1 0000000000000000 100 0 0 10 0                     
   2: 1500FEA9:CD48 3F15AD03:01BB 01 00000000:00000000 00:00000000 00000000  1001        0 592406 1 0000000000000000 20 4 30 16 -1                   
   3: 0100007F:906B 0100007F:E7F6 06 00000000:00000000 03:000013E0 00000000     0        0 0 3 0000000000000000                                      
   4: 0100007F:AB29 0100007F:C934 06 00000000:00000000 03:000013E0 00000000     0        0 0 3 0000000000000000                                      
   5: 1500FEA9:D41A DBA942AC:01BB 01 00000000:00000000 00:00000000 00000000  1001        0 680787 1 0000000000000000 20 4 30 10 -1                   
   6: 1500FEA9:C604 3F15AD03:01BB 06 00000000:00000000 03:00000000 00000000     0        0 0 3 0000000000000000                                      
   7: 1500FEA9:C5FA 3F15AD03:01BB 06 00000000:00000000 03:0000042A 00000000     0        0 0 3 0000000000000000                                      
1791335521.4146883
  sl  local_address rem_address   st tx_queue rx_queue tr tm->when retrnsmt   uid  timeout inode                                                     
   0: 3500007F:0035 00000000:0000 0A 00000000:00000000 00:00000000 00000000   102        0 12728 1 0000000000000000 100 0 0 10 5                     
   1: 00000000:006F 00000000:0000 0A 00000000:00000000 00:00000000 00000000     0        0 11541 1 0000000000000000 100 0 0 10 0                     
   2: 1500FEA9:CD48 3F15AD03:01BB 01 00000000:00000000 00:00000000 00000000  1001        0 592406 1 0000000000000000 20 4 30 16 -1                   
   3: 0100007F:906B 0100007F:E7F6 06 00000000:00000000 03:0000137C 00000000     0        0 0 3 0000000000000000                                      
   4: 0100007F:AB29 0100007F:C934 06 00000000:00000000 03:0000137C 00000000     0        0 0 3 0000000000000000                                      
   5: 1500FEA9:D41A DBA942AC:01BB 01 00000000:00000000 00:00000000 00000000  1001        0 680787 1 0000000000000000 20 4 30 10 -1                   
   6: 1500FEA9:C5FA 3F15AD03:01BB 06 00000000:00000000 03:000003C6 00000000     0        0 0 3 0000000000000000                                      
1791335522.4158216
  sl  local_address rem_address   st tx_queue rx_queue tr tm->when retrnsmt   uid  timeout inode                                                     
   0: 3500007F:0035 00000000:0000 0A 00000000:00000000 00:00000000 00000000   102        0 12728 1 0000000000000000 100 0 0 10 5                     
   1: 00000000:006F 00000000:0000 0A 00000000:00000000 00:00000000 00000000     0        0 11541 1 0000000000000000 100 0 0 10 0                     
   2: 1500FEA9:CD48 3F15AD03:01BB 01 00000000:00000000 00:00000000 00000000  1001        0 592406 1 0000000000000000 20 4 30 16 -1                   
   3: 0100007F:906B 0100007F:E7F6 06 00000000:00000000 03:00001318 00000000     0        0 0 3 0000000000000000                                      
   4: 0100007F:AB29 0100007F:C934 06 00000000:00000000 03:00001318 00000000     0        0 0 3 0000000000000000                                      
   5: 1500FEA9:D41A DBA942AC:01BB 01 00000000:00000000 00:00000000 00000000  1001        0 680787 1 0000000000000000 20 4 30 10 -1                   
   6: 1500FEA9:C5FA 3F15AD03:01BB 06 00000000:00000000 03:00000362 00000000     0        0 0 3 0000000000000000                                      
1791335523.4190009
  sl  local_address rem_address   st tx_queue rx_queue tr tm->when retrnsmt   uid  timeout inode                                                     
   0: 3500007F:0035 00000000:0000 0A 00000000:00000000 00:00000000 00000000   102        0 12728 1 0000000000000000 100 0 0 10 5                     
   1: 00000000:006F 00000000:0000 0A 00000000:00000000 00:00000000 00000000     0        0 11541 1 0000000000000000 100 0 0 10 0                     
   2: 1500FEA9:CD48 3F15AD03:01BB 01 00000000:00000000 00:00000000 00000000  1001        0 592406 1 0000000000000000 20 4 30 16 -1                   
   3: 0100007F:906B 0100007F:E7F6 06 00000000:00000000 03:000012B4 00000000     0        0 0 3 0000000000000000                                      
   4: 0100007F:AB29 0100007F:C934 06 00000000:00000000 03:000012B4 00000000     0        0 0 3 0000000000000000                                      
   5: 1500FEA9:D41A DBA942AC:01BB 01 00000000:00000000 00:00000000 00000000  1001        0 680787 1 0000000000000000 20 4 30 10 -1                   
   6: 1500FEA9:C5FA 3F15AD03:01BB 06 00000000:00000000 03:000002FE 00000000     0        0 0 3 0000000000000000                                      
1791335524.420328
  sl  local_address rem_address   st tx_queue rx_queue tr tm->when retrnsmt   uid  timeout inode                                                     
   0: 3500007F:0035 00000000:0000 0A 00000000:00000000 00:00000000 00000000   102        0 12728 1 0000000000000000 100 0 0 10 5                     
   1: 00000000:006F 00000000:0000 0A 00000000:00000000 00:00000000 00000000     0        0 11541 1 0000000000000000 100 0 0 10 0                     
   2: 1500FEA9:CD48 3F15AD03:01BB 01 00000000:00000000 00:00000000 00000000  1001        0 592406 1 0000000000000000 20 4 30 16 -1                   
   3: 0100007F:906B 0100007F:E7F6 06 00000000:00000000 03:00001250 00000000     0        0 0 3 0000000000000000                                      
   4: 0100007F:AB29 0100007F:C934 06 00000000:00000000 03:00001250 00000000     0        0 0 3 0000000000000000                                      
   5: 1500FEA9:D41A DBA942AC:01BB 01 00000000:00000000 00:00000000 00000000  1001        0 680787 1 0000000000000000 20 4 30 10 -1                   
   6: 1500FEA9:C5FA 3F15AD03:01BB 06 00000000:00000000 03:0000029A 00000000     0        0 0 3 0000000000000000                                      
1791335525.421446
  sl  local_address rem_address   st tx_queue rx_queue tr tm->when retrnsmt   uid  timeout inode                                                     
   0: 3500007F:0035 00000000:0000 0A 00000000:00000000 00:00000000 00000000   102        0 12728 1 0000000000000000 100 0 0 10 5                     
   1: 00000000:006F 00000000:0000 0A 00000000:00000000 00:00000000 00000000     0        0 11541 1 0000000000000000 100 0 0 10 0                     
   2: 1500FEA9:CD48 3F15AD03:01BB 01 00000000:00000000 00:00000000 00000000  1001        0 592406 1 0000000000000000 20 4 30 16 -1                   
   3: 0100007F:906B 0100007F:E7F6 06 00000000:00000000 03:000011EC 00000000     0        0 0 3 0000000000000000                                      
   4: 0100007F:AB29 0100007F:C934 06 00000000:00000000 03:000011EC 00000000     0        0 0 3 0000000000000000                                      
   5: 1500FEA9:D41A DBA942AC:01BB 01 00000000:00000000 00:00000000 00000000  1001        0 680787 1 0000000000000000 20 4 30 10 -1                   
   6: 1500FEA9:C5FA 3F15AD03:01BB 06 00000000:00000000 03:00000235 00000000     0        0 0 3 0000000000000000                                      
1791335526.4226017
  sl  local_address rem_address   st tx_queue rx_queue tr tm->when retrnsmt   uid  timeout inode                                                     
   0: 3500007F:0035 00000000:0000 0A 00000000:00000000 00:00000000 00000000   102        0 12728 1 0000000000000000 100 0 0 10 5                     
   1: 00000000:006F 00000000:0000 0A 00000000:00000000 00:00000000 00000000     0        0 11541 1 0000000000000000 100 0 0 10 0                     
   2: 1500FEA9:CD48 3F15AD03:01BB 01 00000000:00000000 00:00000000 00000000  1001        0 592406 1 0000000000000000 20 4 30 16 -1                   
   3: 0100007F:906B 0100007F:E7F6 06 00000000:00000000 03:00001188 00000000     0        0 0 3 0000000000000000                                      
   4: 0100007F:AB29 0100007F:C934 06 00000000:00000000 03:00001188 00000000     0        0 0 3 0000000000000000                                      
   5: 1500FEA9:D41A DBA942AC:01BB 01 00000000:00000000 00:00000000 00000000  1001        0 680787 1 0000000000000000 20 4 30 10 -1                   
   6: 1500FEA9:C5FA 3F15AD03:01BB 06 00000000:00000000 03:000001D1 00000000     0        0 0 3 0000000000000000                                      
1791335527.4233873
  sl  local_address rem_address   st tx_queue rx_queue tr tm->when retrnsmt   uid  timeout inode                                                     
   0: 3500007F:0035 00000000:0000 0A 00000000:00000000 00:00000000 00000000   102        0 12728 1 0000000000000000 100 0 0 10 5                     
   1: 00000000:006F 00000000:0000 0A 00000000:00000000 00:00000000 00000000     0        0 11541 1 0000000000000000 100 0 0 10 0                     
   2: 1500FEA9:CD48 3F15AD03:01BB 01 00000000:00000000 00:00000000 00000000  1001        0 592406 1 0000000000000000 20 4 30 16 -1                   
   3: 0100007F:906B 0100007F:E7F6 06 00000000:00000000 03:00001124 00000000     0        0 0 3 0000000000000000                                      
   4: 0100007F:AB29 0100007F:C934 06 00000000:00000000 03:00001124 00000000     0        0 0 3 0000000000000000                                      
   5: 1500FEA9:D41A DBA942AC:01BB 01 00000000:00000000 00:00000000 00000000  1001        0 680787 1 0000000000000000 20 4 30 10 -1                   
   6: 1500FEA9:C5FA 3F15AD03:01BB 06 00000000:00000000 03:0000016D 00000000     0        0 0 3 0000000000000000                                      
1791335528.4248106
  sl  local_address rem_address   st tx_queue rx_queue tr tm->when retrnsmt   uid  timeout inode                                                     
   0: 3500007F:0035 00000000:0000 0A 00000000:00000000 00:00000000 00000000   102        0 12728 1 0000000000000000 100 0 0 10 5                     
   1: 00000000:006F 00000000:0000 0A 00000000:00000000 00:00000000 00000000     0        0 11541 1 0000000000000000 100 0 0 10 0                     
   2: 1500FEA9:CD48 3F15AD03:01BB 01 00000000:00000000 00:00000000 00000000  1001        0 592406 1 0000000000000000 20 4 30 16 -1                   
   3: 0100007F:906B 0100007F:E7F6 06 00000000:00000000 03:000010C0 00000000     0        0 0 3 0000000000000000                                      
   4: 0100007F:AB29 0100007F:C934 06 00000000:00000000 03:000010C0 00000000     0        0 0 3 0000000000000000                                      
   5: 1500FEA9:D41A DBA942AC:01BB 01 00000000:00000000 00:00000000 00000000  1001        0 680787 1 0000000000000000 20 4 30 10 -1                   
   6: 1500FEA9:C5FA 3F15AD03:01BB 06 00000000:00000000 03:00000109 00000000     0        0 0 3 0000000000000000                                      
1791335529.4265268
  sl  local_address rem_address   st tx_queue rx_queue tr tm->when retrnsmt   uid  timeout inode                                                     
   0: 3500007F:0035 00000000:0000 0A 00000000:00000000 00:00000000 00000000   102        0 12728 1 0000000000000000 100 0 0 10 5                     
   1: 00000000:006F 00000000:0000 0A 00000000:00000000 00:00000000 00000000     0        0 11541 1 0000000000000000 100 0 0 10 0                     
   2: 1500FEA9:CD48 3F15AD03:01BB 01 00000000:00000000 00:00000000 00000000  1001        0 592406 1 0000000000000000 20 4 30 16 -1                   
   3: 0100007F:906B 0100007F:E7F6 06 00000000:00000000 03:00001059 00000000     0        0 0 3 0000000000000000                                      
   4: 0100007F:AB29 0100007F:C934 06 00000000:00000000 03:00001059 00000000     0        0 0 3 0000000000000000                                      
   5: 1500FEA9:D41A DBA942AC:01BB 01 00000000:00000000 00:00000000 00000000  1001        0 680787 1 0000000000000000 20 4 30 10 -1                   
   6: 1500FEA9:C5FA 3F15AD03:01BB 06 00000000:00000000 03:000000A3 00000000     0        0 0 3 0000000000000000                                      
1791335530.4276228
  sl  local_address rem_address   st tx_queue rx_queue tr tm->when retrnsmt   uid  timeout inode                                                     
   0: 3500007F:0035 00000000:0000 0A 00000000:00000000 00:00000000 00000000   102        0 12728 1 0000000000000000 100 0 0 10 5                     
   1: 00000000:006F 00000000:0000 0A 00000000:00000000 00:00000000 00000000     0        0 11541 1 0000000000000000 100 0 0 10 0                     
   2: 1500FEA9:CD48 3F15AD03:01BB 01 00000000:00000000 00:00000000 00000000  1001        0 592406 1 0000000000000000 20 4 30 16 -1                   
   3: 0100007F:906B 0100007F:E7F6 06 00000000:00000000 03:00000FF7 00000000     0        0 0 3 0000000000000000                                      
   4: 0100007F:AB29 0100007F:C934 06 00000000:00000000 03:00000FF7 00000000     0        0 0 3 0000000000000000                                      
   5: 1500FEA9:D41A DBA942AC:01BB 01 00000000:00000000 00:00000000 00000000  1001        0 680787 1 0000000000000000 20 4 30 10 -1                   
   6: 1500FEA9:C5FA 3F15AD03:01BB 06 00000000:00000000 03:00000041 00000000     0        0 0 3 0000000000000000                                      
1791335531.4290702
  sl  local_address rem_address   st tx_queue rx_queue tr tm->when retrnsmt   uid  timeout inode                                                     
   0: 3500007F:0035 00000000:0000 0A 00000000:00000000 00:00000000 00000000   102        0 12728 1 0000000000000000 100 0 0 10 5                     
   1: 00000000:006F 00000000:0000 0A 00000000:00000000 00:00000000 00000000     0        0 11541 1 0000000000000000 100 0 0 10 0                     
   2: 1500FEA9:CD48 3F15AD03:01BB 01 00000000:00000000 00:00000000 00000000  1001        0 592406 1 0000000000000000 20 4 30 16 -1                   
   3: 0100007F:906B 0100007F:E7F6 06 00000000:00000000 03:00000F91 00000000     0        0 0 3 0000000000000000                                      
   4: 0100007F:AB29 0100007F:C934 06 00000000:00000000 03:00000F91 00000000     0        0 0 3 0000000000000000                                      
   5: 1500FEA9:D41A DBA942AC:01BB 01 00000000:00000000 00:00000000 00000000  1001        0 680787 1 0000000000000000 20 4 30 10 -1                   
   6: 1500FEA9:C5FA 3F15AD03:01BB 06 00000000:00000000 03:00000000 00000000     0        0 0 3 0000000000000000                                      
1791335532.4308264
  sl  local_address rem_address   st tx_queue rx_queue tr tm->when retrnsmt   uid  timeout inode                                                     
   0: 3500007F:0035 00000000:0000 0A 00000000:00000000 00:00000000 00000000   102        0 12728 1 0000000000000000 100 0 0 10 5                     
   1: 00000000:006F 00000000:0000 0A 00000000:00000000 00:00000000 00000000     0        0 11541 1 0000000000000000 100 0 0 10 0                     
   2: 1500FEA9:CD48 3F15AD03:01BB 01 00000000:00000000 00:00000000 00000000  1001        0 592406 1 0000000000000000 20 4 30 16 -1                   
   3: 0100007F:906B 0100007F:E7F6 06 00000000:00000000 03:00000F2D 00000000     0        0 0 3 0000000000000000                                      
   4: 0100007F:AB29 0100007F:C934 06 00000000:00000000 03:00000F2D 00000000     0        0 0 3 0000000000000000                                      
   5: 1500FEA9:D41A DBA942AC:01BB 01 00000000:00000000 00:00000000 00000000  1001        0 680787 1 0000000000000000 20 4 30 10 -1                   
   6: 1500FEA9:C5FA 3F15AD03:01BB 06 00000000:00000000 03:00000000 00000000     0        0 0 3 0000000000000000                                      
1791335533.4312627
  sl  local_address rem_address   st tx_queue rx_queue tr tm->when retrnsmt   uid  timeout inode                                                     
   0: 3500007F:0035 00000000:0000 0A 00000000:00000000 00:00000000 00000000   102        0 12728 1 0000000000000000 100 0 0 10 5                     
   1: 00000000:006F 00000000:0000 0A 00000000:00000000 00:00000000 00000000     0        0 11541 1 0000000000000000 100 0 0 10 0                     
   2: 1500FEA9:CD48 3F15AD03:01BB 01 00000000:00000000 00:00000000 00000000  1001        0 592406 1 0000000000000000 20 4 30 16 -1                   
   3: 0100007F:906B 0100007F:E7F6 06 00000000:00000000 03:00000EC9 00000000     0        0 0 3 0000000000000000                                      
   4: 0100007F:AB29 0100007F:C934 06 00000000:00000000 03:00000EC9 00000000     0        0 0 3 0000000000000000                                      
   5: 1500FEA9:D41A DBA942AC:01BB 01 00000000:00000000 00:00000000 00000000  1001        0 680787 1 0000000000000000 20 4 30 10 -1                   
1791335534.4326086
  sl  local_address rem_address   st tx_queue rx_queue tr tm->when retrnsmt   uid  timeout inode                                                     
   0: 3500007F:0035 00000000:0000 0A 00000000:00000000 00:00000000 00000000   102        0 12728 1 0000000000000000 100 0 0 10 5                     
   1: 00000000:006F 00000000:0000 0A 00000000:00000000 00:00000000 00000000     0        0 11541 1 0000000000000000 100 0 0 10 0                     
   2: 1500FEA9:CD48 3F15AD03:01BB 01 00000000:00000000 00:00000000 00000000  1001        0 592406 1 0000000000000000 20 4 30 16 -1                   
   3: 0100007F:906B 0100007F:E7F6 06 00000000:00000000 03:00000E64 00000000     0        0 0 3 0000000000000000                                      
   4: 0100007F:AB29 0100007F:C934 06 00000000:00000000 03:00000E64 00000000     0        0 0 3 0000000000000000                                      
   5: 1500FEA9:D41A DBA942AC:01BB 01 00000000:00000000 00:00000000 00000000  1001        0 680787 1 0000000000000000 20 4 30 10 -1                   
1791335535.437439
  sl  local_address rem_address   st tx_queue rx_queue tr tm->when retrnsmt   uid  timeout inode                                                     
   0: 3500007F:0035 00000000:0000 0A 00000000:00000000 00:00000000 00000000   102        0 12728 1 0000000000000000 100 0 0 10 5                     
   1: 00000000:006F 00000000:0000 0A 00000000:00000000 00:00000000 00000000     0        0 11541 1 0000000000000000 100 0 0 10 0                     
   2: 1500FEA9:CD48 3F15AD03:01BB 01 00000000:00000000 00:00000000 00000000  1001        0 592406 1 0000000000000000 20 4 30 16 -1                   
   3: 0100007F:906B 0100007F:E7F6 06 00000000:00000000 03:00000E00 00000000     0        0 0 3 0000000000000000                                      
   4: 0100007F:AB29 0100007F:C934 06 00000000:00000000 03:00000E00 00000000     0        0 0 3 0000000000000000                                      
   5: 1500FEA9:D41A DBA942AC:01BB 01 00000000:00000000 00:00000000 00000000  1001        0 680787 1 0000000000000000 20 4 30 10 -1                   
1791335536.439274
  sl  local_address rem_address   st tx_queue rx_queue tr tm->when retrnsmt   uid  timeout inode                                                     
   0: 3500007F:0035 00000000:0000 0A 00000000:00000000 00:00000000 00000000   102        0 12728 1 0000000000000000 100 0 0 10 5                     
   1: 00000000:006F 00000000:0000 0A 00000000:00000000 00:00000000 00000000     0        0 11541 1 0000000000000000 100 0 0 10 0                     
   2: 1500FEA9:CD48 3F15AD03:01BB 01 00000000:00000000 00:00000000 00000000  1001        0 592406 1 0000000000000000 20 4 30 16 -1                   
   3: 0100007F:906B 0100007F:E7F6 06 00000000:00000000 03:00000D9B 00000000     0        0 0 3 0000000000000000                                      
   4: 0100007F:AB29 0100007F:C934 06 00000000:00000000 03:00000D9B 00000000     0        0 0 3 0000000000000000                                      
   5: 1500FEA9:D41A DBA942AC:01BB 01 00000000:00000000 00:00000000 00000000  1001        0 680787 1 0000000000000000 20 4 30 10 -1                   
1791335537.440562
  sl  local_address rem_address   st tx_queue rx_queue tr tm->when retrnsmt   uid  timeout inode                                                     
   0: 3500007F:0035 00000000:0000 0A 00000000:00000000 00:00000000 00000000   102        0 12728 1 0000000000000000 100 0 0 10 5                     
   1: 00000000:006F 00000000:0000 0A 00000000:00000000 00:00000000 00000000     0        0 11541 1 0000000000000000 100 0 0 10 0                     
   2: 1500FEA9:CD48 3F15AD03:01BB 01 00000000:00000000 00:00000000 00000000  1001        0 592406 1 0000000000000000 20 4 30 16 -1                   
   3: 0100007F:906B 0100007F:E7F6 06 00000000:00000000 03:00000D3A 00000000     0        0 0 3 0000000000000000                                      
   4: 0100007F:AB29 0100007F:C934 06 00000000:00000000 03:00000D3A 00000000     0        0 0 3 0000000000000000                                      
   5: 1500FEA9:D41A DBA942AC:01BB 01 00000000:00000000 00:00000000 00000000  1001        0 680787 1 0000000000000000 20 4 30 10 -1                   
1791335538.442198
  sl  local_address rem_address   st tx_queue rx_queue tr tm->when retrnsmt   uid  timeout inode                                                     
   0: 3500007F:0035 00000000:0000 0A 00000000:00000000 00:00000000 00000000   102        0 12728 1 0000000000000000 100 0 0 10 5                     
   1: 00000000:006F 00000000:0000 0A 00000000:00000000 00:00000000 00000000     0        0 11541 1 0000000000000000 100 0 0 10 0                     
   2: 1500FEA9:CD48 3F15AD03:01BB 01 00000000:00000000 00:00000000 00000000  1001        0 592406 1 0000000000000000 20 4 30 16 -1                   
   3: 0100007F:906B 0100007F:E7F6 06 00000000:00000000 03:00000CD5 00000000     0        0 0 3 0000000000000000                                      
   4: 0100007F:AB29 0100007F:C934 06 00000000:00000000 03:00000CD5 00000000     0        0 0 3 0000000000000000                                      
   5: 1500FEA9:D41A DBA942AC:01BB 01 00000000:00000000 00:00000000 00000000  1001        0 680787 1 0000000000000000 20 4 30 10 -1                   
1791335539.4433177
  sl  local_address rem_address   st tx_queue rx_queue tr tm->when retrnsmt   uid  timeout inode                                                     
   0: 0100007F:B16B 00000000:0000 0A 00000000:00000000 00:00000000 00000000  1001        0 694243 1 0000000000000000 100 0 0 10 0                    
   1: 3500007F:0035 00000000:0000 0A 00000000:00000000 00:00000000 00000000   102        0 12728 1 0000000000000000 100 0 0 10 5                     
   2: 1500FEA9:B16B 00000000:0000 0A 00000000:00000000 00:00000000 00000000     0        0 694515 1 0000000000000000 100 0 0 10 0                    
   3: 00000000:006F 00000000:0000 0A 00000000:00000000 00:00000000 00000000     0        0 11541 1 0000000000000000 100 0 0 10 0                     
   4: 1500FEA9:CD48 3F15AD03:01BB 01 00000000:00000000 00:00000000 00000000  1001        0 592406 1 0000000000000000 20 4 30 16 -1                   
   5: 0100007F:906B 0100007F:E7F6 06 00000000:00000000 03:00000C72 00000000     0        0 0 3 0000000000000000                                      
   6: 0100007F:AB29 0100007F:C934 06 00000000:00000000 03:00000C72 00000000     0        0 0 3 0000000000000000                                      
   7: 1500FEA9:D41A DBA942AC:01BB 01 00000000:00000000 00:00000000 00000000  1001        0 680787 1 0000000000000000 20 4 30 10 -1                   
   8: 0100007F:A438 0100007F:B16B 01 00000000:00000000 00:00000000 00000000  1001        0 694245 1 0000000000000000 20 4 22 10 -1                   
   9: 0100007F:B16B 0100007F:A438 01 00000000:00000000 00:00000000 00000000  1001        0 694244 1 0000000000000000 20 4 29 10 -1                   
1791335540.4444783
  sl  local_address rem_address   st tx_queue rx_queue tr tm->when retrnsmt   uid  timeout inode                                                     
   0: 0100007F:B16B 00000000:0000 0A 00000000:00000000 00:00000000 00000000  1001        0 694243 1 0000000000000000 100 0 0 10 0                    
   1: 3500007F:0035 00000000:0000 0A 00000000:00000000 00:00000000 00000000   102        0 12728 1 0000000000000000 100 0 0 10 5                     
   2: 1500FEA9:B16B 00000000:0000 0A 00000000:00000000 00:00000000 00000000     0        0 694515 1 0000000000000000 100 0 0 10 0                    
   3: 00000000:006F 00000000:0000 0A 00000000:00000000 00:00000000 00000000     0        0 11541 1 0000000000000000 100 0 0 10 0                     
   4: 1500FEA9:CD48 3F15AD03:01BB 01 00000000:00000000 00:00000000 00000000  1001        0 592406 1 0000000000000000 20 4 30 16 -1                   
   5: 0100007F:906B 0100007F:E7F6 06 00000000:00000000 03:00000C0E 00000000     0        0 0 3 0000000000000000                                      
   6: 0100007F:AB29 0100007F:C934 06 00000000:00000000 03:00000C0E 00000000     0        0 0 3 0000000000000000                                      
   7: 1500FEA9:D41A DBA942AC:01BB 01 00000000:00000000 00:00000000 00000000  1001        0 680787 1 0000000000000000 20 4 30 10 -1                   
   8: 0100007F:A438 0100007F:B16B 01 00000000:00000000 00:00000000 00000000  1001        0 694245 1 0000000000000000 20 4 22 10 -1                   
   9: 0100007F:B16B 0100007F:A438 01 00000000:00000000 00:00000000 00000000  1001        0 694244 1 0000000000000000 20 4 29 10 -1                   
1791335541.446381
  sl  local_address rem_address   st tx_queue rx_queue tr tm->when retrnsmt   uid  timeout inode                                                     
   0: 3500007F:0035 00000000:0000 0A 00000000:00000000 00:00000000 00000000   102        0 12728 1 0000000000000000 100 0 0 10 5                     
   1: 00000000:006F 00000000:0000 0A 00000000:00000000 00:00000000 00000000     0        0 11541 1 0000000000000000 100 0 0 10 0                     
   2: 1500FEA9:CD48 3F15AD03:01BB 01 00000000:00000000 00:00000000 00000000  1001        0 592406 1 0000000000000000 20 4 30 16 -1                   
   3: 0100007F:906B 0100007F:E7F6 06 00000000:00000000 03:00000BA9 00000000     0        0 0 3 0000000000000000                                      
   4: 0100007F:AB29 0100007F:C934 06 00000000:00000000 03:00000BA9 00000000     0        0 0 3 0000000000000000                                      
   5: 1500FEA9:D41A DBA942AC:01BB 01 00000000:00000000 00:00000000 00000000  1001        0 680787 1 0000000000000000 20 4 30 10 -1                   
   6: 0100007F:B16B 0100007F:A438 06 00000000:00000000 03:0000171F 00000000     0        0 0 3 0000000000000000                                      
1791335542.4473457
  sl  local_address rem_address   st tx_queue rx_queue tr tm->when retrnsmt   uid  timeout inode                                                     
   0: 3500007F:0035 00000000:0000 0A 00000000:00000000 00:00000000 00000000   102        0 12728 1 0000000000000000 100 0 0 10 5                     
   1: 00000000:006F 00000000:0000 0A 00000000:00000000 00:00000000 00000000     0        0 11541 1 0000000000000000 100 0 0 10 0                     
   2: 1500FEA9:CD48 3F15AD03:01BB 01 00000000:00000000 00:00000000 00000000  1001        0 592406 1 0000000000000000 20 4 30 16 -1                   
   3: 0100007F:906B 0100007F:E7F6 06 00000000:00000000 03:00000B45 00000000     0        0 0 3 0000000000000000                                      
   4: 0100007F:AB29 0100007F:C934 06 00000000:00000000 03:00000B45 00000000     0        0 0 3 0000000000000000                                      
   5: 1500FEA9:D41A DBA942AC:01BB 01 00000000:00000000 00:00000000 00000000  1001        0 680787 1 0000000000000000 20 4 30 10 -1                   
   6: 0100007F:B16B 0100007F:A438 06 00000000:00000000 03:000016BB 00000000     0        0 0 3 0000000000000000                                      
1791335543.4487
  sl  local_address rem_address   st tx_queue rx_queue tr tm->when retrnsmt   uid  timeout inode                                                     
   0: 3500007F:0035 00000000:0000 0A 00000000:00000000 00:00000000 00000000   102        0 12728 1 0000000000000000 100 0 0 10 5                     
   1: 00000000:006F 00000000:0000 0A 00000000:00000000 00:00000000 00000000     0        0 11541 1 0000000000000000 100 0 0 10 0                     
   2: 1500FEA9:CD48 3F15AD03:01BB 01 00000000:00000000 00:00000000 00000000  1001        0 592406 1 0000000000000000 20 4 30 16 -1                   
   3: 0100007F:906B 0100007F:E7F6 06 00000000:00000000 03:00000ADE 00000000     0        0 0 3 0000000000000000                                      
   4: 0100007F:AB29 0100007F:C934 06 00000000:00000000 03:00000ADE 00000000     0        0 0 3 0000000000000000                                      
   5: 1500FEA9:D41A DBA942AC:01BB 01 00000000:00000000 00:00000000 00000000  1001        0 680787 1 0000000000000000 20 4 30 10 -1                   
   6: 0100007F:B16B 0100007F:A438 06 00000000:00000000 03:00001654 00000000     0        0 0 3 0000000000000000                                      
1791335544.4503703
  sl  local_address rem_address   st tx_queue rx_queue tr tm->when retrnsmt   uid  timeout inode                                                     
   0: 3500007F:0035 00000000:0000 0A 00000000:00000000 00:00000000 00000000   102        0 12728 1 0000000000000000 100 0 0 10 5                     
   1: 00000000:006F 00000000:0000 0A 00000000:00000000 00:00000000 00000000     0        0 11541 1 0000000000000000 100 0 0 10 0                     
   2: 1500FEA9:CD48 3F15AD03:01BB 01 00000000:00000000 00:00000000 00000000  1001        0 592406 1 0000000000000000 20 4 30 16 -1                   
   3: 0100007F:906B 0100007F:E7F6 06 00000000:00000000 03:00000A7C 00000000     0        0 0 3 0000000000000000                                      
   4: 0100007F:AB29 0100007F:C934 06 00000000:00000000 03:00000A7C 00000000     0        0 0 3 0000000000000000                                      
   5: 1500FEA9:D41A DBA942AC:01BB 01 00000000:00000000 00:00000000 00000000  1001        0 680787 1 0000000000000000 20 4 30 10 -1                   
   6: 0100007F:B16B 0100007F:A438 06 00000000:00000000 03:000015F2 00000000     0        0 0 3 0000000000000000                                      
1791335545.4512763
  sl  local_address rem_address   st tx_queue rx_queue tr tm->when retrnsmt   uid  timeout inode                                                     
   0: 3500007F:0035 00000000:0000 0A 00000000:00000000 00:00000000 00000000   102        0 12728 1 0000000000000000 100 0 0 10 5                     
   1: 00000000:006F 00000000:0000 0A 00000000:00000000 00:00000000 00000000     0        0 11541 1 0000000000000000 100 0 0 10 0                     
   2: 1500FEA9:CD48 3F15AD03:01BB 01 00000000:00000000 00:00000000 00000000  1001        0 592406 1 0000000000000000 20 4 30 16 -1                   
   3: 0100007F:906B 0100007F:E7F6 06 00000000:00000000 03:00000A14 00000000     0        0 0 3 0000000000000000                                      
   4: 0100007F:AB29 0100007F:C934 06 00000000:00000000 03:00000A14 00000000     0        0 0 3 0000000000000000                                      
   5: 1500FEA9:D41A DBA942AC:01BB 01 00000000:00000000 00:00000000 00000000  1001        0 680787 1 0000000000000000 20 4 30 10 -1                   
   6: 0100007F:B16B 0100007F:A438 06 00000000:00000000 03:0000158A 00000000     0        0 0 3 0000000000000000                                      
1791335546.4525633
  sl  local_address rem_address   st tx_queue rx_queue tr tm->when retrnsmt   uid  timeout inode                                                     
   0: 3500007F:0035 00000000:0000 0A 00000000:00000000 00:00000000 00000000   102        0 12728 1 0000000000000000 100 0 0 10 5                     
   1: 00000000:006F 00000000:0000 0A 00000000:00000000 00:00000000 00000000     0        0 11541 1 0000000000000000 100 0 0 10 0                     
   2: 1500FEA9:CD48 3F15AD03:01BB 01 00000000:00000000 00:00000000 00000000  1001        0 592406 1 0000000000000000 20 4 30 16 -1                   
   3: 0100007F:906B 0100007F:E7F6 06 00000000:00000000 03:000009B3 00000000     0        0 0 3 0000000000000000                                      
   4: 0100007F:AB29 0100007F:C934 06 00000000:00000000 03:000009B3 00000000     0        0 0 3 0000000000000000                                      
   5: 1500FEA9:D41A DBA942AC:01BB 01 00000000:00000000 00:00000000 00000000  1001        0 680787 1 0000000000000000 20 4 30 10 -1                   
   6: 0100007F:B16B 0100007F:A438 06 00000000:00000000 03:00001529 00000000     0        0 0 3 0000000000000000                                      
1791335547.4541852
  sl  local_address rem_address   st tx_queue rx_queue tr tm->when retrnsmt   uid  timeout inode                                                     
   0: 3500007F:0035 00000000:0000 0A 00000000:00000000 00:00000000 00000000   102        0 12728 1 0000000000000000 100 0 0 10 5                     
   1: 00000000:006F 00000000:0000 0A 00000000:00000000 00:00000000 00000000     0        0 11541 1 0000000000000000 100 0 0 10 0                     
   2: 1500FEA9:CD48 3F15AD03:01BB 01 00000000:00000000 00:00000000 00000000  1001        0 592406 1 0000000000000000 20 4 30 16 -1                   
   3: 0100007F:906B 0100007F:E7F6 06 00000000:00000000 03:0000094F 00000000     0        0 0 3 0000000000000000                                      
   4: 0100007F:AB29 0100007F:C934 06 00000000:00000000 03:0000094F 00000000     0        0 0 3 0000000000000000                                      
   5: 1500FEA9:D41A DBA942AC:01BB 01 00000000:00000000 00:00000000 00000000  1001        0 680787 1 0000000000000000 20 4 30 10 -1                   
   6: 0100007F:B16B 0100007F:A438 06 00000000:00000000 03:000014C5 00000000     0        0 0 3 0000000000000000                                      
1791335548.4553325
  sl  local_address rem_address   st tx_queue rx_queue tr tm->when retrnsmt   uid  timeout inode                                                     
   0: 3500007F:0035 00000000:0000 0A 00000000:00000000 00:00000000 00000000   102        0 12728 1 0000000000000000 100 0 0 10 5                     
   1: 00000000:006F 00000000:0000 0A 00000000:00000000 00:00000000 00000000     0        0 11541 1 0000000000000000 100 0 0 10 0                     
   2: 1500FEA9:CD48 3F15AD03:01BB 01 00000000:00000000 00:00000000 00000000  1001        0 592406 1 0000000000000000 20 4 30 16 -1                   
   3: 0100007F:906B 0100007F:E7F6 06 00000000:00000000 03:000008EC 00000000     0        0 0 3 0000000000000000                                      
   4: 0100007F:AB29 0100007F:C934 06 00000000:00000000 03:000008EC 00000000     0        0 0 3 0000000000000000                                      
   5: 1500FEA9:D41A DBA942AC:01BB 01 00000000:00000000 00:00000000 00000000  1001        0 680787 1 0000000000000000 20 4 30 10 -1                   
   6: 0100007F:B16B 0100007F:A438 06 00000000:00000000 03:00001462 00000000     0        0 0 3 0000000000000000                                      
1791335549.456681
  sl  local_address rem_address   st tx_queue rx_queue tr tm->when retrnsmt   uid  timeout inode                                                     
   0: 3500007F:0035 00000000:0000 0A 00000000:00000000 00:00000000 00000000   102        0 12728 1 0000000000000000 100 0 0 10 5                     
   1: 00000000:006F 00000000:0000 0A 00000000:00000000 00:00000000 00000000     0        0 11541 1 0000000000000000 100 0 0 10 0                     
   2: 1500FEA9:CD48 3F15AD03:01BB 01 00000000:00000000 00:00000000 00000000  1001        0 592406 1 0000000000000000 20 4 30 16 -1                   
   3: 0100007F:906B 0100007F:E7F6 06 00000000:00000000 03:00000886 00000000     0        0 0 3 0000000000000000                                      
   4: 0100007F:AB29 0100007F:C934 06 00000000:00000000 03:00000886 00000000     0        0 0 3 0000000000000000                                      
   5: 1500FEA9:D41A DBA942AC:01BB 01 00000000:00000000 00:00000000 00000000  1001        0 680787 1 0000000000000000 20 4 30 10 -1                   
   6: 0100007F:B16B 0100007F:A438 06 00000000:00000000 03:000013FC 00000000     0        0 0 3 0000000000000000                                      
1791335550.4583468
  sl  local_address rem_address   st tx_queue rx_queue tr tm->when retrnsmt   uid  timeout inode                                                     
   0: 3500007F:0035 00000000:0000 0A 00000000:00000000 00:00000000 00000000   102        0 12728 1 0000000000000000 100 0 0 10 5                     
   1: 00000000:006F 00000000:0000 0A 00000000:00000000 00:00000000 00000000     0        0 11541 1 0000000000000000 100 0 0 10 0                     
   2: 1500FEA9:CD48 3F15AD03:01BB 01 00000000:00000000 00:00000000 00000000  1001        0 592406 1 0000000000000000 20 4 30 16 -1                   
   3: 0100007F:906B 0100007F:E7F6 06 00000000:00000000 03:00000822 00000000     0        0 0 3 0000000000000000                                      
   4: 0100007F:AB29 0100007F:C934 06 00000000:00000000 03:00000822 00000000     0        0 0 3 0000000000000000                                      
   5: 1500FEA9:D41A DBA942AC:01BB 01 00000000:00000000 00:00000000 00000000  1001        0 680787 1 0000000000000000 20 4 30 10 -1                   
   6: 0100007F:B16B 0100007F:A438 06 00000000:00000000 03:00001398 00000000     0        0 0 3 0000000000000000                                      
1791335551.4592917
  sl  local_address rem_address   st tx_queue rx_queue tr tm->when retrnsmt   uid  timeout inode                                                     
   0: 3500007F:0035 00000000:0000 0A 00000000:00000000 00:00000000 00000000   102        0 12728 1 0000000000000000 100 0 0 10 5                     
   1: 00000000:006F 00000000:0000 0A 00000000:00000000 00:00000000 00000000     0        0 11541 1 0000000000000000 100 0 0 10 0                     
   2: 1500FEA9:CD48 3F15AD03:01BB 01 00000000:00000000 00:00000000 00000000  1001        0 592406 1 0000000000000000 20 4 30 16 -1                   
   3: 0100007F:906B 0100007F:E7F6 06 00000000:00000000 03:000007BE 00000000     0        0 0 3 0000000000000000                                      
   4: 0100007F:AB29 0100007F:C934 06 00000000:00000000 03:000007BE 00000000     0        0 0 3 0000000000000000                                      
   5: 1500FEA9:D41A DBA942AC:01BB 01 00000000:00000000 00:00000000 00000000  1001        0 680787 1 0000000000000000 20 4 30 10 -1                   
   6: 0100007F:B16B 0100007F:A438 06 00000000:00000000 03:00001334 00000000     0        0 0 3 0000000000000000                                      
1791335552.460595
  sl  local_address rem_address   st tx_queue rx_queue tr tm->when retrnsmt   uid  timeout inode                                                     
   0: 3500007F:0035 00000000:0000 0A 00000000:00000000 00:00000000 00000000   102        0 12728 1 0000000000000000 100 0 0 10 5                     
   1: 00000000:006F 00000000:0000 0A 00000000:00000000 00:00000000 00000000     0        0 11541 1 0000000000000000 100 0 0 10 0                     
   2: 1500FEA9:CD48 3F15AD03:01BB 01 00000000:00000000 00:00000000 00000000  1001        0 592406 1 0000000000000000 20 4 30 16 -1                   
   3: 0100007F:906B 0100007F:E7F6 06 00000000:00000000 03:0000075A 00000000     0        0 0 3 0000000000000000                                      
   4: 0100007F:AB29 0100007F:C934 06 00000000:00000000 03:0000075A 00000000     0        0 0 3 0000000000000000                                      
   5: 1500FEA9:D41A DBA942AC:01BB 01 00000000:00000000 00:00000000 00000000  1001        0 680787 1 0000000000000000 20 4 30 10 -1                   
   6: 0100007F:B16B 0100007F:A438 06 00000000:00000000 03:000012D0 00000000     0        0 0 3 0000000000000000                                      
1791335553.4616814
  sl  local_address rem_address   st tx_queue rx_queue tr tm->when retrnsmt   uid  timeout inode                                                     
   0: 3500007F:0035 00000000:0000 0A 00000000:00000000 00:00000000 00000000   102        0 12728 1 0000000000000000 100 0 0 10 5                     
   1: 00000000:006F 00000000:0000 0A 00000000:00000000 00:00000000 00000000     0        0 11541 1 0000000000000000 100 0 0 10 0                     
   2: 1500FEA9:CD48 3F15AD03:01BB 01 00000000:00000000 00:00000000 00000000  1001        0 592406 1 0000000000000000 20 4 30 16 -1                   
   3: 0100007F:9485 0100007F:9F88 06 00000000:00000000 03:0000172F 00000000     0        0 0 3 0000000000000000                                      
   4: 0100007F:906B 0100007F:E7F6 06 00000000:00000000 03:000006F8 00000000     0        0 0 3 0000000000000000                                      
   5: 0100007F:AB29 0100007F:C934 06 00000000:00000000 03:000006F8 00000000     0        0 0 3 0000000000000000                                      
   6: 1500FEA9:D41A DBA942AC:01BB 01 00000000:00000000 00:00000000 00000000  1001        0 680787 1 0000000000000000 20 4 30 10 -1                   
   7: 0100007F:8507 0100007F:B138 06 00000000:00000000 03:0000172F 00000000     0        0 0 3 0000000000000000                                      
   8: 0100007F:B16B 0100007F:A438 06 00000000:00000000 03:0000126E 00000000     0        0 0 3 0000000000000000                                      
1791335554.462814
  sl  local_address rem_address   st tx_queue rx_queue tr tm->when retrnsmt   uid  timeout inode                                                     
   0: 3500007F:0035 00000000:0000 0A 00000000:00000000 00:00000000 00000000   102        0 12728 1 0000000000000000 100 0 0 10 5                     
   1: 00000000:006F 00000000:0000 0A 00000000:00000000 00:00000000 00000000     0        0 11541 1 0000000000000000 100 0 0 10 0                     
   2: 1500FEA9:CD48 3F15AD03:01BB 01 00000000:00000000 00:00000000 00000000  1001        0 592406 1 0000000000000000 20 4 30 16 -1                   
   3: 0100007F:9485 0100007F:9F88 06 00000000:00000000 03:000016CB 00000000     0        0 0 3 0000000000000000                                      
   4: 0100007F:906B 0100007F:E7F6 06 00000000:00000000 03:00000694 00000000     0        0 0 3 0000000000000000                                      
   5: 0100007F:AB29 0100007F:C934 06 00000000:00000000 03:00000694 00000000     0        0 0 3 0000000000000000                                      
   6: 1500FEA9:D41A DBA942AC:01BB 01 00000000:00000000 00:00000000 00000000  1001        0 680787 1 0000000000000000 20 4 30 10 -1                   
   7: 0100007F:8507 0100007F:B138 06 00000000:00000000 03:000016CB 00000000     0        0 0 3 0000000000000000                                      
   8: 0100007F:B16B 0100007F:A438 06 00000000:00000000 03:0000120A 00000000     0        0 0 3 0000000000000000                                      
1791335555.4639015
  sl  local_address rem_address   st tx_queue rx_queue tr tm->when retrnsmt   uid  timeout inode                                                     
   0: 3500007F:0035 00000000:0000 0A 00000000:00000000 00:00000000 00000000   102        0 12728 1 0000000000000000 100 0 0 10 5                     
   1: 00000000:006F 00000000:0000 0A 00000000:00000000 00:00000000 00000000     0        0 11541 1 0000000000000000 100 0 0 10 0                     
   2: 1500FEA9:CD48 3F15AD03:01BB 01 00000000:00000000 00:00000000 00000000  1001        0 592406 1 0000000000000000 20 4 30 16 -1                   
   3: 0100007F:9485 0100007F:9F88 06 00000000:00000000 03:00001667 00000000     0        0 0 3 0000000000000000                                      
   4: 0100007F:906B 0100007F:E7F6 06 00000000:00000000 03:00000630 00000000     0        0 0 3 0000000000000000                                      
   5: 0100007F:AB29 0100007F:C934 06 00000000:00000000 03:00000630 00000000     0        0 0 3 0000000000000000                                      
   6: 1500FEA9:D41A DBA942AC:01BB 01 00000000:00000000 00:00000000 00000000  1001        0 680787 1 0000000000000000 20 4 30 10 -1                   
   7: 0100007F:8507 0100007F:B138 06 00000000:00000000 03:00001667 00000000     0        0 0 3 0000000000000000                                      
   8: 0100007F:B16B 0100007F:A438 06 00000000:00000000 03:000011A6 00000000     0        0 0 3 0000000000000000                                      
1791335556.4650648
  sl  local_address rem_address   st tx_queue rx_queue tr tm->when retrnsmt   uid  timeout inode                                                     
   0: 3500007F:0035 00000000:0000 0A 00000000:00000000 00:00000000 00000000   102        0 12728 1 0000000000000000 100 0 0 10 5                     
   1: 00000000:006F 00000000:0000 0A 00000000:00000000 00:00000000 00000000     0        0 11541 1 0000000000000000 100 0 0 10 0                     
   2: 1500FEA9:CD48 3F15AD03:01BB 01 00000000:00000000 00:00000000 00000000  1001        0 592406 1 0000000000000000 20 4 30 16 -1                   
   3: 0100007F:9485 0100007F:9F88 06 00000000:00000000 03:00001603 00000000     0        0 0 3 0000000000000000                                      
   4: 0100007F:906B 0100007F:E7F6 06 00000000:00000000 03:000005CC 00000000     0        0 0 3 0000000000000000                                      
   5: 0100007F:AB29 0100007F:C934 06 00000000:00000000 03:000005CC 00000000     0        0 0 3 0000000000000000                                      
   6: 1500FEA9:D41A DBA942AC:01BB 01 00000000:00000000 00:00000000 00000000  1001        0 680787 1 0000000000000000 20 4 30 10 -1                   
   7: 0100007F:8507 0100007F:B138 06 00000000:00000000 03:00001603 00000000     0        0 0 3 0000000000000000                                      
   8: 0100007F:B16B 0100007F:A438 06 00000000:00000000 03:00001142 00000000     0        0 0 3 0000000000000000                                      
1791335557.466203
  sl  local_address rem_address   st tx_queue rx_queue tr tm->when retrnsmt   uid  timeout inode                                                     
   0: 3500007F:0035 00000000:0000 0A 00000000:00000000 00:00000000 00000000   102        0 12728 1 0000000000000000 100 0 0 10 5                     
   1: 00000000:006F 00000000:0000 0A 00000000:00000000 00:00000000 00000000     0        0 11541 1 0000000000000000 100 0 0 10 0                     
   2: 1500FEA9:CD48 3F15AD03:01BB 01 00000000:00000000 00:00000000 00000000  1001        0 592406 1 0000000000000000 20 4 30 16 -1                   
   3: 0100007F:9485 0100007F:9F88 06 00000000:00000000 03:0000159F 00000000     0        0 0 3 0000000000000000                                      
   4: 0100007F:906B 0100007F:E7F6 06 00000000:00000000 03:00000568 00000000     0        0 0 3 0000000000000000                                      
   5: 0100007F:AB29 0100007F:C934 06 00000000:00000000 03:00000568 00000000     0        0 0 3 0000000000000000                                      
   6: 1500FEA9:D41A DBA942AC:01BB 01 00000000:00000000 00:00000000 00000000  1001        0 680787 1 0000000000000000 20 4 30 10 -1                   
   7: 0100007F:8507 0100007F:B138 06 00000000:00000000 03:0000159F 00000000     0        0 0 3 0000000000000000                                      
   8: 0100007F:B16B 0100007F:A438 06 00000000:00000000 03:000010DE 00000000     0        0 0 3 0000000000000000                                      
1791335558.4673464
  sl  local_address rem_address   st tx_queue rx_queue tr tm->when retrnsmt   uid  timeout inode                                                     
   0: 3500007F:0035 00000000:0000 0A 00000000:00000000 00:00000000 00000000   102        0 12728 1 0000000000000000 100 0 0 10 5                     
   1: 00000000:006F 00000000:0000 0A 00000000:00000000 00:00000000 00000000     0        0 11541 1 0000000000000000 100 0 0 10 0                     
   2: 1500FEA9:CD48 3F15AD03:01BB 01 00000000:00000000 00:00000000 00000000  1001        0 592406 1 0000000000000000 20 4 30 16 -1                   
   3: 0100007F:9485 0100007F:9F88 06 00000000:00000000 03:0000153A 00000000     0        0 0 3 0000000000000000                                      
   4: 0100007F:906B 0100007F:E7F6 06 00000000:00000000 03:00000503 00000000     0        0 0 3 0000000000000000                                      
   5: 0100007F:AB29 0100007F:C934 06 00000000:00000000 03:00000503 00000000     0        0 0 3 0000000000000000                                      
   6: 1500FEA9:D41A DBA942AC:01BB 01 00000000:00000000 00:00000000 00000000  1001        0 680787 1 0000000000000000 20 4 30 10 -1                   
   7: 0100007F:8507 0100007F:B138 06 00000000:00000000 03:0000153A 00000000     0        0 0 3 0000000000000000                                      
   8: 0100007F:B16B 0100007F:A438 06 00000000:00000000 03:00001079 00000000     0        0 0 3 0000000000000000                                      
1791335559.4684637
  sl  local_address rem_address   st tx_queue rx_queue tr tm->when retrnsmt   uid  timeout inode                                                     
   0: 3500007F:0035 00000000:0000 0A 00000000:00000000 00:00000000 00000000   102        0 12728 1 0000000000000000 100 0 0 10 5                     
   1: 00000000:006F 00000000:0000 0A 00000000:00000000 00:00000000 00000000     0        0 11541 1 0000000000000000 100 0 0 10 0                     
   2: 1500FEA9:CD48 3F15AD03:01BB 01 00000000:00000000 00:00000000 00000000  1001        0 592406 1 0000000000000000 20 4 30 16 -1                   
   3: 0100007F:9485 0100007F:9F88 06 00000000:00000000 03:000014D6 00000000     0        0 0 3 0000000000000000                                      
   4: 0100007F:906B 0100007F:E7F6 06 00000000:00000000 03:0000049F 00000000     0        0 0 3 0000000000000000                                      
   5: 0100007F:AB29 0100007F:C934 06 00000000:00000000 03:0000049F 00000000     0        0 0 3 0000000000000000                                      
   6: 1500FEA9:D41A DBA942AC:01BB 01 00000000:00000000 00:00000000 00000000  1001        0 680787 1 0000000000000000 20 4 30 10 -1                   
   7: 0100007F:8507 0100007F:B138 06 00000000:00000000 03:000014D6 00000000     0        0 0 3 0000000000000000                                      
   8: 0100007F:B16B 0100007F:A438 06 00000000:00000000 03:00001015 00000000     0        0 0 3 0000000000000000                                      
1791335560.4696507
  sl  local_address rem_address   st tx_queue rx_queue tr tm->when retrnsmt   uid  timeout inode                                                     
   0: 3500007F:0035 00000000:0000 0A 00000000:00000000 00:00000000 00000000   102        0 12728 1 0000000000000000 100 0 0 10 5                     
   1: 00000000:006F 00000000:0000 0A 00000000:00000000 00:00000000 00000000     0        0 11541 1 0000000000000000 100 0 0 10 0                     
   2: 1500FEA9:CD48 3F15AD03:01BB 01 00000000:00000000 00:00000000 00000000  1001        0 592406 1 0000000000000000 20 4 30 16 -1                   
   3: 0100007F:9485 0100007F:9F88 06 00000000:00000000 03:00001472 00000000     0        0 0 3 0000000000000000                                      
   4: 0100007F:906B 0100007F:E7F6 06 00000000:00000000 03:0000043B 00000000     0        0 0 3 0000000000000000                                      
   5: 0100007F:AB29 0100007F:C934 06 00000000:00000000 03:0000043B 00000000     0        0 0 3 0000000000000000                                      
   6: 1500FEA9:D41A DBA942AC:01BB 01 00000000:00000000 00:00000000 00000000  1001        0 680787 1 0000000000000000 20 4 30 10 -1                   
   7: 0100007F:8507 0100007F:B138 06 00000000:00000000 03:00001472 00000000     0        0 0 3 0000000000000000                                      
   8: 0100007F:B16B 0100007F:A438 06 00000000:00000000 03:00000FB1 00000000     0        0 0 3 0000000000000000                                      
1791335561.4707775
  sl  local_address rem_address   st tx_queue rx_queue tr tm->when retrnsmt   uid  timeout inode                                                     
   0: 3500007F:0035 00000000:0000 0A 00000000:00000000 00:00000000 00000000   102        0 12728 1 0000000000000000 100 0 0 10 5                     
   1: 00000000:006F 00000000:0000 0A 00000000:00000000 00:00000000 00000000     0        0 11541 1 0000000000000000 100 0 0 10 0                     
   2: 1500FEA9:CD48 3F15AD03:01BB 01 00000000:00000000 00:00000000 00000000  1001        0 592406 1 0000000000000000 20 4 30 16 -1                   
   3: 0100007F:9485 0100007F:9F88 06 00000000:00000000 03:0000140E 00000000     0        0 0 3 0000000000000000                                      
   4: 0100007F:906B 0100007F:E7F6 06 00000000:00000000 03:000003D7 00000000     0        0 0 3 0000000000000000                                      
   5: 0100007F:AB29 0100007F:C934 06 00000000:00000000 03:000003D7 00000000     0        0 0 3 0000000000000000                                      
   6: 1500FEA9:D41A DBA942AC:01BB 01 00000000:00000000 00:00000000 00000000  1001        0 680787 1 0000000000000000 20 4 30 10 -1                   
   7: 0100007F:8507 0100007F:B138 06 00000000:00000000 03:0000140E 00000000     0        0 0 3 0000000000000000                                      
   8: 0100007F:B16B 0100007F:A438 06 00000000:00000000 03:00000F4D 00000000     0        0 0 3 0000000000000000                                      
1791335562.4719338
  sl  local_address rem_address   st tx_queue rx_queue tr tm->when retrnsmt   uid  timeout inode                                                     
   0: 3500007F:0035 00000000:0000 0A 00000000:00000000 00:00000000 00000000   102        0 12728 1 0000000000000000 100 0 0 10 5                     
   1: 00000000:006F 00000000:0000 0A 00000000:00000000 00:00000000 00000000     0        0 11541 1 0000000000000000 100 0 0 10 0                     
   2: 1500FEA9:CD48 3F15AD03:01BB 01 00000000:00000000 00:00000000 00000000  1001        0 592406 1 0000000000000000 20 4 30 16 -1                   
   3: 0100007F:9485 0100007F:9F88 06 00000000:00000000 03:000013AA 00000000     0        0 0 3 0000000000000000                                      
   4: 0100007F:906B 0100007F:E7F6 06 00000000:00000000 03:00000373 00000000     0        0 0 3 0000000000000000                                      
   5: 0100007F:AB29 0100007F:C934 06 00000000:00000000 03:00000373 00000000     0        0 0 3 0000000000000000                                      
   6: 1500FEA9:D41A DBA942AC:01BB 01 00000000:00000000 00:00000000 00000000  1001        0 680787 1 0000000000000000 20 4 30 10 -1                   
   7: 0100007F:8507 0100007F:B138 06 00000000:00000000 03:000013AA 00000000     0        0 0 3 0000000000000000                                      
   8: 0100007F:B16B 0100007F:A438 06 00000000:00000000 03:00000EE9 00000000     0        0 0 3 0000000000000000                                      
1791335563.477024
  sl  local_address rem_address   st tx_queue rx_queue tr tm->when retrnsmt   uid  timeout inode                                                     
   0: 3500007F:0035 00000000:0000 0A 00000000:00000000 00:00000000 00000000   102        0 12728 1 0000000000000000 100 0 0 10 5                     
   1: 00000000:006F 00000000:0000 0A 00000000:00000000 00:00000000 00000000     0        0 11541 1 0000000000000000 100 0 0 10 0                     
   2: 1500FEA9:CD48 3F15AD03:01BB 01 00000000:00000000 00:00000000 00000000  1001        0 592406 1 0000000000000000 20 4 30 16 -1                   
   3: 0100007F:9485 0100007F:9F88 06 00000000:00000000 03:00001346 00000000     0        0 0 3 0000000000000000                                      
   4: 0100007F:906B 0100007F:E7F6 06 00000000:00000000 03:0000030E 00000000     0        0 0 3 0000000000000000                                      
   5: 0100007F:AB29 0100007F:C934 06 00000000:00000000 03:0000030E 00000000     0        0 0 3 0000000000000000                                      
   6: 1500FEA9:D41A DBA942AC:01BB 01 00000000:00000000 00:00000000 00000000  1001        0 680787 1 0000000000000000 20 4 30 10 -1                   
   7: 0100007F:8507 0100007F:B138 06 00000000:00000000 03:00001346 00000000     0        0 0 3 0000000000000000                                      
   8: 0100007F:B16B 0100007F:A438 06 00000000:00000000 03:00000E84 00000000     0        0 0 3 0000000000000000                                      
1791335564.4781284
  sl  local_address rem_address   st tx_queue rx_queue tr tm->when retrnsmt   uid  timeout inode                                                     
   0: 3500007F:0035 00000000:0000 0A 00000000:00000000 00:00000000 00000000   102        0 12728 1 0000000000000000 100 0 0 10 5                     
   1: 00000000:006F 00000000:0000 0A 00000000:00000000 00:00000000 00000000     0        0 11541 1 0000000000000000 100 0 0 10 0                     
   2: 1500FEA9:CD48 3F15AD03:01BB 01 00000000:00000000 00:00000000 00000000  1001        0 592406 1 0000000000000000 20 4 30 16 -1                   
   3: 0100007F:9485 0100007F:9F88 06 00000000:00000000 03:000012E1 00000000     0        0 0 3 0000000000000000                                      
   4: 0100007F:906B 0100007F:E7F6 06 00000000:00000000 03:000002AA 00000000     0        0 0 3 0000000000000000                                      
   5: 0100007F:AB29 0100007F:C934 06 00000000:00000000 03:000002AA 00000000     0        0 0 3 0000000000000000                                      
   6: 1500FEA9:D41A DBA942AC:01BB 01 00000000:00000000 00:00000000 00000000  1001        0 680787 1 0000000000000000 20 4 30 10 -1                   
   7: 0100007F:8507 0100007F:B138 06 00000000:00000000 03:000012E1 00000000     0        0 0 3 0000000000000000                                      
   8: 0100007F:B16B 0100007F:A438 06 00000000:00000000 03:00000E20 00000000     0        0 0 3 0000000000000000                                      
1791335565.479241
  sl  local_address rem_address   st tx_queue rx_queue tr tm->when retrnsmt   uid  timeout inode                                                     
   0: 3500007F:0035 00000000:0000 0A 00000000:00000000 00:00000000 00000000   102        0 12728 1 0000000000000000 100 0 0 10 5                     
   1: 00000000:006F 00000000:0000 0A 00000000:00000000 00:00000000 00000000     0        0 11541 1 0000000000000000 100 0 0 10 0                     
   2: 1500FEA9:CD48 3F15AD03:01BB 01 00000000:00000000 00:00000000 00000000  1001        0 592406 1 0000000000000000 20 4 30 16 -1                   
   3: 0100007F:9485 0100007F:9F88 06 00000000:00000000 03:0000127D 00000000     0        0 0 3 0000000000000000                                      
   4: 1500FEA9:9F3C 3F15AD03:01BB 01 00000000:00000000 00:00000000 00000000  1001        0 697219 2 0000000000000000 20 4 29 30 -1                   
   5: 0100007F:906B 0100007F:E7F6 06 00000000:00000000 03:00000246 00000000     0        0 0 3 0000000000000000                                      
   6: 0100007F:AB29 0100007F:C934 06 00000000:00000000 03:00000246 00000000     0        0 0 3 0000000000000000                                      
   7: 1500FEA9:D41A DBA942AC:01BB 01 00000000:00000000 00:00000000 00000000  1001        0 680787 1 0000000000000000 20 4 30 10 -1                   
   8: 0100007F:8507 0100007F:B138 06 00000000:00000000 03:0000127D 00000000     0        0 0 3 0000000000000000                                      
   9: 0100007F:B16B 0100007F:A438 06 00000000:00000000 03:00000DBC 00000000     0        0 0 3 0000000000000000                                      
1791335566.4807322
  sl  local_address rem_address   st tx_queue rx_queue tr tm->when retrnsmt   uid  timeout inode                                                     
   0: 3500007F:0035 00000000:0000 0A 00000000:00000000 00:00000000 00000000   102        0 12728 1 0000000000000000 100 0 0 10 5                     
   1: 00000000:006F 00000000:0000 0A 00000000:00000000 00:00000000 00000000     0        0 11541 1 0000000000000000 100 0 0 10 0                     
   2: 1500FEA9:CD48 3F15AD03:01BB 01 00000000:00000000 00:00000000 00000000  1001        0 592406 1 0000000000000000 20 4 30 16 -1                   
   3: 0100007F:9485 0100007F:9F88 06 00000000:00000000 03:00001219 00000000     0        0 0 3 0000000000000000                                      
   4: 1500FEA9:9F3C 3F15AD03:01BB 01 00000000:00000000 00:00000000 00000000  1001        0 697219 2 0000000000000000 20 4 0 30 -1                    
   5: 0100007F:906B 0100007F:E7F6 06 00000000:00000000 03:000001E2 00000000     0        0 0 3 0000000000000000                                      
   6: 0100007F:AB29 0100007F:C934 06 00000000:00000000 03:000001E2 00000000     0        0 0 3 0000000000000000                                      
   7: 1500FEA9:D41A DBA942AC:01BB 01 00000000:00000000 00:00000000 00000000  1001        0 680787 1 0000000000000000 20 4 30 10 -1                   
   8: 0100007F:8507 0100007F:B138 06 00000000:00000000 03:00001219 00000000     0        0 0 3 0000000000000000                                      
   9: 0100007F:B16B 0100007F:A438 06 00000000:00000000 03:00000D58 00000000     0        0 0 3 0000000000000000                                      
1791335567.481858
  sl  local_address rem_address   st tx_queue rx_queue tr tm->when retrnsmt   uid  timeout inode                                                     
   0: 3500007F:0035 00000000:0000 0A 00000000:00000000 00:00000000 00000000   102        0 12728 1 0000000000000000 100 0 0 10 5                     
   1: 00000000:006F 00000000:0000 0A 00000000:00000000 00:00000000 00000000     0        0 11541 1 0000000000000000 100 0 0 10 0                     
   2: 1500FEA9:CD48 3F15AD03:01BB 01 00000000:00000000 00:00000000 00000000  1001        0 592406 1 0000000000000000 20 4 30 16 -1                   
   3: 0100007F:9485 0100007F:9F88 06 00000000:00000000 03:000011B5 00000000     0        0 0 3 0000000000000000                                      
   4: 0100007F:906B 0100007F:E7F6 06 00000000:00000000 03:0000017E 00000000     0        0 0 3 0000000000000000                                      
   5: 0100007F:AB29 0100007F:C934 06 00000000:00000000 03:0000017E 00000000     0        0 0 3 0000000000000000                                      
   6: 1500FEA9:D41A DBA942AC:01BB 01 00000000:00000000 00:00000000 00000000  1001        0 680787 1 0000000000000000 20 4 30 10 -1                   
   7: 0100007F:8507 0100007F:B138 06 00000000:00000000 03:000011B5 00000000     0        0 0 3 0000000000000000                                      
   8: 0100007F:B16B 0100007F:A438 06 00000000:00000000 03:00000CF4 00000000     0        0 0 3 0000000000000000                                      
1791335568.4830005
  sl  local_address rem_address   st tx_queue rx_queue tr tm->when retrnsmt   uid  timeout inode                                                     
   0: 3500007F:0035 00000000:0000 0A 00000000:00000000 00:00000000 00000000   102        0 12728 1 0000000000000000 100 0 0 10 5                     
   1: 00000000:006F 00000000:0000 0A 00000000:00000000 00:00000000 00000000     0        0 11541 1 0000000000000000 100 0 0 10 0                     
   2: 1500FEA9:CD48 3F15AD03:01BB 01 00000000:00000000 00:00000000 00000000  1001        0 592406 1 0000000000000000 20 4 30 16 -1                   
   3: 0100007F:9485 0100007F:9F88 06 00000000:00000000 03:00001151 00000000     0        0 0 3 0000000000000000                                      
   4: 0100007F:906B 0100007F:E7F6 06 00000000:00000000 03:0000011A 00000000     0        0 0 3 0000000000000000                                      
   5: 0100007F:AB29 0100007F:C934 06 00000000:00000000 03:0000011A 00000000     0        0 0 3 0000000000000000                                      
   6: 1500FEA9:D41A DBA942AC:01BB 01 00000000:00000000 00:00000000 00000000  1001        0 680787 1 0000000000000000 20 4 30 10 -1                   
   7: 0100007F:8507 0100007F:B138 06 00000000:00000000 03:00001151 00000000     0        0 0 3 0000000000000000                                      
   8: 0100007F:B16B 0100007F:A438 06 00000000:00000000 03:00000C90 00000000     0        0 0 3 0000000000000000                                      
   9: 1500FEA9:9F4A 3F15AD03:01BB 01 00000000:00000000 00:00000000 00000000  1001        0 697264 1 0000000000000000 20 4 20 32 -1                   
1791335569.4841323
  sl  local_address rem_address   st tx_queue rx_queue tr tm->when retrnsmt   uid  timeout inode                                                     
   0: 3500007F:0035 00000000:0000 0A 00000000:00000000 00:00000000 00000000   102        0 12728 1 0000000000000000 100 0 0 10 5                     
   1: 00000000:006F 00000000:0000 0A 00000000:00000000 00:00000000 00000000     0        0 11541 1 0000000000000000 100 0 0 10 0                     
   2: 1500FEA9:CD48 3F15AD03:01BB 01 00000000:00000000 00:00000000 00000000  1001        0 592406 1 0000000000000000 20 4 30 16 -1                   
   3: 0100007F:9485 0100007F:9F88 06 00000000:00000000 03:000010ED 00000000     0        0 0 3 0000000000000000                                      
   4: 1500FEA9:9F58 3F15AD03:01BB 01 00000000:00000000 00:00000000 00000000  1001        0 697296 1 0000000000000000 20 4 30 32 -1                   
   5: 0100007F:906B 0100007F:E7F6 06 00000000:00000000 03:000000B6 00000000     0        0 0 3 0000000000000000                                      
   6: 0100007F:AB29 0100007F:C934 06 00000000:00000000 03:000000B6 00000000     0        0 0 3 0000000000000000                                      
   7: 1500FEA9:D41A DBA942AC:01BB 01 00000000:00000000 00:00000000 00000000  1001        0 680787 1 0000000000000000 20 4 30 10 -1                   
   8: 0100007F:8507 0100007F:B138 06 00000000:00000000 03:000010ED 00000000     0        0 0 3 0000000000000000                                      
   9: 0100007F:B16B 0100007F:A438 06 00000000:00000000 03:00000C2C 00000000     0        0 0 3 0000000000000000                                      
1791335570.485252
  sl  local_address rem_address   st tx_queue rx_queue tr tm->when retrnsmt   uid  timeout inode                                                     
   0: 3500007F:0035 00000000:0000 0A 00000000:00000000 00:00000000 00000000   102        0 12728 1 0000000000000000 100 0 0 10 5                     
   1: 00000000:006F 00000000:0000 0A 00000000:00000000 00:00000000 00000000     0        0 11541 1 0000000000000000 100 0 0 10 0                     
   2: 1500FEA9:CD48 3F15AD03:01BB 01 00000000:00000000 00:00000000 00000000  1001        0 592406 1 0000000000000000 20 4 30 16 -1                   
   3: 0100007F:9485 0100007F:9F88 06 00000000:00000000 03:00001089 00000000     0        0 0 3 0000000000000000                                      
   4: 0100007F:906B 0100007F:E7F6 06 00000000:00000000 03:00000052 00000000     0        0 0 3 0000000000000000                                      
   5: 0100007F:AB29 0100007F:C934 06 00000000:00000000 03:00000052 00000000     0        0 0 3 0000000000000000                                      
   6: 1500FEA9:D41A DBA942AC:01BB 01 00000000:00000000 00:00000000 00000000  1001        0 680787 1 0000000000000000 20 4 30 10 -1                   
   7: 0100007F:8507 0100007F:B138 06 00000000:00000000 03:00001089 00000000     0        0 0 3 0000000000000000                                      
   8: 0100007F:B16B 0100007F:A438 06 00000000:00000000 03:00000BC8 00000000     0        0 0 3 0000000000000000                                      
   9: 1500FEA9:9F68 3F15AD03:01BB 01 00000000:00000000 00:00000000 00000000  1001        0 698598 1 0000000000000000 20 4 26 35 -1                   
1791335571.4863436
  sl  local_address rem_address   st tx_queue rx_queue tr tm->when retrnsmt   uid  timeout inode                                                     
   0: 3500007F:0035 00000000:0000 0A 00000000:00000000 00:00000000 00000000   102        0 12728 1 0000000000000000 100 0 0 10 5                     
   1: 00000000:006F 00000000:0000 0A 00000000:00000000 00:00000000 00000000     0        0 11541 1 0000000000000000 100 0 0 10 0                     
   2: 1500FEA9:CD48 3F15AD03:01BB 01 00000000:00000000 00:00000000 00000000  1001        0 592406 1 0000000000000000 20 4 30 16 -1                   
   3: 0100007F:9485 0100007F:9F88 06 00000000:00000000 03:00001024 00000000     0        0 0 3 0000000000000000                                      
   4: 0100007F:906B 0100007F:E7F6 06 00000000:00000000 03:00000000 00000000     0        0 0 3 0000000000000000                                      
   5: 0100007F:AB29 0100007F:C934 06 00000000:00000000 03:00000000 00000000     0        0 0 3 0000000000000000                                      
   6: 1500FEA9:D41A DBA942AC:01BB 01 00000000:00000000 00:00000000 00000000  1001        0 680787 1 0000000000000000 20 4 30 10 -1                   
   7: 0100007F:8507 0100007F:B138 06 00000000:00000000 03:00001024 00000000     0        0 0 3 0000000000000000                                      
   8: 0100007F:B16B 0100007F:A438 06 00000000:00000000 03:00000B63 00000000     0        0 0 3 0000000000000000                                      
   9: 1500FEA9:9F68 3F15AD03:01BB 01 00000000:00000000 00:00000000 00000000  1001        0 698598 2 0000000000000000 20 6 0 35 -1                    
1791335572.4874563
  sl  local_address rem_address   st tx_queue rx_queue tr tm->when retrnsmt   uid  timeout inode                                                     
   0: 3500007F:0035 00000000:0000 0A 00000000:00000000 00:00000000 00000000   102        0 12728 1 0000000000000000 100 0 0 10 5                     
   1: 00000000:006F 00000000:0000 0A 00000000:00000000 00:00000000 00000000     0        0 11541 1 0000000000000000 100 0 0 10 0                     
   2: 1500FEA9:CD48 3F15AD03:01BB 01 00000000:00000000 00:00000000 00000000  1001        0 592406 1 0000000000000000 20 4 30 16 -1                   
   3: 0100007F:9485 0100007F:9F88 06 00000000:00000000 03:00000FC0 00000000     0        0 0 3 0000000000000000                                      
   4: 1500FEA9:D41A DBA942AC:01BB 01 00000000:00000000 00:00000000 00000000  1001        0 680787 1 0000000000000000 20 4 30 10 -1                   
   5: 0100007F:8507 0100007F:B138 06 00000000:00000000 03:00000FC0 00000000     0        0 0 3 0000000000000000                                      
   6: 1500FEA9:9F6C 3F15AD03:01BB 01 00000000:00000000 00:00000000 00000000  1001        0 699445 1 0000000000000000 20 4 30 10 -1                   
   7: 0100007F:B16B 0100007F:A438 06 00000000:00000000 03:00000AFF 00000000     0        0 0 3 0000000000000000                                      
   8: 1500FEA9:9F68 3F15AD03:01BB 06 00000000:00000000 03:00001739 00000000     0        0 0 3 0000000000000000                                      
1791335573.4886506
  sl  local_address rem_address   st tx_queue rx_queue tr tm->when retrnsmt   uid  timeout inode                                                     
   0: 3500007F:0035 00000000:0000 0A 00000000:00000000 00:00000000 00000000   102        0 12728 1 0000000000000000 100 0 0 10 5                     
   1: 00000000:006F 00000000:0000 0A 00000000:00000000 00:00000000 00000000     0        0 11541 1 0000000000000000 100 0 0 10 0                     
   2: 1500FEA9:CD48 3F15AD03:01BB 01 00000000:00000000 00:00000000 00000000  1001        0 592406 1 0000000000000000 20 4 30 16 -1                   
   3: 0100007F:9485 0100007F:9F88 06 00000000:00000000 03:00000F5C 00000000     0        0 0 3 0000000000000000                                      
   4: 1500FEA9:D41A DBA942AC:01BB 01 00000000:00000000 00:00000000 00000000  1001        0 680787 1 0000000000000000 20 4 30 10 -1                   
   5: 1500FEA9:9F7C 3F15AD03:01BB 01 00000000:00000000 00:00000000 00000000  1001        0 698797 1 0000000000000000 20 4 26 12 -1                   
   6: 0100007F:8507 0100007F:B138 06 00000000:00000000 03:00000F5C 00000000     0        0 0 3 0000000000000000                                      
   7: 1500FEA9:9F6C 3F15AD03:01BB 06 00000000:00000000 03:00001748 00000000     0        0 0 3 0000000000000000                                      
   8: 0100007F:B16B 0100007F:A438 06 00000000:00000000 03:00000A9B 00000000     0        0 0 3 0000000000000000                                      
   9: 1500FEA9:9F68 3F15AD03:01BB 06 00000000:00000000 03:000016D5 00000000     0        0 0 3 0000000000000000                                      
1791335574.489753
  sl  local_address rem_address   st tx_queue rx_queue tr tm->when retrnsmt   uid  timeout inode                                                     
   0: 3500007F:0035 00000000:0000 0A 00000000:00000000 00:00000000 00000000   102        0 12728 1 0000000000000000 100 0 0 10 5                     
   1: 00000000:006F 00000000:0000 0A 00000000:00000000 00:00000000 00000000     0        0 11541 1 0000000000000000 100 0 0 10 0                     
   2: 1500FEA9:CD48 3F15AD03:01BB 01 00000000:00000000 00:00000000 00000000  1001        0 592406 1 0000000000000000 20 4 30 16 -1                   
   3: 0100007F:9485 0100007F:9F88 06 00000000:00000000 03:00000EF8 00000000     0        0 0 3 0000000000000000                                      
   4: 1500FEA9:D41A DBA942AC:01BB 01 00000000:00000000 00:00000000 00000000  1001        0 680787 1 0000000000000000 20 4 30 10 -1                   
   5: 1500FEA9:9F7C 3F15AD03:01BB 01 00000000:00000000 00:00000000 00000000  1001        0 698797 1 0000000000000000 20 4 30 12 -1                   
   6: 0100007F:8507 0100007F:B138 06 00000000:00000000 03:00000EF8 00000000     0        0 0 3 0000000000000000                                      
   7: 1500FEA9:9F6C 3F15AD03:01BB 06 00000000:00000000 03:000016E4 00000000     0        0 0 3 0000000000000000                                      
   8: 0100007F:B16B 0100007F:A438 06 00000000:00000000 03:00000A37 00000000     0        0 0 3 0000000000000000                                      
   9: 1500FEA9:9F68 3F15AD03:01BB 06 00000000:00000000 03:00001671 00000000     0        0 0 3 0000000000000000                                      
1791335575.4909272
  sl  local_address rem_address   st tx_queue rx_queue tr tm->when retrnsmt   uid  timeout inode                                                     
   0: 3500007F:0035 00000000:0000 0A 00000000:00000000 00:00000000 00000000   102        0 12728 1 0000000000000000 100 0 0 10 5                     
   1: 00000000:006F 00000000:0000 0A 00000000:00000000 00:00000000 00000000     0        0 11541 1 0000000000000000 100 0 0 10 0                     
   2: 1500FEA9:CD48 3F15AD03:01BB 01 00000000:00000000 00:00000000 00000000  1001        0 592406 1 0000000000000000 20 4 30 16 -1                   
   3: 0100007F:9485 0100007F:9F88 06 00000000:00000000 03:00000E94 00000000     0        0 0 3 0000000000000000                                      
   4: 1500FEA9:EB12 3F15AD03:01BB 01 00000000:00000000 00:00000000 00000000  1001        0 698937 1 0000000000000000 20 4 30 17 -1                   
   5: 1500FEA9:D41A DBA942AC:01BB 01 00000000:00000000 00:00000000 00000000  1001        0 680787 1 0000000000000000 20 4 30 10 -1                   
   6: 1500FEA9:9F7C 3F15AD03:01BB 06 00000000:00000000 03:00001730 00000000     0        0 0 3 0000000000000000                                      
   7: 0100007F:8507 0100007F:B138 06 00000000:00000000 03:00000E94 00000000     0        0 0 3 0000000000000000                                      
   8: 1500FEA9:9F6C 3F15AD03:01BB 06 00000000:00000000 03:00001680 00000000     0        0 0 3 0000000000000000                                      
   9: 0100007F:B16B 0100007F:A438 06 00000000:00000000 03:000009D3 00000000     0        0 0 3 0000000000000000                                      
  10: 1500FEA9:9F68 3F15AD03:01BB 06 00000000:00000000 03:0000160D 00000000     0        0 0 3 0000000000000000                                      
1791335576.4913173
  sl  local_address rem_address   st tx_queue rx_queue tr tm->when retrnsmt   uid  timeout inode                                                     
   0: 3500007F:0035 00000000:0000 0A 00000000:00000000 00:00000000 00000000   102        0 12728 1 0000000000000000 100 0 0 10 5                     
   1: 00000000:006F 00000000:0000 0A 00000000:00000000 00:00000000 00000000     0        0 11541 1 0000000000000000 100 0 0 10 0                     
   2: 1500FEA9:CD48 3F15AD03:01BB 01 00000000:00000000 00:00000000 00000000  1001        0 592406 1 0000000000000000 20 4 30 16 -1                   
   3: 0100007F:9485 0100007F:9F88 06 00000000:00000000 03:00000E2E 00000000     0        0 0 3 0000000000000000                                      
   4: 1500FEA9:EB12 3F15AD03:01BB 06 00000000:00000000 03:00001764 00000000     0        0 0 3 0000000000000000                                      
   5: 1500FEA9:D41A DBA942AC:01BB 01 00000000:00000000 00:00000000 00000000  1001        0 680787 1 0000000000000000 20 4 30 10 -1                   
   6: 1500FEA9:9F7C 3F15AD03:01BB 06 00000000:00000000 03:000016CA 00000000     0        0 0 3 0000000000000000                                      
   7: 0100007F:8507 0100007F:B138 06 00000000:00000000 03:00000E2E 00000000     0        0 0 3 0000000000000000                                      
   8: 1500FEA9:9F6C 3F15AD03:01BB 06 00000000:00000000 03:0000161A 00000000     0        0 0 3 0000000000000000                                      
   9: 0100007F:B16B 0100007F:A438 06 00000000:00000000 03:0000096D 00000000     0        0 0 3 0000000000000000                                      
  10: 1500FEA9:9F68 3F15AD03:01BB 06 00000000:00000000 03:000015A7 00000000     0        0 0 3 0000000000000000                                      
1791335577.4926436
  sl  local_address rem_address   st tx_queue rx_queue tr tm->when retrnsmt   uid  timeout inode                                                     
   0: 3500007F:0035 00000000:0000 0A 00000000:00000000 00:00000000 00000000   102        0 12728 1 0000000000000000 100 0 0 10 5                     
   1: 00000000:006F 00000000:0000 0A 00000000:00000000 00:00000000 00000000     0        0 11541 1 0000000000000000 100 0 0 10 0                     
   2: 1500FEA9:EB16 3F15AD03:01BB 01 00000000:00000000 00:00000000 00000000  1001        0 699671 1 0000000000000000 20 4 30 18 -1                   
   3: 1500FEA9:CD48 3F15AD03:01BB 01 00000000:00000000 00:00000000 00000000  1001        0 592406 1 0000000000000000 20 4 30 16 -1                   
   4: 0100007F:9485 0100007F:9F88 06 00000000:00000000 03:00000DCA 00000000     0        0 0 3 0000000000000000                                      
   5: 1500FEA9:EB12 3F15AD03:01BB 06 00000000:00000000 03:00001700 00000000     0        0 0 3 0000000000000000                                      
   6: 1500FEA9:D41A DBA942AC:01BB 01 00000000:00000000 00:00000000 00000000  1001        0 680787 1 0000000000000000 20 4 30 10 -1                   
   7: 1500FEA9:9F7C 3F15AD03:01BB 06 00000000:00000000 03:00001666 00000000     0        0 0 3 0000000000000000                                      
   8: 0100007F:8507 0100007F:B138 06 00000000:00000000 03:00000DCA 00000000     0        0 0 3 0000000000000000                                      
   9: 1500FEA9:9F6C 3F15AD03:01BB 06 00000000:00000000 03:000015B6 00000000     0        0 0 3 0000000000000000                                      
  10: 0100007F:B16B 0100007F:A438 06 00000000:00000000 03:00000909 00000000     0        0 0 3 0000000000000000                                      
  11: 1500FEA9:9F68 3F15AD03:01BB 06 00000000:00000000 03:00001543 00000000     0        0 0 3 0000000000000000                                      
1791335578.4943018
  sl  local_address rem_address   st tx_queue rx_queue tr tm->when retrnsmt   uid  timeout inode                                                     
   0: 3500007F:0035 00000000:0000 0A 00000000:00000000 00:00000000 00000000   102        0 12728 1 0000000000000000 100 0 0 10 5                     
   1: 00000000:006F 00000000:0000 0A 00000000:00000000 00:00000000 00000000     0        0 11541 1 0000000000000000 100 0 0 10 0                     
   2: 1500FEA9:EB16 3F15AD03:01BB 06 00000000:00000000 03:00001747 00000000     0        0 0 3 0000000000000000                                      
   3: 1500FEA9:CD48 3F15AD03:01BB 01 00000000:00000000 00:00000000 00000000  1001        0 592406 1 0000000000000000 20 4 30 16 -1                   
   4: 0100007F:9485 0100007F:9F88 06 00000000:00000000 03:00000D66 00000000     0        0 0 3 0000000000000000                                      
   5: 1500FEA9:EB12 3F15AD03:01BB 06 00000000:00000000 03:0000169C 00000000     0        0 0 3 0000000000000000                                      
   6: 1500FEA9:D41A DBA942AC:01BB 01 00000000:00000000 00:00000000 00000000  1001        0 680787 1 0000000000000000 20 4 30 10 -1                   
   7: 1500FEA9:EB26 3F15AD03:01BB 01 00000000:00000000 00:00000000 00000000  1001        0 700481 2 0000000000000000 20 4 26 21 -1                   
   8: 1500FEA9:9F7C 3F15AD03:01BB 06 00000000:00000000 03:00001602 00000000     0        0 0 3 0000000000000000                                      
   9: 0100007F:8507 0100007F:B138 06 00000000:00000000 03:00000D66 00000000     0        0 0 3 0000000000000000                                      
  10: 1500FEA9:9F6C 3F15AD03:01BB 06 00000000:00000000 03:00001552 00000000     0        0 0 3 0000000000000000                                      
  11: 0100007F:B16B 0100007F:A438 06 00000000:00000000 03:000008A5 00000000     0        0 0 3 0000000000000000                                      
  12: 1500FEA9:9F68 3F15AD03:01BB 06 00000000:00000000 03:000014DF 00000000     0        0 0 3 0000000000000000                                      
1791335579.4952774
  sl  local_address rem_address   st tx_queue rx_queue tr tm->when retrnsmt   uid  timeout inode                                                     
   0: 3500007F:0035 00000000:0000 0A 00000000:00000000 00:00000000 00000000   102        0 12728 1 0000000000000000 100 0 0 10 5                     
   1: 00000000:006F 00000000:0000 0A 00000000:00000000 00:00000000 00000000     0        0 11541 1 0000000000000000 100 0 0 10 0                     
   2: 1500FEA9:EB16 3F15AD03:01BB 06 00000000:00000000 03:000016E1 00000000     0        0 0 3 0000000000000000                                      
   3: 1500FEA9:CD48 3F15AD03:01BB 01 00000000:00000000 00:00000000 00000000  1001        0 592406 1 0000000000000000 20 4 30 16 -1                   
   4: 0100007F:9485 0100007F:9F88 06 00000000:00000000 03:00000D00 00000000     0        0 0 3 0000000000000000                                      
   5: 1500FEA9:EB12 3F15AD03:01BB 06 00000000:00000000 03:00001636 00000000     0        0 0 3 0000000000000000                                      
   6: 1500FEA9:D41A DBA942AC:01BB 01 00000000:00000000 00:00000000 00000000  1001        0 680787 1 0000000000000000 20 4 30 10 -1                   
   7: 1500FEA9:EB26 3F15AD03:01BB 01 00000000:00000000 00:00000000 00000000  1001        0 700481 1 0000000000000000 20 4 30 21 -1                   
   8: 1500FEA9:9F7C 3F15AD03:01BB 06 00000000:00000000 03:0000159C 00000000     0        0 0 3 0000000000000000                                      
   9: 0100007F:8507 0100007F:B138 06 00000000:00000000 03:00000D00 00000000     0        0 0 3 0000000000000000                                      
  10: 1500FEA9:9F6C 3F15AD03:01BB 06 00000000:00000000 03:000014EC 00000000     0        0 0 3 0000000000000000                                      
  11: 0100007F:B16B 0100007F:A438 06 00000000:00000000 03:0000083F 00000000     0        0 0 3 0000000000000000                                      
  12: 1500FEA9:9F68 3F15AD03:01BB 06 00000000:00000000 03:00001479 00000000     0        0 0 3 0000000000000000                                      
1791335580.4965937
  sl  local_address rem_address   st tx_queue rx_queue tr tm->when retrnsmt   uid  timeout inode                                                     
   0: 3500007F:0035 00000000:0000 0A 00000000:00000000 00:00000000 00000000   102        0 12728 1 0000000000000000 100 0 0 10 5                     
   1: 00000000:006F 00000000:0000 0A 00000000:00000000 00:00000000 00000000     0        0 11541 1 0000000000000000 100 0 0 10 0                     
   2: 1500FEA9:EB16 3F15AD03:01BB 06 00000000:00000000 03:0000167F 00000000     0        0 0 3 0000000000000000                                      
   3: 1500FEA9:CD48 3F15AD03:01BB 01 00000000:00000000 00:00000000 00000000  1001        0 592406 1 0000000000000000 20 4 30 16 -1                   
   4: 0100007F:9485 0100007F:9F88 06 00000000:00000000 03:00000C9E 00000000     0        0 0 3 0000000000000000                                      
   5: 1500FEA9:EB12 3F15AD03:01BB 06 00000000:00000000 03:000015D4 00000000     0        0 0 3 0000000000000000                                      
   6: 1500FEA9:D41A DBA942AC:01BB 01 00000000:00000000 00:00000000 00000000  1001        0 680787 1 0000000000000000 20 4 30 10 -1                   
   7: 1500FEA9:EB26 3F15AD03:01BB 01 00000000:00000000 00:00000000 00000000  1001        0 700481 1 0000000000000000 20 4 30 21 -1                   
   8: 1500FEA9:9F7C 3F15AD03:01BB 06 00000000:00000000 03:0000153A 00000000     0        0 0 3 0000000000000000                                      
   9: 0100007F:8507 0100007F:B138 06 00000000:00000000 03:00000C9E 00000000     0        0 0 3 0000000000000000                                      
  10: 1500FEA9:9F6C 3F15AD03:01BB 06 00000000:00000000 03:0000148A 00000000     0        0 0 3 0000000000000000                                      
  11: 0100007F:B16B 0100007F:A438 06 00000000:00000000 03:000007DD 00000000     0        0 0 3 0000000000000000                                      
  12: 1500FEA9:9F68 3F15AD03:01BB 06 00000000:00000000 03:00001417 00000000     0        0 0 3 0000000000000000                                      
1791335581.4982204
  sl  local_address rem_address   st tx_queue rx_queue tr tm->when retrnsmt   uid  timeout inode                                                     
   0: 3500007F:0035 00000000:0000 0A 00000000:00000000 00:00000000 00000000   102        0 12728 1 0000000000000000 100 0 0 10 5                     
   1: 00000000:006F 00000000:0000 0A 00000000:00000000 00:00000000 00000000     0        0 11541 1 0000000000000000 100 0 0 10 0                     
   2: 1500FEA9:EB16 3F15AD03:01BB 06 00000000:00000000 03:00001618 00000000     0        0 0 3 0000000000000000                                      
   3: 1500FEA9:CD48 3F15AD03:01BB 01 00000000:00000000 00:00000000 00000000  1001        0 592406 1 0000000000000000 20 4 30 16 -1                   
   4: 0100007F:9485 0100007F:9F88 06 00000000:00000000 03:00000C37 00000000     0        0 0 3 0000000000000000                                      
   5: 1500FEA9:EB12 3F15AD03:01BB 06 00000000:00000000 03:0000156C 00000000     0        0 0 3 0000000000000000                                      
   6: 1500FEA9:D41A DBA942AC:01BB 01 00000000:00000000 00:00000000 00000000  1001        0 680787 1 0000000000000000 20 4 30 10 -1                   
   7: 1500FEA9:EB36 3F15AD03:01BB 01 00000000:00000000 00:00000000 00000000  1001        0 700959 1 0000000000000000 20 4 26 10 -1                   
   8: 1500FEA9:EB26 3F15AD03:01BB 06 00000000:00000000 03:00001762 00000000     0        0 0 3 0000000000000000                                      
   9: 1500FEA9:9F7C 3F15AD03:01BB 06 00000000:00000000 03:000014D2 00000000     0        0 0 3 0000000000000000                                      
  10: 0100007F:8507 0100007F:B138 06 00000000:00000000 03:00000C37 00000000     0        0 0 3 0000000000000000                                      
  11: 1500FEA9:9F6C 3F15AD03:01BB 06 00000000:00000000 03:00001423 00000000     0        0 0 3 0000000000000000                                      
  12: 0100007F:B16B 0100007F:A438 06 00000000:00000000 03:00000776 00000000     0        0 0 3 0000000000000000                                      
  13: 1500FEA9:9F68 3F15AD03:01BB 06 00000000:00000000 03:000013B0 00000000     0        0 0 3 0000000000000000                                      
1791335582.4992971
  sl  local_address rem_address   st tx_queue rx_queue tr tm->when retrnsmt   uid  timeout inode                                                     
   0: 3500007F:0035 00000000:0000 0A 00000000:00000000 00:00000000 00000000   102        0 12728 1 0000000000000000 100 0 0 10 5                     
   1: 00000000:006F 00000000:0000 0A 00000000:00000000 00:00000000 00000000     0        0 11541 1 0000000000000000 100 0 0 10 0                     
   2: 1500FEA9:EB16 3F15AD03:01BB 06 00000000:00000000 03:000015B8 00000000     0        0 0 3 0000000000000000                                      
   3: 1500FEA9:CD48 3F15AD03:01BB 01 00000000:00000000 00:00000000 00000000  1001        0 592406 1 0000000000000000 20 4 30 16 -1                   
   4: 0100007F:9485 0100007F:9F88 06 00000000:00000000 03:00000BD7 00000000     0        0 0 3 0000000000000000                                      
   5: 1500FEA9:EB12 3F15AD03:01BB 06 00000000:00000000 03:0000150D 00000000     0        0 0 3 0000000000000000                                      
   6: 1500FEA9:D41A DBA942AC:01BB 01 00000000:00000000 00:00000000 00000000  1001        0 680787 1 0000000000000000 20 4 30 10 -1                   
   7: 1500FEA9:EB36 3F15AD03:01BB 01 00000000:00000000 00:00000000 00000000  1001        0 700959 2 0000000000000000 20 4 0 10 -1                    
   8: 1500FEA9:EB26 3F15AD03:01BB 06 00000000:00000000 03:00001703 00000000     0        0 0 3 0000000000000000                                      
   9: 1500FEA9:9F7C 3F15AD03:01BB 06 00000000:00000000 03:00001473 00000000     0        0 0 3 0000000000000000                                      
  10: 0100007F:8507 0100007F:B138 06 00000000:00000000 03:00000BD7 00000000     0        0 0 3 0000000000000000                                      
  11: 1500FEA9:9F6C 3F15AD03:01BB 06 00000000:00000000 03:000013C3 00000000     0        0 0 3 0000000000000000                                      
  12: 0100007F:B16B 0100007F:A438 06 00000000:00000000 03:00000716 00000000     0        0 0 3 0000000000000000                                      
  13: 1500FEA9:9F68 3F15AD03:01BB 06 00000000:00000000 03:00001350 00000000     0        0 0 3 0000000000000000                                      
1791335583.5006235
  sl  local_address rem_address   st tx_queue rx_queue tr tm->when retrnsmt   uid  timeout inode                                                     
   0: 3500007F:0035 00000000:0000 0A 00000000:00000000 00:00000000 00000000   102        0 12728 1 0000000000000000 100 0 0 10 5                     
   1: 00000000:006F 00000000:0000 0A 00000000:00000000 00:00000000 00000000     0        0 11541 1 0000000000000000 100 0 0 10 0                     
   2: 1500FEA9:EB16 3F15AD03:01BB 06 00000000:00000000 03:00001551 00000000     0        0 0 3 0000000000000000                                      
   3: 1500FEA9:CD48 3F15AD03:01BB 01 00000000:00000000 00:00000000 00000000  1001        0 592406 1 0000000000000000 20 4 30 16 -1                   
   4: 0100007F:9485 0100007F:9F88 06 00000000:00000000 03:00000B70 00000000     0        0 0 3 0000000000000000                                      
   5: 1500FEA9:EB12 3F15AD03:01BB 06 00000000:00000000 03:000014A6 00000000     0        0 0 3 0000000000000000                                      
   6: 1500FEA9:D41A DBA942AC:01BB 01 00000000:00000000 00:00000000 00000000  1001        0 680787 1 0000000000000000 20 4 30 10 -1                   
   7: 1500FEA9:EB36 3F15AD03:01BB 01 00000000:00000000 00:00000000 00000000  1001        0 700959 2 0000000000000000 20 4 0 10 -1                    
   8: 1500FEA9:EB26 3F15AD03:01BB 06 00000000:00000000 03:0000169C 00000000     0        0 0 3 0000000000000000                                      
   9: 1500FEA9:9F7C 3F15AD03:01BB 06 00000000:00000000 03:0000140C 00000000     0        0 0 3 0000000000000000                                      
  10: 0100007F:8507 0100007F:B138 06 00000000:00000000 03:00000B70 00000000     0        0 0 3 0000000000000000                                      
  11: 1500FEA9:9F6C 3F15AD03:01BB 06 00000000:00000000 03:0000135C 00000000     0        0 0 3 0000000000000000                                      
  12: 0100007F:B16B 0100007F:A438 06 00000000:00000000 03:000006AF 00000000     0        0 0 3 0000000000000000                                      
  13: 1500FEA9:9F68 3F15AD03:01BB 06 00000000:00000000 03:000012E9 00000000     0        0 0 3 0000000000000000                                      
1791335584.502293
  sl  local_address rem_address   st tx_queue rx_queue tr tm->when retrnsmt   uid  timeout inode                                                     
   0: 3500007F:0035 00000000:0000 0A 00000000:00000000 00:00000000 00000000   102        0 12728 1 0000000000000000 100 0 0 10 5                     
   1: 00000000:006F 00000000:0000 0A 00000000:00000000 00:00000000 00000000     0        0 11541 1 0000000000000000 100 0 0 10 0                     
   2: 1500FEA9:EB16 3F15AD03:01BB 06 00000000:00000000 03:000014EE 00000000     0        0 0 3 0000000000000000                                      
   3: 1500FEA9:CD48 3F15AD03:01BB 01 00000000:00000000 00:00000000 00000000  1001        0 592406 1 0000000000000000 20 4 30 16 -1                   
   4: 0100007F:9485 0100007F:9F88 06 00000000:00000000 03:00000B0D 00000000     0        0 0 3 0000000000000000                                      
   5: 1500FEA9:EB12 3F15AD03:01BB 06 00000000:00000000 03:00001442 00000000     0        0 0 3 0000000000000000                                      
   6: 1500FEA9:D41A DBA942AC:01BB 01 00000000:00000000 00:00000000 00000000  1001        0 680787 1 0000000000000000 20 4 30 10 -1                   
   7: 1500FEA9:EB36 3F15AD03:01BB 01 00000000:00000000 00:00000000 00000000  1001        0 700959 2 0000000000000000 20 4 0 10 -1                    
   8: 1500FEA9:EB26 3F15AD03:01BB 06 00000000:00000000 03:00001638 00000000     0        0 0 3 0000000000000000                                      
   9: 1500FEA9:9F7C 3F15AD03:01BB 06 00000000:00000000 03:000013A8 00000000     0        0 0 3 0000000000000000                                      
  10: 0100007F:8507 0100007F:B138 06 00000000:00000000 03:00000B0D 00000000     0        0 0 3 0000000000000000                                      
  11: 1500FEA9:9F6C 3F15AD03:01BB 06 00000000:00000000 03:000012F9 00000000     0        0 0 3 0000000000000000                                      
  12: 0100007F:B16B 0100007F:A438 06 00000000:00000000 03:0000064C 00000000     0        0 0 3 0000000000000000                                      
  13: 1500FEA9:9F68 3F15AD03:01BB 06 00000000:00000000 03:00001286 00000000     0        0 0 3 0000000000000000                                      
1791335585.5027459
  sl  local_address rem_address   st tx_queue rx_queue tr tm->when retrnsmt   uid  timeout inode                                                     
   0: 3500007F:0035 00000000:0000 0A 00000000:00000000 00:00000000 00000000   102        0 12728 1 0000000000000000 100 0 0 10 5                     
   1: 00000000:006F 00000000:0000 0A 00000000:00000000 00:00000000 00000000     0        0 11541 1 0000000000000000 100 0 0 10 0                     
   2: 1500FEA9:EB16 3F15AD03:01BB 06 00000000:00000000 03:0000148B 00000000     0        0 0 3 0000000000000000                                      
   3: 1500FEA9:CD48 3F15AD03:01BB 01 00000000:00000000 00:00000000 00000000  1001        0 592406 1 0000000000000000 20 4 30 16 -1                   
   4: 0100007F:9485 0100007F:9F88 06 00000000:00000000 03:00000AAA 00000000     0        0 0 3 0000000000000000                                      
   5: 1500FEA9:EB12 3F15AD03:01BB 06 00000000:00000000 03:000013E0 00000000     0        0 0 3 0000000000000000                                      
   6: 1500FEA9:D41A DBA942AC:01BB 01 00000000:00000000 00:00000000 00000000  1001        0 680787 1 0000000000000000 20 4 30 10 -1                   
   7: 1500FEA9:EB36 3F15AD03:01BB 01 00000000:00000000 00:00000000 00000000  1001        0 700959 2 0000000000000000 20 4 0 10 -1                    
   8: 1500FEA9:EB26 3F15AD03:01BB 06 00000000:00000000 03:000015D6 00000000     0        0 0 3 0000000000000000                                      
   9: 1500FEA9:9F7C 3F15AD03:01BB 06 00000000:00000000 03:00001346 00000000     0        0 0 3 0000000000000000                                      
  10: 0100007F:8507 0100007F:B138 06 00000000:00000000 03:00000AAA 00000000     0        0 0 3 0000000000000000                                      
  11: 1500FEA9:9F6C 3F15AD03:01BB 06 00000000:00000000 03:00001296 00000000     0        0 0 3 0000000000000000                                      
  12: 0100007F:B16B 0100007F:A438 06 00000000:00000000 03:000005E9 00000000     0        0 0 3 0000000000000000                                      
  13: 1500FEA9:9F68 3F15AD03:01BB 06 00000000:00000000 03:00001223 00000000     0        0 0 3 0000000000000000                                      
1791335586.503289
  sl  local_address rem_address   st tx_queue rx_queue tr tm->when retrnsmt   uid  timeout inode                                                     
   0: 3500007F:0035 00000000:0000 0A 00000000:00000000 00:00000000 00000000   102        0 12728 1 0000000000000000 100 0 0 10 5                     
   1: 00000000:006F 00000000:0000 0A 00000000:00000000 00:00000000 00000000     0        0 11541 1 0000000000000000 100 0 0 10 0                     
   2: 1500FEA9:EB16 3F15AD03:01BB 06 00000000:00000000 03:00001425 00000000     0        0 0 3 0000000000000000                                      
   3: 1500FEA9:CD48 3F15AD03:01BB 01 00000000:00000000 00:00000000 00000000  1001        0 592406 1 0000000000000000 20 4 30 16 -1                   
   4: 0100007F:9485 0100007F:9F88 06 00000000:00000000 03:00000A44 00000000     0        0 0 3 0000000000000000                                      
   5: 1500FEA9:EB12 3F15AD03:01BB 06 00000000:00000000 03:0000137A 00000000     0        0 0 3 0000000000000000                                      
   6: 1500FEA9:D41A DBA942AC:01BB 01 00000000:00000000 00:00000000 00000000  1001        0 680787 1 0000000000000000 20 4 30 10 -1                   
   7: 1500FEA9:EB36 3F15AD03:01BB 01 00000000:00000000 00:00000000 00000000  1001        0 700959 2 0000000000000000 20 5 0 10 -1                    
   8: 1500FEA9:EB26 3F15AD03:01BB 06 00000000:00000000 03:00001570 00000000     0        0 0 3 0000000000000000                                      
   9: 1500FEA9:9F7C 3F15AD03:01BB 06 00000000:00000000 03:000012E0 00000000     0        0 0 3 0000000000000000                                      
  10: 0100007F:8507 0100007F:B138 06 00000000:00000000 03:00000A44 00000000     0        0 0 3 0000000000000000                                      
  11: 1500FEA9:9F6C 3F15AD03:01BB 06 00000000:00000000 03:00001230 00000000     0        0 0 3 0000000000000000                                      
  12: 0100007F:B16B 0100007F:A438 06 00000000:00000000 03:00000583 00000000     0        0 0 3 0000000000000000                                      
  13: 1500FEA9:9F68 3F15AD03:01BB 06 00000000:00000000 03:000011BD 00000000     0        0 0 3 0000000000000000                                      
1791335587.5033655
  sl  local_address rem_address   st tx_queue rx_queue tr tm->when retrnsmt   uid  timeout inode                                                     
   0: 3500007F:0035 00000000:0000 0A 00000000:00000000 00:00000000 00000000   102        0 12728 1 0000000000000000 100 0 0 10 5                     
   1: 00000000:006F 00000000:0000 0A 00000000:00000000 00:00000000 00000000     0        0 11541 1 0000000000000000 100 0 0 10 0                     
   2: 1500FEA9:EB16 3F15AD03:01BB 06 00000000:00000000 03:000013C2 00000000     0        0 0 3 0000000000000000                                      
   3: 1500FEA9:CD48 3F15AD03:01BB 01 00000000:00000000 00:00000000 00000000  1001        0 592406 1 0000000000000000 20 4 30 16 -1                   
   4: 0100007F:9485 0100007F:9F88 06 00000000:00000000 03:000009E2 00000000     0        0 0 3 0000000000000000                                      
   5: 1500FEA9:EB12 3F15AD03:01BB 06 00000000:00000000 03:00001317 00000000     0        0 0 3 0000000000000000                                      
   6: 1500FEA9:D41A DBA942AC:01BB 01 00000000:00000000 00:00000000 00000000  1001        0 680787 2 0000000000000000 20 4 30 10 -1                   
   7: 1500FEA9:EB36 3F15AD03:01BB 01 00000000:00000000 00:00000000 00000000  1001        0 700959 1 0000000000000000 20 4 0 10 -1                    
   8: 1500FEA9:EB26 3F15AD03:01BB 06 00000000:00000000 03:0000150D 00000000     0        0 0 3 0000000000000000                                      
   9: 1500FEA9:9F7C 3F15AD03:01BB 06 00000000:00000000 03:0000127D 00000000     0        0 0 3 0000000000000000                                      
  10: 0100007F:8507 0100007F:B138 06 00000000:00000000 03:000009E2 00000000     0        0 0 3 0000000000000000                                      
  11: 1500FEA9:9F6C 3F15AD03:01BB 06 00000000:00000000 03:000011CE 00000000     0        0 0 3 0000000000000000                                      
  12: 0100007F:B16B 0100007F:A438 06 00000000:00000000 03:00000520 00000000     0        0 0 3 0000000000000000                                      
  13: 1500FEA9:9F68 3F15AD03:01BB 06 00000000:00000000 03:0000115A 00000000     0        0 0 3 0000000000000000                                      
1791335588.50467
  sl  local_address rem_address   st tx_queue rx_queue tr tm->when retrnsmt   uid  timeout inode                                                     
   0: 3500007F:0035 00000000:0000 0A 00000000:00000000 00:00000000 00000000   102        0 12728 1 0000000000000000 100 0 0 10 5                     
   1: 00000000:006F 00000000:0000 0A 00000000:00000000 00:00000000 00000000     0        0 11541 1 0000000000000000 100 0 0 10 0                     
   2: 1500FEA9:EB16 3F15AD03:01BB 06 00000000:00000000 03:0000135E 00000000     0        0 0 3 0000000000000000                                      
   3: 1500FEA9:CD48 3F15AD03:01BB 01 00000000:00000000 00:00000000 00000000  1001        0 592406 1 0000000000000000 20 4 30 16 -1                   
   4: 0100007F:9485 0100007F:9F88 06 00000000:00000000 03:0000097E 00000000     0        0 0 3 0000000000000000                                      
   5: 1500FEA9:EB12 3F15AD03:01BB 06 00000000:00000000 03:000012B3 00000000     0        0 0 3 0000000000000000                                      
   6: 1500FEA9:D41A DBA942AC:01BB 01 00000000:00000000 00:00000000 00000000  1001        0 680787 1 0000000000000000 20 4 30 10 -1                   
   7: 1500FEA9:EB26 3F15AD03:01BB 06 00000000:00000000 03:000014A9 00000000     0        0 0 3 0000000000000000                                      
   8: 1500FEA9:9F7C 3F15AD03:01BB 06 00000000:00000000 03:00001219 00000000     0        0 0 3 0000000000000000                                      
   9: 0100007F:8507 0100007F:B138 06 00000000:00000000 03:0000097E 00000000     0        0 0 3 0000000000000000                                      
  10: 1500FEA9:9F6C 3F15AD03:01BB 06 00000000:00000000 03:0000116A 00000000     0        0 0 3 0000000000000000                                      
  11: 0100007F:B16B 0100007F:A438 06 00000000:00000000 03:000004BC 00000000     0        0 0 3 0000000000000000                                      
  12: 1500FEA9:9F68 3F15AD03:01BB 06 00000000:00000000 03:000010F6 00000000     0        0 0 3 0000000000000000                                      
1791335589.5063214
  sl  local_address rem_address   st tx_queue rx_queue tr tm->when retrnsmt   uid  timeout inode                                                     
   0: 3500007F:0035 00000000:0000 0A 00000000:00000000 00:00000000 00000000   102        0 12728 1 0000000000000000 100 0 0 10 5                     
   1: 00000000:006F 00000000:0000 0A 00000000:00000000 00:00000000 00000000     0        0 11541 1 0000000000000000 100 0 0 10 0                     
   2: 1500FEA9:EB16 3F15AD03:01BB 06 00000000:00000000 03:000012FA 00000000     0        0 0 3 0000000000000000                                      
   3: 1500FEA9:CD48 3F15AD03:01BB 01 00000000:00000000 00:00000000 00000000  1001        0 592406 1 0000000000000000 20 4 30 16 -1                   
   4: 0100007F:9485 0100007F:9F88 06 00000000:00000000 03:0000091A 00000000     0        0 0 3 0000000000000000                                      
   5: 1500FEA9:EB12 3F15AD03:01BB 06 00000000:00000000 03:0000124F 00000000     0        0 0 3 0000000000000000                                      
   6: 1500FEA9:D41A DBA942AC:01BB 01 00000000:00000000 00:00000000 00000000  1001        0 680787 1 0000000000000000 20 4 30 10 -1                   
   7: 1500FEA9:EB26 3F15AD03:01BB 06 00000000:00000000 03:00001445 00000000     0        0 0 3 0000000000000000                                      
   8: 1500FEA9:9F7C 3F15AD03:01BB 06 00000000:00000000 03:000011B5 00000000     0        0 0 3 0000000000000000                                      
   9: 0100007F:8507 0100007F:B138 06 00000000:00000000 03:0000091A 00000000     0        0 0 3 0000000000000000                                      
  10: 1500FEA9:9F6C 3F15AD03:01BB 06 00000000:00000000 03:00001106 00000000     0        0 0 3 0000000000000000                                      
  11: 0100007F:B16B 0100007F:A438 06 00000000:00000000 03:00000458 00000000     0        0 0 3 0000000000000000                                      
  12: 1500FEA9:9F68 3F15AD03:01BB 06 00000000:00000000 03:00001092 00000000     0        0 0 3 0000000000000000                                      
1791335590.5071127
  sl  local_address rem_address   st tx_queue rx_queue tr tm->when retrnsmt   uid  timeout inode                                                     
   0: 3500007F:0035 00000000:0000 0A 00000000:00000000 00:00000000 00000000   102        0 12728 1 0000000000000000 100 0 0 10 5                     
   1: 00000000:006F 00000000:0000 0A 00000000:00000000 00:00000000 00000000     0        0 11541 1 0000000000000000 100 0 0 10 0                     
   2: 1500FEA9:EB16 3F15AD03:01BB 06 00000000:00000000 03:00001296 00000000     0        0 0 3 0000000000000000                                      
   3: 1500FEA9:CD48 3F15AD03:01BB 01 00000000:00000000 00:00000000 00000000  1001        0 592406 1 0000000000000000 20 4 30 16 -1                   
   4: 0100007F:9485 0100007F:9F88 06 00000000:00000000 03:000008B5 00000000     0        0 0 3 0000000000000000                                      
   5: 1500FEA9:EB12 3F15AD03:01BB 06 00000000:00000000 03:000011EA 00000000     0        0 0 3 0000000000000000                                      
   6: 1500FEA9:D41A DBA942AC:01BB 01 00000000:00000000 00:00000000 00000000  1001        0 680787 1 0000000000000000 20 4 30 10 -1                   
   7: 1500FEA9:EB26 3F15AD03:01BB 06 00000000:00000000 03:000013E0 00000000     0        0 0 3 0000000000000000                                      
   8: 1500FEA9:9F7C 3F15AD03:01BB 06 00000000:00000000 03:00001150 00000000     0        0 0 3 0000000000000000                                      
   9: 0100007F:8507 0100007F:B138 06 00000000:00000000 03:000008B5 00000000     0        0 0 3 0000000000000000                                      
  10: 1500FEA9:9F6C 3F15AD03:01BB 06 00000000:00000000 03:000010A1 00000000     0        0 0 3 0000000000000000                                      
  11: 0100007F:B16B 0100007F:A438 06 00000000:00000000 03:000003F4 00000000     0        0 0 3 0000000000000000                                      
  12: 1500FEA9:9F68 3F15AD03:01BB 06 00000000:00000000 03:0000102E 00000000     0        0 0 3 0000000000000000                                      
1791335591.5084095
  sl  local_address rem_address   st tx_queue rx_queue tr tm->when retrnsmt   uid  timeout inode                                                     
   0: 3500007F:0035 00000000:0000 0A 00000000:00000000 00:00000000 00000000   102        0 12728 1 0000000000000000 100 0 0 10 5                     
   1: 00000000:006F 00000000:0000 0A 00000000:00000000 00:00000000 00000000     0        0 11541 1 0000000000000000 100 0 0 10 0                     
   2: 1500FEA9:EB16 3F15AD03:01BB 06 00000000:00000000 03:00001233 00000000     0        0 0 3 0000000000000000                                      
   3: 1500FEA9:CD48 3F15AD03:01BB 01 00000000:00000000 00:00000000 00000000  1001        0 592406 1 0000000000000000 20 4 30 16 -1                   
   4: 0100007F:9485 0100007F:9F88 06 00000000:00000000 03:00000852 00000000     0        0 0 3 0000000000000000                                      
   5: 1500FEA9:EB12 3F15AD03:01BB 06 00000000:00000000 03:00001188 00000000     0        0 0 3 0000000000000000                                      
   6: 1500FEA9:D41A DBA942AC:01BB 01 00000000:00000000 00:00000000 00000000  1001        0 680787 1 0000000000000000 20 4 30 10 -1                   
   7: 1500FEA9:EB26 3F15AD03:01BB 06 00000000:00000000 03:0000137E 00000000     0        0 0 3 0000000000000000                                      
   8: 1500FEA9:9F7C 3F15AD03:01BB 06 00000000:00000000 03:000010EE 00000000     0        0 0 3 0000000000000000                                      
   9: 0100007F:8507 0100007F:B138 06 00000000:00000000 03:00000852 00000000     0        0 0 3 0000000000000000                                      
  10: 1500FEA9:9F6C 3F15AD03:01BB 06 00000000:00000000 03:0000103E 00000000     0        0 0 3 0000000000000000                                      
  11: 0100007F:B16B 0100007F:A438 06 00000000:00000000 03:00000391 00000000     0        0 0 3 0000000000000000                                      
  12: 1500FEA9:9F68 3F15AD03:01BB 06 00000000:00000000 03:00000FCB 00000000     0        0 0 3 0000000000000000                                      
1791335592.510056
  sl  local_address rem_address   st tx_queue rx_queue tr tm->when retrnsmt   uid  timeout inode                                                     
   0: 3500007F:0035 00000000:0000 0A 00000000:00000000 00:00000000 00000000   102        0 12728 1 0000000000000000 100 0 0 10 5                     
   1: 00000000:006F 00000000:0000 0A 00000000:00000000 00:00000000 00000000     0        0 11541 1 0000000000000000 100 0 0 10 0                     
   2: 1500FEA9:EB16 3F15AD03:01BB 06 00000000:00000000 03:000011CB 00000000     0        0 0 3 0000000000000000                                      
   3: 1500FEA9:CD48 3F15AD03:01BB 01 00000000:00000000 00:00000000 00000000  1001        0 592406 1 0000000000000000 20 4 30 16 -1                   
   4: 0100007F:9485 0100007F:9F88 06 00000000:00000000 03:000007EA 00000000     0        0 0 3 0000000000000000                                      
   5: 1500FEA9:EB12 3F15AD03:01BB 06 00000000:00000000 03:00001120 00000000     0        0 0 3 0000000000000000                                      
   6: 1500FEA9:D41A DBA942AC:01BB 01 00000000:00000000 00:00000000 00000000  1001        0 680787 1 0000000000000000 20 4 30 10 -1                   
   7: 1500FEA9:EB26 3F15AD03:01BB 06 00000000:00000000 03:00001316 00000000     0        0 0 3 0000000000000000                                      
   8: 1500FEA9:9F7C 3F15AD03:01BB 06 00000000:00000000 03:00001086 00000000     0        0 0 3 0000000000000000                                      
   9: 0100007F:8507 0100007F:B138 06 00000000:00000000 03:000007EA 00000000     0        0 0 3 0000000000000000                                      
  10: 1500FEA9:9F6C 3F15AD03:01BB 06 00000000:00000000 03:00000FD6 00000000     0        0 0 3 0000000000000000                                      
  11: 0100007F:B16B 0100007F:A438 06 00000000:00000000 03:00000329 00000000     0        0 0 3 0000000000000000                                      
  12: 1500FEA9:9F68 3F15AD03:01BB 06 00000000:00000000 03:00000F63 00000000     0        0 0 3 0000000000000000                                      
1791335593.5112696
  sl  local_address rem_address   st tx_queue rx_queue tr tm->when retrnsmt   uid  timeout inode                                                     
   0: 3500007F:0035 00000000:0000 0A 00000000:00000000 00:00000000 00000000   102        0 12728 1 0000000000000000 100 0 0 10 5                     
   1: 00000000:006F 00000000:0000 0A 00000000:00000000 00:00000000 00000000     0        0 11541 1 0000000000000000 100 0 0 10 0                     
   2: 1500FEA9:EB16 3F15AD03:01BB 06 00000000:00000000 03:0000116A 00000000     0        0 0 3 0000000000000000                                      
   3: 1500FEA9:CD48 3F15AD03:01BB 01 00000000:00000000 00:00000000 00000000  1001        0 592406 1 0000000000000000 20 4 30 16 -1                   
   4: 0100007F:9485 0100007F:9F88 06 00000000:00000000 03:00000789 00000000     0        0 0 3 0000000000000000                                      
   5: 1500FEA9:EB12 3F15AD03:01BB 06 00000000:00000000 03:000010BF 00000000     0        0 0 3 0000000000000000                                      
   6: 1500FEA9:D41A DBA942AC:01BB 01 00000000:00000000 00:00000000 00000000  1001        0 680787 1 0000000000000000 20 4 30 10 -1                   
   7: 1500FEA9:EB26 3F15AD03:01BB 06 00000000:00000000 03:000012B5 00000000     0        0 0 3 0000000000000000                                      
   8: 1500FEA9:9F7C 3F15AD03:01BB 06 00000000:00000000 03:00001025 00000000     0        0 0 3 0000000000000000                                      
   9: 0100007F:8507 0100007F:B138 06 00000000:00000000 03:00000789 00000000     0        0 0 3 0000000000000000                                      
  10: 1500FEA9:9F6C 3F15AD03:01BB 06 00000000:00000000 03:00000F75 00000000     0        0 0 3 0000000000000000                                      
  11: 0100007F:B16B 0100007F:A438 06 00000000:00000000 03:000002C8 00000000     0        0 0 3 0000000000000000                                      
  12: 1500FEA9:9F68 3F15AD03:01BB 06 00000000:00000000 03:00000F02 00000000     0        0 0 3 0000000000000000                                      
1791335594.5125964
  sl  local_address rem_address   st tx_queue rx_queue tr tm->when retrnsmt   uid  timeout inode                                                     
   0: 3500007F:0035 00000000:0000 0A 00000000:00000000 00:00000000 00000000   102        0 12728 1 0000000000000000 100 0 0 10 5                     
   1: 00000000:006F 00000000:0000 0A 00000000:00000000 00:00000000 00000000     0        0 11541 1 0000000000000000 100 0 0 10 0                     
   2: 1500FEA9:EB16 3F15AD03:01BB 06 00000000:00000000 03:00001106 00000000     0        0 0 3 0000000000000000                                      
   3: 1500FEA9:CD48 3F15AD03:01BB 01 00000000:00000000 00:00000000 00000000  1001        0 592406 1 0000000000000000 20 4 30 16 -1                   
   4: 0100007F:9485 0100007F:9F88 06 00000000:00000000 03:00000725 00000000     0        0 0 3 0000000000000000                                      
   5: 1500FEA9:EB12 3F15AD03:01BB 06 00000000:00000000 03:0000105A 00000000     0        0 0 3 0000000000000000                                      
   6: 1500FEA9:D41A DBA942AC:01BB 01 00000000:00000000 00:00000000 00000000  1001        0 680787 1 0000000000000000 20 4 30 10 -1                   
   7: 1500FEA9:EB26 3F15AD03:01BB 06 00000000:00000000 03:00001250 00000000     0        0 0 3 0000000000000000                                      
   8: 1500FEA9:9F7C 3F15AD03:01BB 06 00000000:00000000 03:00000FC0 00000000     0        0 0 3 0000000000000000                                      
   9: 0100007F:8507 0100007F:B138 06 00000000:00000000 03:00000725 00000000     0        0 0 3 0000000000000000                                      
  10: 1500FEA9:9F6C 3F15AD03:01BB 06 00000000:00000000 03:00000F11 00000000     0        0 0 3 0000000000000000                                      
  11: 0100007F:B16B 0100007F:A438 06 00000000:00000000 03:00000264 00000000     0        0 0 3 0000000000000000                                      
  12: 1500FEA9:9F68 3F15AD03:01BB 06 00000000:00000000 03:00000E9E 00000000     0        0 0 3 0000000000000000                                      
1791335595.514228
  sl  local_address rem_address   st tx_queue rx_queue tr tm->when retrnsmt   uid  timeout inode                                                     
   0: 3500007F:0035 00000000:0000 0A 00000000:00000000 00:00000000 00000000   102        0 12728 1 0000000000000000 100 0 0 10 5                     
   1: 00000000:006F 00000000:0000 0A 00000000:00000000 00:00000000 00000000     0        0 11541 1 0000000000000000 100 0 0 10 0                     
   2: 1500FEA9:EB16 3F15AD03:01BB 06 00000000:00000000 03:000010A1 00000000     0        0 0 3 0000000000000000                                      
   3: 1500FEA9:CD48 3F15AD03:01BB 01 00000000:00000000 00:00000000 00000000  1001        0 592406 1 0000000000000000 20 4 30 16 -1                   
   4: 0100007F:9485 0100007F:9F88 06 00000000:00000000 03:000006C0 00000000     0        0 0 3 0000000000000000                                      
   5: 1500FEA9:EB12 3F15AD03:01BB 06 00000000:00000000 03:00000FF6 00000000     0        0 0 3 0000000000000000                                      
   6: 1500FEA9:D41A DBA942AC:01BB 01 00000000:00000000 00:00000000 00000000  1001        0 680787 1 0000000000000000 20 4 30 10 -1                   
   7: 1500FEA9:EB26 3F15AD03:01BB 06 00000000:00000000 03:000011EC 00000000     0        0 0 3 0000000000000000                                      
   8: 1500FEA9:9F7C 3F15AD03:01BB 06 00000000:00000000 03:00000F5C 00000000     0        0 0 3 0000000000000000                                      
   9: 0100007F:8507 0100007F:B138 06 00000000:00000000 03:000006C0 00000000     0        0 0 3 0000000000000000                                      
  10: 1500FEA9:9F6C 3F15AD03:01BB 06 00000000:00000000 03:00000EAC 00000000     0        0 0 3 0000000000000000                                      
  11: 0100007F:B16B 0100007F:A438 06 00000000:00000000 03:000001FF 00000000     0        0 0 3 0000000000000000                                      
  12: 1500FEA9:9F68 3F15AD03:01BB 06 00000000:00000000 03:00000E39 00000000     0        0 0 3 0000000000000000                                      
1791335596.5152645
  sl  local_address rem_address   st tx_queue rx_queue tr tm->when retrnsmt   uid  timeout inode                                                     
   0: 3500007F:0035 00000000:0000 0A 00000000:00000000 00:00000000 00000000   102        0 12728 1 0000000000000000 100 0 0 10 5                     
   1: 00000000:006F 00000000:0000 0A 00000000:00000000 00:00000000 00000000     0        0 11541 1 0000000000000000 100 0 0 10 0                     
   2: 1500FEA9:EB16 3F15AD03:01BB 06 00000000:00000000 03:0000103C 00000000     0        0 0 3 0000000000000000                                      
   3: 1500FEA9:CD48 3F15AD03:01BB 01 00000000:00000000 00:00000000 00000000  1001        0 592406 1 0000000000000000 20 4 30 16 -1                   
   4: 0100007F:9485 0100007F:9F88 06 00000000:00000000 03:0000065B 00000000     0        0 0 3 0000000000000000                                      
   5: 1500FEA9:EB12 3F15AD03:01BB 06 00000000:00000000 03:00000F91 00000000     0        0 0 3 0000000000000000                                      
   6: 1500FEA9:D41A DBA942AC:01BB 01 00000000:00000000 00:00000000 00000000  1001        0 680787 1 0000000000000000 20 4 30 10 -1                   
   7: 1500FEA9:EB26 3F15AD03:01BB 06 00000000:00000000 03:00001187 00000000     0        0 0 3 0000000000000000                                      
   8: 1500FEA9:9F7C 3F15AD03:01BB 06 00000000:00000000 03:00000EF7 00000000     0        0 0 3 0000000000000000                                      
   9: 0100007F:8507 0100007F:B138 06 00000000:00000000 03:0000065B 00000000     0        0 0 3 0000000000000000                                      
  10: 1500FEA9:9F6C 3F15AD03:01BB 06 00000000:00000000 03:00000E47 00000000     0        0 0 3 0000000000000000                                      
  11: 0100007F:B16B 0100007F:A438 06 00000000:00000000 03:0000019A 00000000     0        0 0 3 0000000000000000                                      
  12: 1500FEA9:9F68 3F15AD03:01BB 06 00000000:00000000 03:00000DD4 00000000     0        0 0 3 0000000000000000                                      
1791335597.516596
  sl  local_address rem_address   st tx_queue rx_queue tr tm->when retrnsmt   uid  timeout inode                                                     
   0: 3500007F:0035 00000000:0000 0A 00000000:00000000 00:00000000 00000000   102        0 12728 1 0000000000000000 100 0 0 10 5                     
   1: 00000000:006F 00000000:0000 0A 00000000:00000000 00:00000000 00000000     0        0 11541 1 0000000000000000 100 0 0 10 0                     
   2: 1500FEA9:EB16 3F15AD03:01BB 06 00000000:00000000 03:00000FD8 00000000     0        0 0 3 0000000000000000                                      
   3: 1500FEA9:CD48 3F15AD03:01BB 01 00000000:00000000 00:00000000 00000000  1001        0 592406 1 0000000000000000 20 4 30 16 -1                   
   4: 0100007F:9485 0100007F:9F88 06 00000000:00000000 03:000005F7 00000000     0        0 0 3 0000000000000000                                      
   5: 1500FEA9:EB12 3F15AD03:01BB 06 00000000:00000000 03:00000F2C 00000000     0        0 0 3 0000000000000000                                      
   6: 1500FEA9:D41A DBA942AC:01BB 01 00000000:00000000 00:00000000 00000000  1001        0 680787 1 0000000000000000 20 4 30 10 -1                   
   7: 1500FEA9:EB26 3F15AD03:01BB 06 00000000:00000000 03:00001122 00000000     0        0 0 3 0000000000000000                                      
   8: 1500FEA9:9F7C 3F15AD03:01BB 06 00000000:00000000 03:00000E92 00000000     0        0 0 3 0000000000000000                                      
   9: 0100007F:8507 0100007F:B138 06 00000000:00000000 03:000005F7 00000000     0        0 0 3 0000000000000000                                      
  10: 1500FEA9:9F6C 3F15AD03:01BB 06 00000000:00000000 03:00000DE3 00000000     0        0 0 3 0000000000000000                                      
  11: 0100007F:B16B 0100007F:A438 06 00000000:00000000 03:00000136 00000000     0        0 0 3 0000000000000000                                      
  12: 1500FEA9:9F68 3F15AD03:01BB 06 00000000:00000000 03:00000D70 00000000     0        0 0 3 0000000000000000                                      
1791335598.5182168
  sl  local_address rem_address   st tx_queue rx_queue tr tm->when retrnsmt   uid  timeout inode                                                     
   0: 3500007F:0035 00000000:0000 0A 00000000:00000000 00:00000000 00000000   102        0 12728 1 0000000000000000 100 0 0 10 5                     
   1: 00000000:006F 00000000:0000 0A 00000000:00000000 00:00000000 00000000     0        0 11541 1 0000000000000000 100 0 0 10 0                     
   2: 1500FEA9:EB16 3F15AD03:01BB 06 00000000:00000000 03:00000F71 00000000     0        0 0 3 0000000000000000                                      
   3: 1500FEA9:CD48 3F15AD03:01BB 01 00000000:00000000 00:00000000 00000000  1001        0 592406 1 0000000000000000 20 4 30 16 -1                   
   4: 0100007F:9485 0100007F:9F88 06 00000000:00000000 03:00000590 00000000     0        0 0 3 0000000000000000                                      
   5: 1500FEA9:EB12 3F15AD03:01BB 06 00000000:00000000 03:00000EC6 00000000     0        0 0 3 0000000000000000                                      
   6: 1500FEA9:D41A DBA942AC:01BB 01 00000000:00000000 00:00000000 00000000  1001        0 680787 1 0000000000000000 20 4 30 10 -1                   
   7: 1500FEA9:EB26 3F15AD03:01BB 06 00000000:00000000 03:000010BC 00000000     0        0 0 3 0000000000000000                                      
   8: 1500FEA9:9F7C 3F15AD03:01BB 06 00000000:00000000 03:00000E2C 00000000     0        0 0 3 0000000000000000                                      
   9: 0100007F:8507 0100007F:B138 06 00000000:00000000 03:00000590 00000000     0        0 0 3 0000000000000000                                      
  10: 1500FEA9:9F6C 3F15AD03:01BB 06 00000000:00000000 03:00000D7C 00000000     0        0 0 3 0000000000000000                                      
  11: 0100007F:B16B 0100007F:A438 06 00000000:00000000 03:000000CF 00000000     0        0 0 3 0000000000000000                                      
  12: 1500FEA9:9F68 3F15AD03:01BB 06 00000000:00000000 03:00000D09 00000000     0        0 0 3 0000000000000000                                      
1791335599.5192952
  sl  local_address rem_address   st tx_queue rx_queue tr tm->when retrnsmt   uid  timeout inode                                                     
   0: 3500007F:0035 00000000:0000 0A 00000000:00000000 00:00000000 00000000   102        0 12728 1 0000000000000000 100 0 0 10 5                     
   1: 00000000:006F 00000000:0000 0A 00000000:00000000 00:00000000 00000000     0        0 11541 1 0000000000000000 100 0 0 10 0                     
   2: 1500FEA9:EB16 3F15AD03:01BB 06 00000000:00000000 03:00000F0D 00000000     0        0 0 3 0000000000000000                                      
   3: 1500FEA9:CD48 3F15AD03:01BB 01 00000000:00000000 00:00000000 00000000  1001        0 592406 1 0000000000000000 20 4 30 16 -1                   
   4: 0100007F:9485 0100007F:9F88 06 00000000:00000000 03:0000052C 00000000     0        0 0 3 0000000000000000                                      
   5: 1500FEA9:EB12 3F15AD03:01BB 06 00000000:00000000 03:00000E62 00000000     0        0 0 3 0000000000000000                                      
   6: 1500FEA9:D41A DBA942AC:01BB 01 00000000:00000000 00:00000000 00000000  1001        0 680787 1 0000000000000000 20 4 30 10 -1                   
   7: 1500FEA9:EB26 3F15AD03:01BB 06 00000000:00000000 03:00001058 00000000     0        0 0 3 0000000000000000                                      
   8: 1500FEA9:9F7C 3F15AD03:01BB 06 00000000:00000000 03:00000DC8 00000000     0        0 0 3 0000000000000000                                      
   9: 0100007F:8507 0100007F:B138 06 00000000:00000000 03:0000052C 00000000     0        0 0 3 0000000000000000                                      
  10: 1500FEA9:9F6C 3F15AD03:01BB 06 00000000:00000000 03:00000D18 00000000     0        0 0 3 0000000000000000                                      
  11: 0100007F:B16B 0100007F:A438 06 00000000:00000000 03:0000006B 00000000     0        0 0 3 0000000000000000                                      
  12: 1500FEA9:9F68 3F15AD03:01BB 06 00000000:00000000 03:00000CA5 00000000     0        0 0 3 0000000000000000                                      
1791335600.520638
  sl  local_address rem_address   st tx_queue rx_queue tr tm->when retrnsmt   uid  timeout inode                                                     
   0: 3500007F:0035 00000000:0000 0A 00000000:00000000 00:00000000 00000000   102        0 12728 1 0000000000000000 100 0 0 10 5                     
   1: 00000000:006F 00000000:0000 0A 00000000:00000000 00:00000000 00000000     0        0 11541 1 0000000000000000 100 0 0 10 0                     
   2: 1500FEA9:EB16 3F15AD03:01BB 06 00000000:00000000 03:00000EAB 00000000     0        0 0 3 0000000000000000                                      
   3: 1500FEA9:CD48 3F15AD03:01BB 01 00000000:00000000 00:00000000 00000000  1001        0 592406 1 0000000000000000 20 4 30 16 -1                   
   4: 0100007F:9485 0100007F:9F88 06 00000000:00000000 03:000004CA 00000000     0        0 0 3 0000000000000000                                      
   5: 1500FEA9:EB12 3F15AD03:01BB 06 00000000:00000000 03:00000E00 00000000     0        0 0 3 0000000000000000                                      
   6: 1500FEA9:D41A DBA942AC:01BB 01 00000000:00000000 00:00000000 00000000  1001        0 680787 1 0000000000000000 20 4 30 10 -1                   
   7: 1500FEA9:EB26 3F15AD03:01BB 06 00000000:00000000 03:00000FF6 00000000     0        0 0 3 0000000000000000                                      
   8: 1500FEA9:9F7C 3F15AD03:01BB 06 00000000:00000000 03:00000D66 00000000     0        0 0 3 0000000000000000                                      
   9: 0100007F:8507 0100007F:B138 06 00000000:00000000 03:000004CA 00000000     0        0 0 3 0000000000000000                                      
  10: 1500FEA9:9F6C 3F15AD03:01BB 06 00000000:00000000 03:00000CB6 00000000     0        0 0 3 0000000000000000                                      
  11: 0100007F:B16B 0100007F:A438 06 00000000:00000000 03:00000009 00000000     0        0 0 3 0000000000000000                                      
  12: 1500FEA9:9F68 3F15AD03:01BB 06 00000000:00000000 03:00000C43 00000000     0        0 0 3 0000000000000000                                      
1791335601.522268
  sl  local_address rem_address   st tx_queue rx_queue tr tm->when retrnsmt   uid  timeout inode                                                     
   0: 3500007F:0035 00000000:0000 0A 00000000:00000000 00:00000000 00000000   102        0 12728 1 0000000000000000 100 0 0 10 5                     
   1: 00000000:006F 00000000:0000 0A 00000000:00000000 00:00000000 00000000     0        0 11541 1 0000000000000000 100 0 0 10 0                     
   2: 1500FEA9:EB16 3F15AD03:01BB 06 00000000:00000000 03:00000E47 00000000     0        0 0 3 0000000000000000                                      
   3: 1500FEA9:CD48 3F15AD03:01BB 01 00000000:00000000 00:00000000 00000000  1001        0 592406 1 0000000000000000 20 4 30 16 -1                   
   4: 0100007F:9485 0100007F:9F88 06 00000000:00000000 03:00000466 00000000     0        0 0 3 0000000000000000                                      
   5: 1500FEA9:EB12 3F15AD03:01BB 06 00000000:00000000 03:00000D9C 00000000     0        0 0 3 0000000000000000                                      
   6: 1500FEA9:D41A DBA942AC:01BB 01 00000000:00000000 00:00000000 00000000  1001        0 680787 1 0000000000000000 20 4 30 10 -1                   
   7: 1500FEA9:EB26 3F15AD03:01BB 06 00000000:00000000 03:00000F92 00000000     0        0 0 3 0000000000000000                                      
   8: 1500FEA9:9F7C 3F15AD03:01BB 06 00000000:00000000 03:00000D02 00000000     0        0 0 3 0000000000000000                                      
   9: 0100007F:8507 0100007F:B138 06 00000000:00000000 03:00000466 00000000     0        0 0 3 0000000000000000                                      
  10: 1500FEA9:9F6C 3F15AD03:01BB 06 00000000:00000000 03:00000C52 00000000     0        0 0 3 0000000000000000                                      
  11: 0100007F:B16B 0100007F:A438 06 00000000:00000000 03:00000000 00000000     0        0 0 3 0000000000000000                                      
  12: 1500FEA9:9F68 3F15AD03:01BB 06 00000000:00000000 03:00000BDF 00000000     0        0 0 3 0000000000000000                                      
1791335602.5232692
  sl  local_address rem_address   st tx_queue rx_queue tr tm->when retrnsmt   uid  timeout inode                                                     
   0: 3500007F:0035 00000000:0000 0A 00000000:00000000 00:00000000 00000000   102        0 12728 1 0000000000000000 100 0 0 10 5                     
   1: 00000000:006F 00000000:0000 0A 00000000:00000000 00:00000000 00000000     0        0 11541 1 0000000000000000 100 0 0 10 0                     
   2: 1500FEA9:EB16 3F15AD03:01BB 06 00000000:00000000 03:00000DE4 00000000     0        0 0 3 0000000000000000                                      
   3: 1500FEA9:CD48 3F15AD03:01BB 01 00000000:00000000 00:00000000 00000000  1001        0 592406 1 0000000000000000 20 4 30 16 -1                   
   4: 0100007F:9485 0100007F:9F88 06 00000000:00000000 03:00000404 00000000     0        0 0 3 0000000000000000                                      
   5: 1500FEA9:EB12 3F15AD03:01BB 06 00000000:00000000 03:00000D39 00000000     0        0 0 3 0000000000000000                                      
   6: 1500FEA9:D41A DBA942AC:01BB 01 00000000:00000000 00:00000000 00000000  1001        0 680787 1 0000000000000000 20 4 30 10 -1                   
   7: 1500FEA9:EB26 3F15AD03:01BB 06 00000000:00000000 03:00000F2F 00000000     0        0 0 3 0000000000000000                                      
   8: 1500FEA9:9F7C 3F15AD03:01BB 06 00000000:00000000 03:00000C9F 00000000     0        0 0 3 0000000000000000                                      
   9: 0100007F:8507 0100007F:B138 06 00000000:00000000 03:00000404 00000000     0        0 0 3 0000000000000000                                      
  10: 1500FEA9:9F6C 3F15AD03:01BB 06 00000000:00000000 03:00000BF0 00000000     0        0 0 3 0000000000000000                                      
  11: 1500FEA9:9F68 3F15AD03:01BB 06 00000000:00000000 03:00000B7C 00000000     0        0 0 3 0000000000000000                                      
1791335603.5245905
  sl  local_address rem_address   st tx_queue rx_queue tr tm->when retrnsmt   uid  timeout inode                                                     
   0: 3500007F:0035 00000000:0000 0A 00000000:00000000 00:00000000 00000000   102        0 12728 1 0000000000000000 100 0 0 10 5                     
   1: 00000000:006F 00000000:0000 0A 00000000:00000000 00:00000000 00000000     0        0 11541 1 0000000000000000 100 0 0 10 0                     
   2: 1500FEA9:EB16 3F15AD03:01BB 06 00000000:00000000 03:00000D81 00000000     0        0 0 3 0000000000000000                                      
   3: 1500FEA9:CD48 3F15AD03:01BB 01 00000000:00000000 00:00000000 00000000  1001        0 592406 1 0000000000000000 20 4 30 16 -1                   
   4: 0100007F:9485 0100007F:9F88 06 00000000:00000000 03:000003A0 00000000     0        0 0 3 0000000000000000                                      
   5: 1500FEA9:EB12 3F15AD03:01BB 06 00000000:00000000 03:00000CD6 00000000     0        0 0 3 0000000000000000                                      
   6: 1500FEA9:D41A DBA942AC:01BB 01 00000000:00000000 00:00000000 00000000  1001        0 680787 2 0000000000000000 20 4 30 10 -1                   
   7: 1500FEA9:EB26 3F15AD03:01BB 06 00000000:00000000 03:00000ECC 00000000     0        0 0 3 0000000000000000                                      
   8: 1500FEA9:9F7C 3F15AD03:01BB 06 00000000:00000000 03:00000C3C 00000000     0        0 0 3 0000000000000000                                      
   9: 0100007F:8507 0100007F:B138 06 00000000:00000000 03:000003A0 00000000     0        0 0 3 0000000000000000                                      
  10: 1500FEA9:9F6C 3F15AD03:01BB 06 00000000:00000000 03:00000B8C 00000000     0        0 0 3 0000000000000000                                      
  11: 1500FEA9:9F68 3F15AD03:01BB 06 00000000:00000000 03:00000B19 00000000     0        0 0 3 0000000000000000                                      
1791335604.526121
  sl  local_address rem_address   st tx_queue rx_queue tr tm->when retrnsmt   uid  timeout inode                                                     
   0: 3500007F:0035 00000000:0000 0A 00000000:00000000 00:00000000 00000000   102        0 12728 1 0000000000000000 100 0 0 10 5                     
   1: 00000000:006F 00000000:0000 0A 00000000:00000000 00:00000000 00000000     0        0 11541 1 0000000000000000 100 0 0 10 0                     
   2: 1500FEA9:EB16 3F15AD03:01BB 06 00000000:00000000 03:00000D1A 00000000     0        0 0 3 0000000000000000                                      
   3: 1500FEA9:CD48 3F15AD03:01BB 01 00000000:00000000 00:00000000 00000000  1001        0 592406 1 0000000000000000 20 4 30 16 -1                   
   4: 0100007F:9485 0100007F:9F88 06 00000000:00000000 03:00000339 00000000     0        0 0 3 0000000000000000                                      
   5: 1500FEA9:EB12 3F15AD03:01BB 06 00000000:00000000 03:00000C6E 00000000     0        0 0 3 0000000000000000                                      
   6: 1500FEA9:D41A DBA942AC:01BB 01 00000000:00000000 00:00000000 00000000  1001        0 680787 1 0000000000000000 20 4 30 10 -1                   
   7: 1500FEA9:EB26 3F15AD03:01BB 06 00000000:00000000 03:00000E64 00000000     0        0 0 3 0000000000000000                                      
   8: 1500FEA9:9F7C 3F15AD03:01BB 06 00000000:00000000 03:00000BD4 00000000     0        0 0 3 0000000000000000                                      
   9: 0100007F:8507 0100007F:B138 06 00000000:00000000 03:00000339 00000000     0        0 0 3 0000000000000000                                      
  10: 1500FEA9:9F6C 3F15AD03:01BB 06 00000000:00000000 03:00000B25 00000000     0        0 0 3 0000000000000000                                      
  11: 1500FEA9:9F68 3F15AD03:01BB 06 00000000:00000000 03:00000AB2 00000000     0        0 0 3 0000000000000000                                      
1791335605.5272844
  sl  local_address rem_address   st tx_queue rx_queue tr tm->when retrnsmt   uid  timeout inode                                                     
   0: 3500007F:0035 00000000:0000 0A 00000000:00000000 00:00000000 00000000   102        0 12728 1 0000000000000000 100 0 0 10 5                     
   1: 00000000:006F 00000000:0000 0A 00000000:00000000 00:00000000 00000000     0        0 11541 1 0000000000000000 100 0 0 10 0                     
   2: 1500FEA9:EB16 3F15AD03:01BB 06 00000000:00000000 03:00000CB8 00000000     0        0 0 3 0000000000000000                                      
   3: 1500FEA9:CD48 3F15AD03:01BB 01 00000000:00000000 00:00000000 00000000  1001        0 592406 1 0000000000000000 20 4 30 16 -1                   
   4: 0100007F:9485 0100007F:9F88 06 00000000:00000000 03:000002D7 00000000     0        0 0 3 0000000000000000                                      
   5: 1500FEA9:EB12 3F15AD03:01BB 06 00000000:00000000 03:00000C0C 00000000     0        0 0 3 0000000000000000                                      
   6: 1500FEA9:D41A DBA942AC:01BB 01 00000000:00000000 00:00000000 00000000  1001        0 680787 1 0000000000000000 20 4 30 10 -1                   
   7: 1500FEA9:EB26 3F15AD03:01BB 06 00000000:00000000 03:00000E02 00000000     0        0 0 3 0000000000000000                                      
   8: 1500FEA9:9F7C 3F15AD03:01BB 06 00000000:00000000 03:00000B72 00000000     0        0 0 3 0000000000000000                                      
   9: 0100007F:8507 0100007F:B138 06 00000000:00000000 03:000002D7 00000000     0        0 0 3 0000000000000000                                      
  10: 1500FEA9:9F6C 3F15AD03:01BB 06 00000000:00000000 03:00000AC3 00000000     0        0 0 3 0000000000000000                                      
  11: 1500FEA9:9F68 3F15AD03:01BB 06 00000000:00000000 03:00000A50 00000000     0        0 0 3 0000000000000000                                      
1791335606.5285892
  sl  local_address rem_address   st tx_queue rx_queue tr tm->when retrnsmt   uid  timeout inode                                                     
   0: 3500007F:0035 00000000:0000 0A 00000000:00000000 00:00000000 00000000   102        0 12728 1 0000000000000000 100 0 0 10 5                     
   1: 00000000:006F 00000000:0000 0A 00000000:00000000 00:00000000 00000000     0        0 11541 1 0000000000000000 100 0 0 10 0                     
   2: 1500FEA9:EB16 3F15AD03:01BB 06 00000000:00000000 03:00000C53 00000000     0        0 0 3 0000000000000000                                      
   3: 1500FEA9:CD48 3F15AD03:01BB 01 00000000:00000000 00:00000000 00000000  1001        0 592406 1 0000000000000000 20 4 30 16 -1                   
   4: 0100007F:9485 0100007F:9F88 06 00000000:00000000 03:00000272 00000000     0        0 0 3 0000000000000000                                      
   5: 1500FEA9:EB12 3F15AD03:01BB 06 00000000:00000000 03:00000BA8 00000000     0        0 0 3 0000000000000000                                      
   6: 1500FEA9:D41A DBA942AC:01BB 01 00000000:00000000 00:00000000 00000000  1001        0 680787 1 0000000000000000 20 4 30 10 -1                   
   7: 1500FEA9:EB26 3F15AD03:01BB 06 00000000:00000000 03:00000D9E 00000000     0        0 0 3 0000000000000000                                      
   8: 1500FEA9:9F7C 3F15AD03:01BB 06 00000000:00000000 03:00000B0E 00000000     0        0 0 3 0000000000000000                                      
   9: 0100007F:8507 0100007F:B138 06 00000000:00000000 03:00000272 00000000     0        0 0 3 0000000000000000                                      
  10: 1500FEA9:9F6C 3F15AD03:01BB 06 00000000:00000000 03:00000A5E 00000000     0        0 0 3 0000000000000000                                      
  11: 1500FEA9:9F68 3F15AD03:01BB 06 00000000:00000000 03:000009EB 00000000     0        0 0 3 0000000000000000                                      
1791335607.5302186
  sl  local_address rem_address   st tx_queue rx_queue tr tm->when retrnsmt   uid  timeout inode                                                     
   0: 3500007F:0035 00000000:0000 0A 00000000:00000000 00:00000000 00000000   102        0 12728 1 0000000000000000 100 0 0 10 5                     
   1: 00000000:006F 00000000:0000 0A 00000000:00000000 00:00000000 00000000     0        0 11541 1 0000000000000000 100 0 0 10 0                     
   2: 1500FEA9:EB16 3F15AD03:01BB 06 00000000:00000000 03:00000BF1 00000000     0        0 0 3 0000000000000000                                      
   3: 1500FEA9:CD48 3F15AD03:01BB 01 00000000:00000000 00:00000000 00000000  1001        0 592406 1 0000000000000000 20 4 30 16 -1                   
   4: 0100007F:9485 0100007F:9F88 06 00000000:00000000 03:00000210 00000000     0        0 0 3 0000000000000000                                      
   5: 1500FEA9:EB12 3F15AD03:01BB 06 00000000:00000000 03:00000B46 00000000     0        0 0 3 0000000000000000                                      
   6: 1500FEA9:D41A DBA942AC:01BB 01 00000000:00000000 00:00000000 00000000  1001        0 680787 1 0000000000000000 20 4 30 10 -1                   
   7: 1500FEA9:EB26 3F15AD03:01BB 06 00000000:00000000 03:00000D3C 00000000     0        0 0 3 0000000000000000                                      
   8: 1500FEA9:9F7C 3F15AD03:01BB 06 00000000:00000000 03:00000AAC 00000000     0        0 0 3 0000000000000000                                      
   9: 0100007F:8507 0100007F:B138 06 00000000:00000000 03:00000210 00000000     0        0 0 3 0000000000000000                                      
  10: 1500FEA9:9F6C 3F15AD03:01BB 06 00000000:00000000 03:000009FC 00000000     0        0 0 3 0000000000000000                                      
  11: 1500FEA9:9F68 3F15AD03:01BB 06 00000000:00000000 03:00000989 00000000     0        0 0 3 0000000000000000                                      
1791335608.5313003
  sl  local_address rem_address   st tx_queue rx_queue tr tm->when retrnsmt   uid  timeout inode                                                     
   0: 3500007F:0035 00000000:0000 0A 00000000:00000000 00:00000000 00000000   102        0 12728 1 0000000000000000 100 0 0 10 5                     
   1: 00000000:006F 00000000:0000 0A 00000000:00000000 00:00000000 00000000     0        0 11541 1 0000000000000000 100 0 0 10 0                     
   2: 1500FEA9:EB16 3F15AD03:01BB 06 00000000:00000000 03:00000B89 00000000     0        0 0 3 0000000000000000                                      
   3: 1500FEA9:CD48 3F15AD03:01BB 01 00000000:00000000 00:00000000 00000000  1001        0 592406 1 0000000000000000 20 4 30 16 -1                   
   4: 0100007F:9485 0100007F:9F88 06 00000000:00000000 03:000001A8 00000000     0        0 0 3 0000000000000000                                      
   5: 1500FEA9:EB12 3F15AD03:01BB 06 00000000:00000000 03:00000ADE 00000000     0        0 0 3 0000000000000000                                      
   6: 1500FEA9:D41A DBA942AC:01BB 01 00000000:00000000 00:00000000 00000000  1001        0 680787 1 0000000000000000 20 4 30 10 -1                   
   7: 1500FEA9:B4DA 3F15AD03:01BB 01 00000000:00000000 02:0000172E 00000000  1001        0 709704 2 0000000000000000 20 4 28 10 -1                   
   8: 1500FEA9:EB26 3F15AD03:01BB 06 00000000:00000000 03:00000CD4 00000000     0        0 0 3 0000000000000000                                      
   9: 1500FEA9:9F7C 3F15AD03:01BB 06 00000000:00000000 03:00000A44 00000000     0        0 0 3 0000000000000000                                      
  10: 0100007F:8507 0100007F:B138 06 00000000:00000000 03:000001A8 00000000     0        0 0 3 0000000000000000                                      
  11: 1500FEA9:9F6C 3F15AD03:01BB 06 00000000:00000000 03:00000994 00000000     0        0 0 3 0000000000000000                                      
  12: 1500FEA9:9F68 3F15AD03:01BB 06 00000000:00000000 03:00000921 00000000     0        0 0 3 0000000000000000                                      
1791335609.5325959
  sl  local_address rem_address   st tx_queue rx_queue tr tm->when retrnsmt   uid  timeout inode                                                     
   0: 3500007F:0035 00000000:0000 0A 00000000:00000000 00:00000000 00000000   102        0 12728 1 0000000000000000 100 0 0 10 5                     
   1: 00000000:006F 00000000:0000 0A 00000000:00000000 00:00000000 00000000     0        0 11541 1 0000000000000000 100 0 0 10 0                     
   2: 1500FEA9:EB16 3F15AD03:01BB 06 00000000:00000000 03:00000B28 00000000     0        0 0 3 0000000000000000                                      
   3: 1500FEA9:CD48 3F15AD03:01BB 01 00000000:00000000 00:00000000 00000000  1001        0 592406 1 0000000000000000 20 4 30 16 -1                   
   4: 0100007F:9485 0100007F:9F88 06 00000000:00000000 03:00000147 00000000     0        0 0 3 0000000000000000                                      
   5: 1500FEA9:EB12 3F15AD03:01BB 06 00000000:00000000 03:00000A7C 00000000     0        0 0 3 0000000000000000                                      
   6: 1500FEA9:D41A DBA942AC:01BB 01 00000000:00000000 00:00000000 00000000  1001        0 680787 1 0000000000000000 20 4 30 10 -1                   
   7: 1500FEA9:B4DA 3F15AD03:01BB 01 00000000:00000000 02:000016CC 00000000  1001        0 709704 2 0000000000000000 20 5 0 10 -1                    
   8: 1500FEA9:EB26 3F15AD03:01BB 06 00000000:00000000 03:00000C72 00000000     0        0 0 3 0000000000000000                                      
   9: 1500FEA9:9F7C 3F15AD03:01BB 06 00000000:00000000 03:000009E2 00000000     0        0 0 3 0000000000000000                                      
  10: 0100007F:8507 0100007F:B138 06 00000000:00000000 03:00000147 00000000     0        0 0 3 0000000000000000                                      
  11: 1500FEA9:9F6C 3F15AD03:01BB 06 00000000:00000000 03:00000933 00000000     0        0 0 3 0000000000000000                                      
  12: 1500FEA9:9F68 3F15AD03:01BB 06 00000000:00000000 03:000008C0 00000000     0        0 0 3 0000000000000000                                      
1791335610.5342402
  sl  local_address rem_address   st tx_queue rx_queue tr tm->when retrnsmt   uid  timeout inode                                                     
   0: 3500007F:0035 00000000:0000 0A 00000000:00000000 00:00000000 00000000   102        0 12728 1 0000000000000000 100 0 0 10 5                     
   1: 00000000:006F 00000000:0000 0A 00000000:00000000 00:00000000 00000000     0        0 11541 1 0000000000000000 100 0 0 10 0                     
   2: 1500FEA9:EB16 3F15AD03:01BB 06 00000000:00000000 03:00000AC3 00000000     0        0 0 3 0000000000000000                                      
   3: 1500FEA9:CD48 3F15AD03:01BB 01 00000000:00000000 00:00000000 00000000  1001        0 592406 1 0000000000000000 20 4 30 16 -1                   
   4: 0100007F:9485 0100007F:9F88 06 00000000:00000000 03:000000E2 00000000     0        0 0 3 0000000000000000                                      
   5: 1500FEA9:EB12 3F15AD03:01BB 06 00000000:00000000 03:00000A18 00000000     0        0 0 3 0000000000000000                                      
   6: 1500FEA9:D41A DBA942AC:01BB 01 00000000:00000000 00:00000000 00000000  1001        0 680787 1 0000000000000000 20 4 30 10 -1                   
   7: 1500FEA9:B4DA 3F15AD03:01BB 01 00000000:00000000 02:00001668 00000000  1001        0 709704 3 0000000000000000 20 4 0 10 -1                    
   8: 1500FEA9:EB26 3F15AD03:01BB 06 00000000:00000000 03:00000C0E 00000000     0        0 0 3 0000000000000000                                      
   9: 1500FEA9:9F7C 3F15AD03:01BB 06 00000000:00000000 03:0000097E 00000000     0        0 0 3 0000000000000000                                      
  10: 0100007F:8507 0100007F:B138 06 00000000:00000000 03:000000E2 00000000     0        0 0 3 0000000000000000                                      
  11: 1500FEA9:9F6C 3F15AD03:01BB 06 00000000:00000000 03:000008CE 00000000     0        0 0 3 0000000000000000                                      
  12: 1500FEA9:9F68 3F15AD03:01BB 06 00000000:00000000 03:0000085B 00000000     0        0 0 3 0000000000000000                                      
1791335611.5352736
  sl  local_address rem_address   st tx_queue rx_queue tr tm->when retrnsmt   uid  timeout inode                                                     
   0: 3500007F:0035 00000000:0000 0A 00000000:00000000 00:00000000 00000000   102        0 12728 1 0000000000000000 100 0 0 10 5                     
   1: 00000000:006F 00000000:0000 0A 00000000:00000000 00:00000000 00000000     0        0 11541 1 0000000000000000 100 0 0 10 0                     
   2: 1500FEA9:EB16 3F15AD03:01BB 06 00000000:00000000 03:00000A5E 00000000     0        0 0 3 0000000000000000                                      
   3: 1500FEA9:CD48 3F15AD03:01BB 01 00000000:00000000 00:00000000 00000000  1001        0 592406 1 0000000000000000 20 4 30 16 -1                   
   4: 0100007F:9485 0100007F:9F88 06 00000000:00000000 03:0000007D 00000000     0        0 0 3 0000000000000000                                      
   5: 1500FEA9:EB12 3F15AD03:01BB 06 00000000:00000000 03:000009B3 00000000     0        0 0 3 0000000000000000                                      
   6: 1500FEA9:D41A DBA942AC:01BB 01 00000000:00000000 00:00000000 00000000  1001        0 680787 1 0000000000000000 20 4 30 10 -1                   
   7: 1500FEA9:B4DA 3F15AD03:01BB 01 00000000:00000000 02:00001603 00000000  1001        0 709704 3 0000000000000000 20 4 0 10 -1                    
   8: 1500FEA9:EB26 3F15AD03:01BB 06 00000000:00000000 03:00000BA9 00000000     0        0 0 3 0000000000000000                                      
   9: 1500FEA9:9F7C 3F15AD03:01BB 06 00000000:00000000 03:00000919 00000000     0        0 0 3 0000000000000000                                      
  10: 0100007F:8507 0100007F:B138 06 00000000:00000000 03:0000007D 00000000     0        0 0 3 0000000000000000                                      
  11: 1500FEA9:9F6C 3F15AD03:01BB 06 00000000:00000000 03:00000869 00000000     0        0 0 3 0000000000000000                                      
  12: 1500FEA9:9F68 3F15AD03:01BB 06 00000000:00000000 03:000007F6 00000000     0        0 0 3 0000000000000000                                      
1791335612.5366151
  sl  local_address rem_address   st tx_queue rx_queue tr tm->when retrnsmt   uid  timeout inode                                                     
   0: 3500007F:0035 00000000:0000 0A 00000000:00000000 00:00000000 00000000   102        0 12728 1 0000000000000000 100 0 0 10 5                     
   1: 00000000:006F 00000000:0000 0A 00000000:00000000 00:00000000 00000000     0        0 11541 1 0000000000000000 100 0 0 10 0                     
   2: 1500FEA9:EB16 3F15AD03:01BB 06 00000000:00000000 03:000009FC 00000000     0        0 0 3 0000000000000000                                      
   3: 1500FEA9:CD48 3F15AD03:01BB 01 00000000:00000000 00:00000000 00000000  1001        0 592406 1 0000000000000000 20 4 30 16 -1                   
   4: 0100007F:9485 0100007F:9F88 06 00000000:00000000 03:0000001B 00000000     0        0 0 3 0000000000000000                                      
   5: 1500FEA9:EB12 3F15AD03:01BB 06 00000000:00000000 03:00000951 00000000     0        0 0 3 0000000000000000                                      
   6: 1500FEA9:D41A DBA942AC:01BB 01 00000000:00000000 00:00000000 00000000  1001        0 680787 1 0000000000000000 20 4 30 10 -1                   
   7: 1500FEA9:B4DA 3F15AD03:01BB 01 00000000:00000000 02:000015A1 00000000  1001        0 709704 3 0000000000000000 20 4 0 10 -1                    
   8: 1500FEA9:EB26 3F15AD03:01BB 06 00000000:00000000 03:00000B47 00000000     0        0 0 3 0000000000000000                                      
   9: 1500FEA9:9F7C 3F15AD03:01BB 06 00000000:00000000 03:000008B7 00000000     0        0 0 3 0000000000000000                                      
  10: 0100007F:8507 0100007F:B138 06 00000000:00000000 03:0000001B 00000000     0        0 0 3 0000000000000000                                      
  11: 1500FEA9:9F6C 3F15AD03:01BB 06 00000000:00000000 03:00000807 00000000     0        0 0 3 0000000000000000                                      
  12: 1500FEA9:9F68 3F15AD03:01BB 06 00000000:00000000 03:00000794 00000000     0        0 0 3 0000000000000000                                      
1791335613.5383446
  sl  local_address rem_address   st tx_queue rx_queue tr tm->when retrnsmt   uid  timeout inode                                                     
   0: 3500007F:0035 00000000:0000 0A 00000000:00000000 00:00000000 00000000   102        0 12728 1 0000000000000000 100 0 0 10 5                     
   1: 00000000:006F 00000000:0000 0A 00000000:00000000 00:00000000 00000000     0        0 11541 1 0000000000000000 100 0 0 10 0                     
   2: 1500FEA9:EB16 3F15AD03:01BB 06 00000000:00000000 03:00000998 00000000     0        0 0 3 0000000000000000                                      
   3: 1500FEA9:CD48 3F15AD03:01BB 01 00000000:00000000 00:00000000 00000000  1001        0 592406 1 0000000000000000 20 4 30 16 -1                   
   4: 0100007F:9485 0100007F:9F88 06 00000000:00000000 03:00000000 00000000     0        0 0 3 0000000000000000                                      
   5: 1500FEA9:EB12 3F15AD03:01BB 06 00000000:00000000 03:000008ED 00000000     0        0 0 3 0000000000000000                                      
   6: 1500FEA9:D41A DBA942AC:01BB 01 00000000:00000000 00:00000000 00000000  1001        0 680787 1 0000000000000000 20 4 30 10 -1                   
   7: 1500FEA9:B4DA 3F15AD03:01BB 01 00000000:00000000 02:0000153D 00000000  1001        0 709704 3 0000000000000000 20 4 0 10 -1                    
   8: 1500FEA9:EB26 3F15AD03:01BB 06 00000000:00000000 03:00000AE3 00000000     0        0 0 3 0000000000000000                                      
   9: 1500FEA9:9F7C 3F15AD03:01BB 06 00000000:00000000 03:00000853 00000000     0        0 0 3 0000000000000000                                      
  10: 0100007F:8507 0100007F:B138 06 00000000:00000000 03:00000000 00000000     0        0 0 3 0000000000000000                                      
  11: 1500FEA9:9F6C 3F15AD03:01BB 06 00000000:00000000 03:000007A3 00000000     0        0 0 3 0000000000000000                                      
  12: 1500FEA9:9F68 3F15AD03:01BB 06 00000000:00000000 03:00000730 00000000     0        0 0 3 0000000000000000                                      
1791335614.5389965
  sl  local_address rem_address   st tx_queue rx_queue tr tm->when retrnsmt   uid  timeout inode                                                     
   0: 3500007F:0035 00000000:0000 0A 00000000:00000000 00:00000000 00000000   102        0 12728 1 0000000000000000 100 0 0 10 5                     
   1: 00000000:006F 00000000:0000 0A 00000000:00000000 00:00000000 00000000     0        0 11541 1 0000000000000000 100 0 0 10 0                     
   2: 1500FEA9:EB16 3F15AD03:01BB 06 00000000:00000000 03:00000934 00000000     0        0 0 3 0000000000000000                                      
   3: 1500FEA9:CD48 3F15AD03:01BB 01 00000000:00000000 00:00000000 00000000  1001        0 592406 1 0000000000000000 20 4 30 16 -1                   
   4: 0100007F:9485 0100007F:9F88 06 00000000:00000000 03:00000000 00000000     0        0 0 3 0000000000000000                                      
   5: 1500FEA9:EB12 3F15AD03:01BB 06 00000000:00000000 03:00000889 00000000     0        0 0 3 0000000000000000                                      
   6: 1500FEA9:D41A DBA942AC:01BB 01 00000000:00000000 00:00000000 00000000  1001        0 680787 1 0000000000000000 20 4 30 10 -1                   
   7: 1500FEA9:B4DA 3F15AD03:01BB 01 00000000:00000000 02:000014D9 00000000  1001        0 709704 3 0000000000000000 20 4 0 10 -1                    
   8: 1500FEA9:EB26 3F15AD03:01BB 06 00000000:00000000 03:00000A7F 00000000     0        0 0 3 0000000000000000                                      
   9: 1500FEA9:9F7C 3F15AD03:01BB 06 00000000:00000000 03:000007EF 00000000     0        0 0 3 0000000000000000                                      
  10: 0100007F:8507 0100007F:B138 06 00000000:00000000 03:00000000 00000000     0        0 0 3 0000000000000000                                      
  11: 1500FEA9:9F6C 3F15AD03:01BB 06 00000000:00000000 03:0000073F 00000000     0        0 0 3 0000000000000000                                      
  12: 1500FEA9:9F68 3F15AD03:01BB 06 00000000:00000000 03:000006CC 00000000     0        0 0 3 0000000000000000                                      
1791335615.539346
  sl  local_address rem_address   st tx_queue rx_queue tr tm->when retrnsmt   uid  timeout inode                                                     
   0: 3500007F:0035 00000000:0000 0A 00000000:00000000 00:00000000 00000000   102        0 12728 1 0000000000000000 100 0 0 10 5                     
   1: 00000000:006F 00000000:0000 0A 00000000:00000000 00:00000000 00000000     0        0 11541 1 0000000000000000 100 0 0 10 0                     
   2: 1500FEA9:EB16 3F15AD03:01BB 06 00000000:00000000 03:000008D0 00000000     0        0 0 3 0000000000000000                                      
   3: 1500FEA9:CD48 3F15AD03:01BB 01 00000000:00000000 00:00000000 00000000  1001        0 592406 1 0000000000000000 20 4 30 16 -1                   
   4: 1500FEA9:EB12 3F15AD03:01BB 06 00000000:00000000 03:00000824 00000000     0        0 0 3 0000000000000000                                      
   5: 1500FEA9:D41A DBA942AC:01BB 01 00000000:00000000 00:00000000 00000000  1001        0 680787 1 0000000000000000 20 4 30 10 -1                   
   6: 1500FEA9:B4DA 3F15AD03:01BB 01 00000000:00000000 02:00001474 00000000  1001        0 709704 3 0000000000000000 20 4 0 10 -1                    
   7: 1500FEA9:EB26 3F15AD03:01BB 06 00000000:00000000 03:00000A1A 00000000     0        0 0 3 0000000000000000                                      
   8: 1500FEA9:9F7C 3F15AD03:01BB 06 00000000:00000000 03:0000078A 00000000     0        0 0 3 0000000000000000                                      
   9: 1500FEA9:9F6C 3F15AD03:01BB 06 00000000:00000000 03:000006DB 00000000     0        0 0 3 0000000000000000                                      
  10: 1500FEA9:9F68 3F15AD03:01BB 06 00000000:00000000 03:00000668 00000000     0        0 0 3 0000000000000000                                      
1791335616.540511
  sl  local_address rem_address   st tx_queue rx_queue tr tm->when retrnsmt   uid  timeout inode                                                     
   0: 3500007F:0035 00000000:0000 0A 00000000:00000000 00:00000000 00000000   102        0 12728 1 0000000000000000 100 0 0 10 5                     
   1: 00000000:006F 00000000:0000 0A 00000000:00000000 00:00000000 00000000     0        0 11541 1 0000000000000000 100 0 0 10 0                     
   2: 1500FEA9:EB16 3F15AD03:01BB 06 00000000:00000000 03:0000086C 00000000     0        0 0 3 0000000000000000                                      
   3: 1500FEA9:CD48 3F15AD03:01BB 01 00000000:00000000 00:00000000 00000000  1001        0 592406 1 0000000000000000 20 4 30 16 -1                   
   4: 1500FEA9:EB12 3F15AD03:01BB 06 00000000:00000000 03:000007C1 00000000     0        0 0 3 0000000000000000                                      
   5: 1500FEA9:D41A DBA942AC:01BB 01 00000000:00000000 00:00000000 00000000  1001        0 680787 1 0000000000000000 20 4 30 10 -1                   
   6: 1500FEA9:B4DA 3F15AD03:01BB 01 00000000:00000000 02:00001411 00000000  1001        0 709704 2 0000000000000000 20 4 0 10 -1                    
   7: 1500FEA9:EB26 3F15AD03:01BB 06 00000000:00000000 03:000009B7 00000000     0        0 0 3 0000000000000000                                      
   8: 1500FEA9:9F7C 3F15AD03:01BB 06 00000000:00000000 03:00000727 00000000     0        0 0 3 0000000000000000                                      
   9: 1500FEA9:9F6C 3F15AD03:01BB 06 00000000:00000000 03:00000677 00000000     0        0 0 3 0000000000000000                                      
  10: 1500FEA9:9F68 3F15AD03:01BB 06 00000000:00000000 03:00000604 00000000     0        0 0 3 0000000000000000                                      
1791335617.5416424
  sl  local_address rem_address   st tx_queue rx_queue tr tm->when retrnsmt   uid  timeout inode                                                     
   0: 3500007F:0035 00000000:0000 0A 00000000:00000000 00:00000000 00000000   102        0 12728 1 0000000000000000 100 0 0 10 5                     
   1: 00000000:006F 00000000:0000 0A 00000000:00000000 00:00000000 00000000     0        0 11541 1 0000000000000000 100 0 0 10 0                     
   2: 1500FEA9:EB16 3F15AD03:01BB 06 00000000:00000000 03:00000808 00000000     0        0 0 3 0000000000000000                                      
   3: 1500FEA9:CD48 3F15AD03:01BB 01 00000000:00000000 00:00000000 00000000  1001        0 592406 1 0000000000000000 20 4 30 16 -1                   
   4: 1500FEA9:EB12 3F15AD03:01BB 06 00000000:00000000 03:0000075C 00000000     0        0 0 3 0000000000000000                                      
   5: 1500FEA9:D41A DBA942AC:01BB 01 00000000:00000000 00:00000000 00000000  1001        0 680787 1 0000000000000000 20 4 30 10 -1                   
   6: 1500FEA9:B4DA 3F15AD03:01BB 01 00000000:00000000 02:000013AC 00000000  1001        0 709704 3 0000000000000000 20 4 0 10 -1                    
   7: 1500FEA9:EB26 3F15AD03:01BB 06 00000000:00000000 03:00000952 00000000     0        0 0 3 0000000000000000                                      
   8: 1500FEA9:9F7C 3F15AD03:01BB 06 00000000:00000000 03:000006C2 00000000     0        0 0 3 0000000000000000                                      
   9: 1500FEA9:9F6C 3F15AD03:01BB 06 00000000:00000000 03:00000613 00000000     0        0 0 3 0000000000000000                                      
  10: 1500FEA9:9F68 3F15AD03:01BB 06 00000000:00000000 03:000005A0 00000000     0        0 0 3 0000000000000000                                      
1791335618.5427883
  sl  local_address rem_address   st tx_queue rx_queue tr tm->when retrnsmt   uid  timeout inode                                                     
   0: 3500007F:0035 00000000:0000 0A 00000000:00000000 00:00000000 00000000   102        0 12728 1 0000000000000000 100 0 0 10 5                     
   1: 00000000:006F 00000000:0000 0A 00000000:00000000 00:00000000 00000000     0        0 11541 1 0000000000000000 100 0 0 10 0                     
   2: 1500FEA9:EB16 3F15AD03:01BB 06 00000000:00000000 03:000007A4 00000000     0        0 0 3 0000000000000000                                      
   3: 1500FEA9:CD48 3F15AD03:01BB 01 00000000:00000000 00:00000000 00000000  1001        0 592406 1 0000000000000000 20 4 30 16 -1                   
   4: 1500FEA9:EB12 3F15AD03:01BB 06 00000000:00000000 03:000006F8 00000000     0        0 0 3 0000000000000000                                      
   5: 1500FEA9:D41A DBA942AC:01BB 01 00000000:00000000 00:00000000 00000000  1001        0 680787 1 0000000000000000 20 4 30 10 -1                   
   6: 1500FEA9:B4DA 3F15AD03:01BB 01 00000000:00000000 02:00001348 00000000  1001        0 709704 3 0000000000000000 20 4 0 10 -1                    
   7: 1500FEA9:EB26 3F15AD03:01BB 06 00000000:00000000 03:000008EE 00000000     0        0 0 3 0000000000000000                                      
   8: 1500FEA9:9F7C 3F15AD03:01BB 06 00000000:00000000 03:0000065E 00000000     0        0 0 3 0000000000000000                                      
   9: 1500FEA9:9F6C 3F15AD03:01BB 06 00000000:00000000 03:000005AF 00000000     0        0 0 3 0000000000000000                                      
  10: 1500FEA9:9F68 3F15AD03:01BB 06 00000000:00000000 03:0000053C 00000000     0        0 0 3 0000000000000000                                      
