warning: Cargo.toml: `lints.clippy.assigning-clones` is deprecated in favor of `lints.clippy.assigning_clones` and will not work in a future edition
warning: Cargo.toml: `lints.clippy.cast-possible-truncation` is deprecated in favor of `lints.clippy.cast_possible_truncation` and will not work in a future edition
warning: Cargo.toml: `lints.clippy.cast-possible-wrap` is deprecated in favor of `lints.clippy.cast_possible_wrap` and will not work in a future edition
warning: Cargo.toml: `lints.clippy.cast-precision-loss` is deprecated in favor of `lints.clippy.cast_precision_loss` and will not work in a future edition
warning: Cargo.toml: `lints.clippy.cast-sign-loss` is deprecated in favor of `lints.clippy.cast_sign_loss` and will not work in a future edition
warning: Cargo.toml: `lints.clippy.default-trait-access` is deprecated in favor of `lints.clippy.default_trait_access` and will not work in a future edition
warning: Cargo.toml: `lints.clippy.float-cmp` is deprecated in favor of `lints.clippy.float_cmp` and will not work in a future edition
warning: Cargo.toml: `lints.clippy.format-collect` is deprecated in favor of `lints.clippy.format_collect` and will not work in a future edition
warning: Cargo.toml: `lints.clippy.format-push-string` is deprecated in favor of `lints.clippy.format_push_string` and will not work in a future edition
warning: Cargo.toml: `lints.clippy.items-after-statements` is deprecated in favor of `lints.clippy.items_after_statements` and will not work in a future edition
warning: Cargo.toml: `lints.clippy.manual-let-else` is deprecated in favor of `lints.clippy.manual_let_else` and will not work in a future edition
warning: Cargo.toml: `lints.clippy.many-single-char-names` is deprecated in favor of `lints.clippy.many_single_char_names` and will not work in a future edition
warning: Cargo.toml: `lints.clippy.match-wildcard-for-single-variants` is deprecated in favor of `lints.clippy.match_wildcard_for_single_variants` and will not work in a future edition
warning: Cargo.toml: `lints.clippy.missing-errors-doc` is deprecated in favor of `lints.clippy.missing_errors_doc` and will not work in a future edition
warning: Cargo.toml: `lints.clippy.missing-panics-doc` is deprecated in favor of `lints.clippy.missing_panics_doc` and will not work in a future edition
warning: Cargo.toml: `lints.clippy.must-use-candidate` is deprecated in favor of `lints.clippy.must_use_candidate` and will not work in a future edition
warning: Cargo.toml: `lints.clippy.needless-continue` is deprecated in favor of `lints.clippy.needless_continue` and will not work in a future edition
warning: Cargo.toml: `lints.clippy.needless-pass-by-value` is deprecated in favor of `lints.clippy.needless_pass_by_value` and will not work in a future edition
warning: Cargo.toml: `lints.clippy.similar-names` is deprecated in favor of `lints.clippy.similar_names` and will not work in a future edition
warning: Cargo.toml: `lints.clippy.struct-field-names` is deprecated in favor of `lints.clippy.struct_field_names` and will not work in a future edition
warning: Cargo.toml: `lints.clippy.too-many-lines` is deprecated in favor of `lints.clippy.too_many_lines` and will not work in a future edition
warning: Cargo.toml: `lints.clippy.trivially-copy-pass-by-ref` is deprecated in favor of `lints.clippy.trivially_copy_pass_by_ref` and will not work in a future edition
warning: Cargo.toml: `lints.clippy.wildcard-enum-match-arm` is deprecated in favor of `lints.clippy.wildcard_enum_match_arm` and will not work in a future edition
warning: workspace (manifest) generated 23 warnings
warning: crates/hs-hashline/Cargo.toml: `lints.clippy.assigning-clones` is deprecated in favor of `lints.clippy.assigning_clones` and will not work in a future edition
warning: crates/hs-hashline/Cargo.toml: `lints.clippy.cast-possible-truncation` is deprecated in favor of `lints.clippy.cast_possible_truncation` and will not work in a future edition
warning: crates/hs-hashline/Cargo.toml: `lints.clippy.cast-possible-wrap` is deprecated in favor of `lints.clippy.cast_possible_wrap` and will not work in a future edition
warning: crates/hs-hashline/Cargo.toml: `lints.clippy.cast-precision-loss` is deprecated in favor of `lints.clippy.cast_precision_loss` and will not work in a future edition
warning: crates/hs-hashline/Cargo.toml: `lints.clippy.cast-sign-loss` is deprecated in favor of `lints.clippy.cast_sign_loss` and will not work in a future edition
warning: crates/hs-hashline/Cargo.toml: `lints.clippy.default-trait-access` is deprecated in favor of `lints.clippy.default_trait_access` and will not work in a future edition
warning: crates/hs-hashline/Cargo.toml: `lints.clippy.float-cmp` is deprecated in favor of `lints.clippy.float_cmp` and will not work in a future edition
warning: crates/hs-hashline/Cargo.toml: `lints.clippy.format-collect` is deprecated in favor of `lints.clippy.format_collect` and will not work in a future edition
warning: crates/hs-hashline/Cargo.toml: `lints.clippy.format-push-string` is deprecated in favor of `lints.clippy.format_push_string` and will not work in a future edition
warning: crates/hs-hashline/Cargo.toml: `lints.clippy.items-after-statements` is deprecated in favor of `lints.clippy.items_after_statements` and will not work in a future edition
warning: crates/hs-hashline/Cargo.toml: `lints.clippy.manual-let-else` is deprecated in favor of `lints.clippy.manual_let_else` and will not work in a future edition
warning: crates/hs-hashline/Cargo.toml: `lints.clippy.many-single-char-names` is deprecated in favor of `lints.clippy.many_single_char_names` and will not work in a future edition
warning: crates/hs-hashline/Cargo.toml: `lints.clippy.match-wildcard-for-single-variants` is deprecated in favor of `lints.clippy.match_wildcard_for_single_variants` and will not work in a future edition
warning: crates/hs-hashline/Cargo.toml: `lints.clippy.missing-errors-doc` is deprecated in favor of `lints.clippy.missing_errors_doc` and will not work in a future edition
warning: crates/hs-hashline/Cargo.toml: `lints.clippy.missing-panics-doc` is deprecated in favor of `lints.clippy.missing_panics_doc` and will not work in a future edition
warning: crates/hs-hashline/Cargo.toml: `lints.clippy.must-use-candidate` is deprecated in favor of `lints.clippy.must_use_candidate` and will not work in a future edition
warning: crates/hs-hashline/Cargo.toml: `lints.clippy.needless-continue` is deprecated in favor of `lints.clippy.needless_continue` and will not work in a future edition
warning: crates/hs-hashline/Cargo.toml: `lints.clippy.needless-pass-by-value` is deprecated in favor of `lints.clippy.needless_pass_by_value` and will not work in a future edition
warning: crates/hs-hashline/Cargo.toml: `lints.clippy.similar-names` is deprecated in favor of `lints.clippy.similar_names` and will not work in a future edition
warning: crates/hs-hashline/Cargo.toml: `lints.clippy.struct-field-names` is deprecated in favor of `lints.clippy.struct_field_names` and will not work in a future edition
warning: crates/hs-hashline/Cargo.toml: `lints.clippy.too-many-lines` is deprecated in favor of `lints.clippy.too_many_lines` and will not work in a future edition
warning: crates/hs-hashline/Cargo.toml: `lints.clippy.trivially-copy-pass-by-ref` is deprecated in favor of `lints.clippy.trivially_copy_pass_by_ref` and will not work in a future edition
warning: crates/hs-hashline/Cargo.toml: `lints.clippy.wildcard-enum-match-arm` is deprecated in favor of `lints.clippy.wildcard_enum_match_arm` and will not work in a future edition
warning: `hs-hashline` (manifest) generated 23 warnings
warning: crates/hs-applypatch/Cargo.toml: `lints.clippy.assigning-clones` is deprecated in favor of `lints.clippy.assigning_clones` and will not work in a future edition
warning: crates/hs-applypatch/Cargo.toml: `lints.clippy.cast-possible-truncation` is deprecated in favor of `lints.clippy.cast_possible_truncation` and will not work in a future edition
warning: crates/hs-applypatch/Cargo.toml: `lints.clippy.cast-possible-wrap` is deprecated in favor of `lints.clippy.cast_possible_wrap` and will not work in a future edition
warning: crates/hs-applypatch/Cargo.toml: `lints.clippy.cast-precision-loss` is deprecated in favor of `lints.clippy.cast_precision_loss` and will not work in a future edition
warning: crates/hs-applypatch/Cargo.toml: `lints.clippy.cast-sign-loss` is deprecated in favor of `lints.clippy.cast_sign_loss` and will not work in a future edition
warning: crates/hs-applypatch/Cargo.toml: `lints.clippy.default-trait-access` is deprecated in favor of `lints.clippy.default_trait_access` and will not work in a future edition
warning: crates/hs-applypatch/Cargo.toml: `lints.clippy.float-cmp` is deprecated in favor of `lints.clippy.float_cmp` and will not work in a future edition
warning: crates/hs-applypatch/Cargo.toml: `lints.clippy.format-collect` is deprecated in favor of `lints.clippy.format_collect` and will not work in a future edition
warning: crates/hs-applypatch/Cargo.toml: `lints.clippy.format-push-string` is deprecated in favor of `lints.clippy.format_push_string` and will not work in a future edition
warning: crates/hs-applypatch/Cargo.toml: `lints.clippy.items-after-statements` is deprecated in favor of `lints.clippy.items_after_statements` and will not work in a future edition
warning: crates/hs-applypatch/Cargo.toml: `lints.clippy.manual-let-else` is deprecated in favor of `lints.clippy.manual_let_else` and will not work in a future edition
warning: crates/hs-applypatch/Cargo.toml: `lints.clippy.many-single-char-names` is deprecated in favor of `lints.clippy.many_single_char_names` and will not work in a future edition
warning: crates/hs-applypatch/Cargo.toml: `lints.clippy.match-wildcard-for-single-variants` is deprecated in favor of `lints.clippy.match_wildcard_for_single_variants` and will not work in a future edition
warning: crates/hs-applypatch/Cargo.toml: `lints.clippy.missing-errors-doc` is deprecated in favor of `lints.clippy.missing_errors_doc` and will not work in a future edition
warning: crates/hs-applypatch/Cargo.toml: `lints.clippy.missing-panics-doc` is deprecated in favor of `lints.clippy.missing_panics_doc` and will not work in a future edition
warning: crates/hs-applypatch/Cargo.toml: `lints.clippy.must-use-candidate` is deprecated in favor of `lints.clippy.must_use_candidate` and will not work in a future edition
warning: crates/hs-applypatch/Cargo.toml: `lints.clippy.needless-continue` is deprecated in favor of `lints.clippy.needless_continue` and will not work in a future edition
warning: crates/hs-applypatch/Cargo.toml: `lints.clippy.needless-pass-by-value` is deprecated in favor of `lints.clippy.needless_pass_by_value` and will not work in a future edition
warning: crates/hs-applypatch/Cargo.toml: `lints.clippy.similar-names` is deprecated in favor of `lints.clippy.similar_names` and will not work in a future edition
warning: crates/hs-applypatch/Cargo.toml: `lints.clippy.struct-field-names` is deprecated in favor of `lints.clippy.struct_field_names` and will not work in a future edition
warning: crates/hs-applypatch/Cargo.toml: `lints.clippy.too-many-lines` is deprecated in favor of `lints.clippy.too_many_lines` and will not work in a future edition
warning: crates/hs-applypatch/Cargo.toml: `lints.clippy.trivially-copy-pass-by-ref` is deprecated in favor of `lints.clippy.trivially_copy_pass_by_ref` and will not work in a future edition
warning: crates/hs-applypatch/Cargo.toml: `lints.clippy.wildcard-enum-match-arm` is deprecated in favor of `lints.clippy.wildcard_enum_match_arm` and will not work in a future edition
warning: `hs-applypatch` (manifest) generated 23 warnings
warning: crates/hs-goal/Cargo.toml: `lints.clippy.assigning-clones` is deprecated in favor of `lints.clippy.assigning_clones` and will not work in a future edition
warning: crates/hs-goal/Cargo.toml: `lints.clippy.cast-possible-truncation` is deprecated in favor of `lints.clippy.cast_possible_truncation` and will not work in a future edition
warning: crates/hs-goal/Cargo.toml: `lints.clippy.cast-possible-wrap` is deprecated in favor of `lints.clippy.cast_possible_wrap` and will not work in a future edition
warning: crates/hs-goal/Cargo.toml: `lints.clippy.cast-precision-loss` is deprecated in favor of `lints.clippy.cast_precision_loss` and will not work in a future edition
warning: crates/hs-goal/Cargo.toml: `lints.clippy.cast-sign-loss` is deprecated in favor of `lints.clippy.cast_sign_loss` and will not work in a future edition
warning: crates/hs-goal/Cargo.toml: `lints.clippy.default-trait-access` is deprecated in favor of `lints.clippy.default_trait_access` and will not work in a future edition
warning: crates/hs-goal/Cargo.toml: `lints.clippy.float-cmp` is deprecated in favor of `lints.clippy.float_cmp` and will not work in a future edition
warning: crates/hs-goal/Cargo.toml: `lints.clippy.format-collect` is deprecated in favor of `lints.clippy.format_collect` and will not work in a future edition
warning: crates/hs-goal/Cargo.toml: `lints.clippy.format-push-string` is deprecated in favor of `lints.clippy.format_push_string` and will not work in a future edition
warning: crates/hs-goal/Cargo.toml: `lints.clippy.items-after-statements` is deprecated in favor of `lints.clippy.items_after_statements` and will not work in a future edition
warning: crates/hs-goal/Cargo.toml: `lints.clippy.manual-let-else` is deprecated in favor of `lints.clippy.manual_let_else` and will not work in a future edition
warning: crates/hs-goal/Cargo.toml: `lints.clippy.many-single-char-names` is deprecated in favor of `lints.clippy.many_single_char_names` and will not work in a future edition
warning: crates/hs-goal/Cargo.toml: `lints.clippy.match-wildcard-for-single-variants` is deprecated in favor of `lints.clippy.match_wildcard_for_single_variants` and will not work in a future edition
warning: crates/hs-goal/Cargo.toml: `lints.clippy.missing-errors-doc` is deprecated in favor of `lints.clippy.missing_errors_doc` and will not work in a future edition
warning: crates/hs-goal/Cargo.toml: `lints.clippy.missing-panics-doc` is deprecated in favor of `lints.clippy.missing_panics_doc` and will not work in a future edition
warning: crates/hs-goal/Cargo.toml: `lints.clippy.must-use-candidate` is deprecated in favor of `lints.clippy.must_use_candidate` and will not work in a future edition
warning: crates/hs-goal/Cargo.toml: `lints.clippy.needless-continue` is deprecated in favor of `lints.clippy.needless_continue` and will not work in a future edition
warning: crates/hs-goal/Cargo.toml: `lints.clippy.needless-pass-by-value` is deprecated in favor of `lints.clippy.needless_pass_by_value` and will not work in a future edition
warning: crates/hs-goal/Cargo.toml: `lints.clippy.similar-names` is deprecated in favor of `lints.clippy.similar_names` and will not work in a future edition
warning: crates/hs-goal/Cargo.toml: `lints.clippy.struct-field-names` is deprecated in favor of `lints.clippy.struct_field_names` and will not work in a future edition
warning: crates/hs-goal/Cargo.toml: `lints.clippy.too-many-lines` is deprecated in favor of `lints.clippy.too_many_lines` and will not work in a future edition
warning: crates/hs-goal/Cargo.toml: `lints.clippy.trivially-copy-pass-by-ref` is deprecated in favor of `lints.clippy.trivially_copy_pass_by_ref` and will not work in a future edition
warning: crates/hs-goal/Cargo.toml: `lints.clippy.wildcard-enum-match-arm` is deprecated in favor of `lints.clippy.wildcard_enum_match_arm` and will not work in a future edition
warning: `hs-goal` (manifest) generated 23 warnings
warning: crates/hs-swarm/Cargo.toml: `lints.clippy.assigning-clones` is deprecated in favor of `lints.clippy.assigning_clones` and will not work in a future edition
warning: crates/hs-swarm/Cargo.toml: `lints.clippy.cast-possible-truncation` is deprecated in favor of `lints.clippy.cast_possible_truncation` and will not work in a future edition
warning: crates/hs-swarm/Cargo.toml: `lints.clippy.cast-possible-wrap` is deprecated in favor of `lints.clippy.cast_possible_wrap` and will not work in a future edition
warning: crates/hs-swarm/Cargo.toml: `lints.clippy.cast-precision-loss` is deprecated in favor of `lints.clippy.cast_precision_loss` and will not work in a future edition
warning: crates/hs-swarm/Cargo.toml: `lints.clippy.cast-sign-loss` is deprecated in favor of `lints.clippy.cast_sign_loss` and will not work in a future edition
warning: crates/hs-swarm/Cargo.toml: `lints.clippy.default-trait-access` is deprecated in favor of `lints.clippy.default_trait_access` and will not work in a future edition
warning: crates/hs-swarm/Cargo.toml: `lints.clippy.float-cmp` is deprecated in favor of `lints.clippy.float_cmp` and will not work in a future edition
warning: crates/hs-swarm/Cargo.toml: `lints.clippy.format-collect` is deprecated in favor of `lints.clippy.format_collect` and will not work in a future edition
warning: crates/hs-swarm/Cargo.toml: `lints.clippy.format-push-string` is deprecated in favor of `lints.clippy.format_push_string` and will not work in a future edition
warning: crates/hs-swarm/Cargo.toml: `lints.clippy.items-after-statements` is deprecated in favor of `lints.clippy.items_after_statements` and will not work in a future edition
warning: crates/hs-swarm/Cargo.toml: `lints.clippy.manual-let-else` is deprecated in favor of `lints.clippy.manual_let_else` and will not work in a future edition
warning: crates/hs-swarm/Cargo.toml: `lints.clippy.many-single-char-names` is deprecated in favor of `lints.clippy.many_single_char_names` and will not work in a future edition
warning: crates/hs-swarm/Cargo.toml: `lints.clippy.match-wildcard-for-single-variants` is deprecated in favor of `lints.clippy.match_wildcard_for_single_variants` and will not work in a future edition
warning: crates/hs-swarm/Cargo.toml: `lints.clippy.missing-errors-doc` is deprecated in favor of `lints.clippy.missing_errors_doc` and will not work in a future edition
warning: crates/hs-swarm/Cargo.toml: `lints.clippy.missing-panics-doc` is deprecated in favor of `lints.clippy.missing_panics_doc` and will not work in a future edition
warning: crates/hs-swarm/Cargo.toml: `lints.clippy.must-use-candidate` is deprecated in favor of `lints.clippy.must_use_candidate` and will not work in a future edition
warning: crates/hs-swarm/Cargo.toml: `lints.clippy.needless-continue` is deprecated in favor of `lints.clippy.needless_continue` and will not work in a future edition
warning: crates/hs-swarm/Cargo.toml: `lints.clippy.needless-pass-by-value` is deprecated in favor of `lints.clippy.needless_pass_by_value` and will not work in a future edition
warning: crates/hs-swarm/Cargo.toml: `lints.clippy.similar-names` is deprecated in favor of `lints.clippy.similar_names` and will not work in a future edition
warning: crates/hs-swarm/Cargo.toml: `lints.clippy.struct-field-names` is deprecated in favor of `lints.clippy.struct_field_names` and will not work in a future edition
warning: crates/hs-swarm/Cargo.toml: `lints.clippy.too-many-lines` is deprecated in favor of `lints.clippy.too_many_lines` and will not work in a future edition
warning: crates/hs-swarm/Cargo.toml: `lints.clippy.trivially-copy-pass-by-ref` is deprecated in favor of `lints.clippy.trivially_copy_pass_by_ref` and will not work in a future edition
warning: crates/hs-swarm/Cargo.toml: `lints.clippy.wildcard-enum-match-arm` is deprecated in favor of `lints.clippy.wildcard_enum_match_arm` and will not work in a future edition
warning: `hs-swarm` (manifest) generated 23 warnings
warning: crates/hs-loop/Cargo.toml: `lints.clippy.assigning-clones` is deprecated in favor of `lints.clippy.assigning_clones` and will not work in a future edition
warning: crates/hs-loop/Cargo.toml: `lints.clippy.cast-possible-truncation` is deprecated in favor of `lints.clippy.cast_possible_truncation` and will not work in a future edition
warning: crates/hs-loop/Cargo.toml: `lints.clippy.cast-possible-wrap` is deprecated in favor of `lints.clippy.cast_possible_wrap` and will not work in a future edition
warning: crates/hs-loop/Cargo.toml: `lints.clippy.cast-precision-loss` is deprecated in favor of `lints.clippy.cast_precision_loss` and will not work in a future edition
warning: crates/hs-loop/Cargo.toml: `lints.clippy.cast-sign-loss` is deprecated in favor of `lints.clippy.cast_sign_loss` and will not work in a future edition
warning: crates/hs-loop/Cargo.toml: `lints.clippy.default-trait-access` is deprecated in favor of `lints.clippy.default_trait_access` and will not work in a future edition
warning: crates/hs-loop/Cargo.toml: `lints.clippy.float-cmp` is deprecated in favor of `lints.clippy.float_cmp` and will not work in a future edition
warning: crates/hs-loop/Cargo.toml: `lints.clippy.format-collect` is deprecated in favor of `lints.clippy.format_collect` and will not work in a future edition
warning: crates/hs-loop/Cargo.toml: `lints.clippy.format-push-string` is deprecated in favor of `lints.clippy.format_push_string` and will not work in a future edition
warning: crates/hs-loop/Cargo.toml: `lints.clippy.items-after-statements` is deprecated in favor of `lints.clippy.items_after_statements` and will not work in a future edition
warning: crates/hs-loop/Cargo.toml: `lints.clippy.manual-let-else` is deprecated in favor of `lints.clippy.manual_let_else` and will not work in a future edition
warning: crates/hs-loop/Cargo.toml: `lints.clippy.many-single-char-names` is deprecated in favor of `lints.clippy.many_single_char_names` and will not work in a future edition
warning: crates/hs-loop/Cargo.toml: `lints.clippy.match-wildcard-for-single-variants` is deprecated in favor of `lints.clippy.match_wildcard_for_single_variants` and will not work in a future edition
warning: crates/hs-loop/Cargo.toml: `lints.clippy.missing-errors-doc` is deprecated in favor of `lints.clippy.missing_errors_doc` and will not work in a future edition
warning: crates/hs-loop/Cargo.toml: `lints.clippy.missing-panics-doc` is deprecated in favor of `lints.clippy.missing_panics_doc` and will not work in a future edition
warning: crates/hs-loop/Cargo.toml: `lints.clippy.must-use-candidate` is deprecated in favor of `lints.clippy.must_use_candidate` and will not work in a future edition
warning: crates/hs-loop/Cargo.toml: `lints.clippy.needless-continue` is deprecated in favor of `lints.clippy.needless_continue` and will not work in a future edition
warning: crates/hs-loop/Cargo.toml: `lints.clippy.needless-pass-by-value` is deprecated in favor of `lints.clippy.needless_pass_by_value` and will not work in a future edition
warning: crates/hs-loop/Cargo.toml: `lints.clippy.similar-names` is deprecated in favor of `lints.clippy.similar_names` and will not work in a future edition
warning: crates/hs-loop/Cargo.toml: `lints.clippy.struct-field-names` is deprecated in favor of `lints.clippy.struct_field_names` and will not work in a future edition
warning: crates/hs-loop/Cargo.toml: `lints.clippy.too-many-lines` is deprecated in favor of `lints.clippy.too_many_lines` and will not work in a future edition
warning: crates/hs-loop/Cargo.toml: `lints.clippy.trivially-copy-pass-by-ref` is deprecated in favor of `lints.clippy.trivially_copy_pass_by_ref` and will not work in a future edition
warning: crates/hs-loop/Cargo.toml: `lints.clippy.wildcard-enum-match-arm` is deprecated in favor of `lints.clippy.wildcard_enum_match_arm` and will not work in a future edition
warning: `hs-loop` (manifest) generated 23 warnings
warning: crates/hs-bench/Cargo.toml: `lints.clippy.assigning-clones` is deprecated in favor of `lints.clippy.assigning_clones` and will not work in a future edition
warning: crates/hs-bench/Cargo.toml: `lints.clippy.cast-possible-truncation` is deprecated in favor of `lints.clippy.cast_possible_truncation` and will not work in a future edition
warning: crates/hs-bench/Cargo.toml: `lints.clippy.cast-possible-wrap` is deprecated in favor of `lints.clippy.cast_possible_wrap` and will not work in a future edition
warning: crates/hs-bench/Cargo.toml: `lints.clippy.cast-precision-loss` is deprecated in favor of `lints.clippy.cast_precision_loss` and will not work in a future edition
warning: crates/hs-bench/Cargo.toml: `lints.clippy.cast-sign-loss` is deprecated in favor of `lints.clippy.cast_sign_loss` and will not work in a future edition
warning: crates/hs-bench/Cargo.toml: `lints.clippy.default-trait-access` is deprecated in favor of `lints.clippy.default_trait_access` and will not work in a future edition
warning: crates/hs-bench/Cargo.toml: `lints.clippy.float-cmp` is deprecated in favor of `lints.clippy.float_cmp` and will not work in a future edition
warning: crates/hs-bench/Cargo.toml: `lints.clippy.format-collect` is deprecated in favor of `lints.clippy.format_collect` and will not work in a future edition
warning: crates/hs-bench/Cargo.toml: `lints.clippy.format-push-string` is deprecated in favor of `lints.clippy.format_push_string` and will not work in a future edition
warning: crates/hs-bench/Cargo.toml: `lints.clippy.items-after-statements` is deprecated in favor of `lints.clippy.items_after_statements` and will not work in a future edition
warning: crates/hs-bench/Cargo.toml: `lints.clippy.manual-let-else` is deprecated in favor of `lints.clippy.manual_let_else` and will not work in a future edition
warning: crates/hs-bench/Cargo.toml: `lints.clippy.many-single-char-names` is deprecated in favor of `lints.clippy.many_single_char_names` and will not work in a future edition
warning: crates/hs-bench/Cargo.toml: `lints.clippy.match-wildcard-for-single-variants` is deprecated in favor of `lints.clippy.match_wildcard_for_single_variants` and will not work in a future edition
warning: crates/hs-bench/Cargo.toml: `lints.clippy.missing-errors-doc` is deprecated in favor of `lints.clippy.missing_errors_doc` and will not work in a future edition
warning: crates/hs-bench/Cargo.toml: `lints.clippy.missing-panics-doc` is deprecated in favor of `lints.clippy.missing_panics_doc` and will not work in a future edition
warning: crates/hs-bench/Cargo.toml: `lints.clippy.must-use-candidate` is deprecated in favor of `lints.clippy.must_use_candidate` and will not work in a future edition
warning: crates/hs-bench/Cargo.toml: `lints.clippy.needless-continue` is deprecated in favor of `lints.clippy.needless_continue` and will not work in a future edition
warning: crates/hs-bench/Cargo.toml: `lints.clippy.needless-pass-by-value` is deprecated in favor of `lints.clippy.needless_pass_by_value` and will not work in a future edition
warning: crates/hs-bench/Cargo.toml: `lints.clippy.similar-names` is deprecated in favor of `lints.clippy.similar_names` and will not work in a future edition
warning: crates/hs-bench/Cargo.toml: `lints.clippy.struct-field-names` is deprecated in favor of `lints.clippy.struct_field_names` and will not work in a future edition
warning: crates/hs-bench/Cargo.toml: `lints.clippy.too-many-lines` is deprecated in favor of `lints.clippy.too_many_lines` and will not work in a future edition
warning: crates/hs-bench/Cargo.toml: `lints.clippy.trivially-copy-pass-by-ref` is deprecated in favor of `lints.clippy.trivially_copy_pass_by_ref` and will not work in a future edition
warning: crates/hs-bench/Cargo.toml: `lints.clippy.wildcard-enum-match-arm` is deprecated in favor of `lints.clippy.wildcard_enum_match_arm` and will not work in a future edition
warning: `hs-bench` (manifest) generated 23 warnings
warning: crates/hs-log/Cargo.toml: `lints.clippy.assigning-clones` is deprecated in favor of `lints.clippy.assigning_clones` and will not work in a future edition
warning: crates/hs-log/Cargo.toml: `lints.clippy.cast-possible-truncation` is deprecated in favor of `lints.clippy.cast_possible_truncation` and will not work in a future edition
warning: crates/hs-log/Cargo.toml: `lints.clippy.cast-possible-wrap` is deprecated in favor of `lints.clippy.cast_possible_wrap` and will not work in a future edition
warning: crates/hs-log/Cargo.toml: `lints.clippy.cast-precision-loss` is deprecated in favor of `lints.clippy.cast_precision_loss` and will not work in a future edition
warning: crates/hs-log/Cargo.toml: `lints.clippy.cast-sign-loss` is deprecated in favor of `lints.clippy.cast_sign_loss` and will not work in a future edition
warning: crates/hs-log/Cargo.toml: `lints.clippy.default-trait-access` is deprecated in favor of `lints.clippy.default_trait_access` and will not work in a future edition
warning: crates/hs-log/Cargo.toml: `lints.clippy.float-cmp` is deprecated in favor of `lints.clippy.float_cmp` and will not work in a future edition
warning: crates/hs-log/Cargo.toml: `lints.clippy.format-collect` is deprecated in favor of `lints.clippy.format_collect` and will not work in a future edition
warning: crates/hs-log/Cargo.toml: `lints.clippy.format-push-string` is deprecated in favor of `lints.clippy.format_push_string` and will not work in a future edition
warning: crates/hs-log/Cargo.toml: `lints.clippy.items-after-statements` is deprecated in favor of `lints.clippy.items_after_statements` and will not work in a future edition
warning: crates/hs-log/Cargo.toml: `lints.clippy.manual-let-else` is deprecated in favor of `lints.clippy.manual_let_else` and will not work in a future edition
warning: crates/hs-log/Cargo.toml: `lints.clippy.many-single-char-names` is deprecated in favor of `lints.clippy.many_single_char_names` and will not work in a future edition
warning: crates/hs-log/Cargo.toml: `lints.clippy.match-wildcard-for-single-variants` is deprecated in favor of `lints.clippy.match_wildcard_for_single_variants` and will not work in a future edition
warning: crates/hs-log/Cargo.toml: `lints.clippy.missing-errors-doc` is deprecated in favor of `lints.clippy.missing_errors_doc` and will not work in a future edition
warning: crates/hs-log/Cargo.toml: `lints.clippy.missing-panics-doc` is deprecated in favor of `lints.clippy.missing_panics_doc` and will not work in a future edition
warning: crates/hs-log/Cargo.toml: `lints.clippy.must-use-candidate` is deprecated in favor of `lints.clippy.must_use_candidate` and will not work in a future edition
warning: crates/hs-log/Cargo.toml: `lints.clippy.needless-continue` is deprecated in favor of `lints.clippy.needless_continue` and will not work in a future edition
warning: crates/hs-log/Cargo.toml: `lints.clippy.needless-pass-by-value` is deprecated in favor of `lints.clippy.needless_pass_by_value` and will not work in a future edition
warning: crates/hs-log/Cargo.toml: `lints.clippy.similar-names` is deprecated in favor of `lints.clippy.similar_names` and will not work in a future edition
warning: crates/hs-log/Cargo.toml: `lints.clippy.struct-field-names` is deprecated in favor of `lints.clippy.struct_field_names` and will not work in a future edition
warning: crates/hs-log/Cargo.toml: `lints.clippy.too-many-lines` is deprecated in favor of `lints.clippy.too_many_lines` and will not work in a future edition
warning: crates/hs-log/Cargo.toml: `lints.clippy.trivially-copy-pass-by-ref` is deprecated in favor of `lints.clippy.trivially_copy_pass_by_ref` and will not work in a future edition
warning: crates/hs-log/Cargo.toml: `lints.clippy.wildcard-enum-match-arm` is deprecated in favor of `lints.clippy.wildcard_enum_match_arm` and will not work in a future edition
warning: `hs-log` (manifest) generated 23 warnings
warning: crates/hs-core/Cargo.toml: `lints.clippy.assigning-clones` is deprecated in favor of `lints.clippy.assigning_clones` and will not work in a future edition
warning: crates/hs-core/Cargo.toml: `lints.clippy.cast-possible-truncation` is deprecated in favor of `lints.clippy.cast_possible_truncation` and will not work in a future edition
warning: crates/hs-core/Cargo.toml: `lints.clippy.cast-possible-wrap` is deprecated in favor of `lints.clippy.cast_possible_wrap` and will not work in a future edition
warning: crates/hs-core/Cargo.toml: `lints.clippy.cast-precision-loss` is deprecated in favor of `lints.clippy.cast_precision_loss` and will not work in a future edition
warning: crates/hs-core/Cargo.toml: `lints.clippy.cast-sign-loss` is deprecated in favor of `lints.clippy.cast_sign_loss` and will not work in a future edition
warning: crates/hs-core/Cargo.toml: `lints.clippy.default-trait-access` is deprecated in favor of `lints.clippy.default_trait_access` and will not work in a future edition
warning: crates/hs-core/Cargo.toml: `lints.clippy.float-cmp` is deprecated in favor of `lints.clippy.float_cmp` and will not work in a future edition
warning: crates/hs-core/Cargo.toml: `lints.clippy.format-collect` is deprecated in favor of `lints.clippy.format_collect` and will not work in a future edition
warning: crates/hs-core/Cargo.toml: `lints.clippy.format-push-string` is deprecated in favor of `lints.clippy.format_push_string` and will not work in a future edition
warning: crates/hs-core/Cargo.toml: `lints.clippy.items-after-statements` is deprecated in favor of `lints.clippy.items_after_statements` and will not work in a future edition
warning: crates/hs-core/Cargo.toml: `lints.clippy.manual-let-else` is deprecated in favor of `lints.clippy.manual_let_else` and will not work in a future edition
warning: crates/hs-core/Cargo.toml: `lints.clippy.many-single-char-names` is deprecated in favor of `lints.clippy.many_single_char_names` and will not work in a future edition
warning: crates/hs-core/Cargo.toml: `lints.clippy.match-wildcard-for-single-variants` is deprecated in favor of `lints.clippy.match_wildcard_for_single_variants` and will not work in a future edition
warning: crates/hs-core/Cargo.toml: `lints.clippy.missing-errors-doc` is deprecated in favor of `lints.clippy.missing_errors_doc` and will not work in a future edition
warning: crates/hs-core/Cargo.toml: `lints.clippy.missing-panics-doc` is deprecated in favor of `lints.clippy.missing_panics_doc` and will not work in a future edition
warning: crates/hs-core/Cargo.toml: `lints.clippy.must-use-candidate` is deprecated in favor of `lints.clippy.must_use_candidate` and will not work in a future edition
warning: crates/hs-core/Cargo.toml: `lints.clippy.needless-continue` is deprecated in favor of `lints.clippy.needless_continue` and will not work in a future edition
warning: crates/hs-core/Cargo.toml: `lints.clippy.needless-pass-by-value` is deprecated in favor of `lints.clippy.needless_pass_by_value` and will not work in a future edition
warning: crates/hs-core/Cargo.toml: `lints.clippy.similar-names` is deprecated in favor of `lints.clippy.similar_names` and will not work in a future edition
warning: crates/hs-core/Cargo.toml: `lints.clippy.struct-field-names` is deprecated in favor of `lints.clippy.struct_field_names` and will not work in a future edition
warning: crates/hs-core/Cargo.toml: `lints.clippy.too-many-lines` is deprecated in favor of `lints.clippy.too_many_lines` and will not work in a future edition
warning: crates/hs-core/Cargo.toml: `lints.clippy.trivially-copy-pass-by-ref` is deprecated in favor of `lints.clippy.trivially_copy_pass_by_ref` and will not work in a future edition
warning: crates/hs-core/Cargo.toml: `lints.clippy.wildcard-enum-match-arm` is deprecated in favor of `lints.clippy.wildcard_enum_match_arm` and will not work in a future edition
warning: `hs-core` (manifest) generated 23 warnings
warning: crates/hs-scorer/Cargo.toml: `lints.clippy.assigning-clones` is deprecated in favor of `lints.clippy.assigning_clones` and will not work in a future edition
warning: crates/hs-scorer/Cargo.toml: `lints.clippy.cast-possible-truncation` is deprecated in favor of `lints.clippy.cast_possible_truncation` and will not work in a future edition
warning: crates/hs-scorer/Cargo.toml: `lints.clippy.cast-possible-wrap` is deprecated in favor of `lints.clippy.cast_possible_wrap` and will not work in a future edition
warning: crates/hs-scorer/Cargo.toml: `lints.clippy.cast-precision-loss` is deprecated in favor of `lints.clippy.cast_precision_loss` and will not work in a future edition
warning: crates/hs-scorer/Cargo.toml: `lints.clippy.cast-sign-loss` is deprecated in favor of `lints.clippy.cast_sign_loss` and will not work in a future edition
warning: crates/hs-scorer/Cargo.toml: `lints.clippy.default-trait-access` is deprecated in favor of `lints.clippy.default_trait_access` and will not work in a future edition
warning: crates/hs-scorer/Cargo.toml: `lints.clippy.float-cmp` is deprecated in favor of `lints.clippy.float_cmp` and will not work in a future edition
warning: crates/hs-scorer/Cargo.toml: `lints.clippy.format-collect` is deprecated in favor of `lints.clippy.format_collect` and will not work in a future edition
warning: crates/hs-scorer/Cargo.toml: `lints.clippy.format-push-string` is deprecated in favor of `lints.clippy.format_push_string` and will not work in a future edition
warning: crates/hs-scorer/Cargo.toml: `lints.clippy.items-after-statements` is deprecated in favor of `lints.clippy.items_after_statements` and will not work in a future edition
warning: crates/hs-scorer/Cargo.toml: `lints.clippy.manual-let-else` is deprecated in favor of `lints.clippy.manual_let_else` and will not work in a future edition
warning: crates/hs-scorer/Cargo.toml: `lints.clippy.many-single-char-names` is deprecated in favor of `lints.clippy.many_single_char_names` and will not work in a future edition
warning: crates/hs-scorer/Cargo.toml: `lints.clippy.match-wildcard-for-single-variants` is deprecated in favor of `lints.clippy.match_wildcard_for_single_variants` and will not work in a future edition
warning: crates/hs-scorer/Cargo.toml: `lints.clippy.missing-errors-doc` is deprecated in favor of `lints.clippy.missing_errors_doc` and will not work in a future edition
warning: crates/hs-scorer/Cargo.toml: `lints.clippy.missing-panics-doc` is deprecated in favor of `lints.clippy.missing_panics_doc` and will not work in a future edition
warning: crates/hs-scorer/Cargo.toml: `lints.clippy.must-use-candidate` is deprecated in favor of `lints.clippy.must_use_candidate` and will not work in a future edition
warning: crates/hs-scorer/Cargo.toml: `lints.clippy.needless-continue` is deprecated in favor of `lints.clippy.needless_continue` and will not work in a future edition
warning: crates/hs-scorer/Cargo.toml: `lints.clippy.needless-pass-by-value` is deprecated in favor of `lints.clippy.needless_pass_by_value` and will not work in a future edition
warning: crates/hs-scorer/Cargo.toml: `lints.clippy.similar-names` is deprecated in favor of `lints.clippy.similar_names` and will not work in a future edition
warning: crates/hs-scorer/Cargo.toml: `lints.clippy.struct-field-names` is deprecated in favor of `lints.clippy.struct_field_names` and will not work in a future edition
warning: crates/hs-scorer/Cargo.toml: `lints.clippy.too-many-lines` is deprecated in favor of `lints.clippy.too_many_lines` and will not work in a future edition
warning: crates/hs-scorer/Cargo.toml: `lints.clippy.trivially-copy-pass-by-ref` is deprecated in favor of `lints.clippy.trivially_copy_pass_by_ref` and will not work in a future edition
warning: crates/hs-scorer/Cargo.toml: `lints.clippy.wildcard-enum-match-arm` is deprecated in favor of `lints.clippy.wildcard_enum_match_arm` and will not work in a future edition
warning: `hs-scorer` (manifest) generated 23 warnings
warning: crates/hs-memory/Cargo.toml: `lints.clippy.assigning-clones` is deprecated in favor of `lints.clippy.assigning_clones` and will not work in a future edition
warning: crates/hs-memory/Cargo.toml: `lints.clippy.cast-possible-truncation` is deprecated in favor of `lints.clippy.cast_possible_truncation` and will not work in a future edition
warning: crates/hs-memory/Cargo.toml: `lints.clippy.cast-possible-wrap` is deprecated in favor of `lints.clippy.cast_possible_wrap` and will not work in a future edition
warning: crates/hs-memory/Cargo.toml: `lints.clippy.cast-precision-loss` is deprecated in favor of `lints.clippy.cast_precision_loss` and will not work in a future edition
warning: crates/hs-memory/Cargo.toml: `lints.clippy.cast-sign-loss` is deprecated in favor of `lints.clippy.cast_sign_loss` and will not work in a future edition
warning: crates/hs-memory/Cargo.toml: `lints.clippy.default-trait-access` is deprecated in favor of `lints.clippy.default_trait_access` and will not work in a future edition
warning: crates/hs-memory/Cargo.toml: `lints.clippy.float-cmp` is deprecated in favor of `lints.clippy.float_cmp` and will not work in a future edition
warning: crates/hs-memory/Cargo.toml: `lints.clippy.format-collect` is deprecated in favor of `lints.clippy.format_collect` and will not work in a future edition
warning: crates/hs-memory/Cargo.toml: `lints.clippy.format-push-string` is deprecated in favor of `lints.clippy.format_push_string` and will not work in a future edition
warning: crates/hs-memory/Cargo.toml: `lints.clippy.items-after-statements` is deprecated in favor of `lints.clippy.items_after_statements` and will not work in a future edition
warning: crates/hs-memory/Cargo.toml: `lints.clippy.manual-let-else` is deprecated in favor of `lints.clippy.manual_let_else` and will not work in a future edition
warning: crates/hs-memory/Cargo.toml: `lints.clippy.many-single-char-names` is deprecated in favor of `lints.clippy.many_single_char_names` and will not work in a future edition
warning: crates/hs-memory/Cargo.toml: `lints.clippy.match-wildcard-for-single-variants` is deprecated in favor of `lints.clippy.match_wildcard_for_single_variants` and will not work in a future edition
warning: crates/hs-memory/Cargo.toml: `lints.clippy.missing-errors-doc` is deprecated in favor of `lints.clippy.missing_errors_doc` and will not work in a future edition
warning: crates/hs-memory/Cargo.toml: `lints.clippy.missing-panics-doc` is deprecated in favor of `lints.clippy.missing_panics_doc` and will not work in a future edition
warning: crates/hs-memory/Cargo.toml: `lints.clippy.must-use-candidate` is deprecated in favor of `lints.clippy.must_use_candidate` and will not work in a future edition
warning: crates/hs-memory/Cargo.toml: `lints.clippy.needless-continue` is deprecated in favor of `lints.clippy.needless_continue` and will not work in a future edition
warning: crates/hs-memory/Cargo.toml: `lints.clippy.needless-pass-by-value` is deprecated in favor of `lints.clippy.needless_pass_by_value` and will not work in a future edition
warning: crates/hs-memory/Cargo.toml: `lints.clippy.similar-names` is deprecated in favor of `lints.clippy.similar_names` and will not work in a future edition
warning: crates/hs-memory/Cargo.toml: `lints.clippy.struct-field-names` is deprecated in favor of `lints.clippy.struct_field_names` and will not work in a future edition
warning: crates/hs-memory/Cargo.toml: `lints.clippy.too-many-lines` is deprecated in favor of `lints.clippy.too_many_lines` and will not work in a future edition
warning: crates/hs-memory/Cargo.toml: `lints.clippy.trivially-copy-pass-by-ref` is deprecated in favor of `lints.clippy.trivially_copy_pass_by_ref` and will not work in a future edition
warning: crates/hs-memory/Cargo.toml: `lints.clippy.wildcard-enum-match-arm` is deprecated in favor of `lints.clippy.wildcard_enum_match_arm` and will not work in a future edition
warning: `hs-memory` (manifest) generated 23 warnings
warning: crates/hs-selfmod/Cargo.toml: `lints.clippy.assigning-clones` is deprecated in favor of `lints.clippy.assigning_clones` and will not work in a future edition
warning: crates/hs-selfmod/Cargo.toml: `lints.clippy.cast-possible-truncation` is deprecated in favor of `lints.clippy.cast_possible_truncation` and will not work in a future edition
warning: crates/hs-selfmod/Cargo.toml: `lints.clippy.cast-possible-wrap` is deprecated in favor of `lints.clippy.cast_possible_wrap` and will not work in a future edition
warning: crates/hs-selfmod/Cargo.toml: `lints.clippy.cast-precision-loss` is deprecated in favor of `lints.clippy.cast_precision_loss` and will not work in a future edition
warning: crates/hs-selfmod/Cargo.toml: `lints.clippy.cast-sign-loss` is deprecated in favor of `lints.clippy.cast_sign_loss` and will not work in a future edition
warning: crates/hs-selfmod/Cargo.toml: `lints.clippy.default-trait-access` is deprecated in favor of `lints.clippy.default_trait_access` and will not work in a future edition
warning: crates/hs-selfmod/Cargo.toml: `lints.clippy.float-cmp` is deprecated in favor of `lints.clippy.float_cmp` and will not work in a future edition
warning: crates/hs-selfmod/Cargo.toml: `lints.clippy.format-collect` is deprecated in favor of `lints.clippy.format_collect` and will not work in a future edition
warning: crates/hs-selfmod/Cargo.toml: `lints.clippy.format-push-string` is deprecated in favor of `lints.clippy.format_push_string` and will not work in a future edition
warning: crates/hs-selfmod/Cargo.toml: `lints.clippy.items-after-statements` is deprecated in favor of `lints.clippy.items_after_statements` and will not work in a future edition
warning: crates/hs-selfmod/Cargo.toml: `lints.clippy.manual-let-else` is deprecated in favor of `lints.clippy.manual_let_else` and will not work in a future edition
warning: crates/hs-selfmod/Cargo.toml: `lints.clippy.many-single-char-names` is deprecated in favor of `lints.clippy.many_single_char_names` and will not work in a future edition
warning: crates/hs-selfmod/Cargo.toml: `lints.clippy.match-wildcard-for-single-variants` is deprecated in favor of `lints.clippy.match_wildcard_for_single_variants` and will not work in a future edition
warning: crates/hs-selfmod/Cargo.toml: `lints.clippy.missing-errors-doc` is deprecated in favor of `lints.clippy.missing_errors_doc` and will not work in a future edition
warning: crates/hs-selfmod/Cargo.toml: `lints.clippy.missing-panics-doc` is deprecated in favor of `lints.clippy.missing_panics_doc` and will not work in a future edition
warning: crates/hs-selfmod/Cargo.toml: `lints.clippy.must-use-candidate` is deprecated in favor of `lints.clippy.must_use_candidate` and will not work in a future edition
warning: crates/hs-selfmod/Cargo.toml: `lints.clippy.needless-continue` is deprecated in favor of `lints.clippy.needless_continue` and will not work in a future edition
warning: crates/hs-selfmod/Cargo.toml: `lints.clippy.needless-pass-by-value` is deprecated in favor of `lints.clippy.needless_pass_by_value` and will not work in a future edition
warning: crates/hs-selfmod/Cargo.toml: `lints.clippy.similar-names` is deprecated in favor of `lints.clippy.similar_names` and will not work in a future edition
warning: crates/hs-selfmod/Cargo.toml: `lints.clippy.struct-field-names` is deprecated in favor of `lints.clippy.struct_field_names` and will not work in a future edition
warning: crates/hs-selfmod/Cargo.toml: `lints.clippy.too-many-lines` is deprecated in favor of `lints.clippy.too_many_lines` and will not work in a future edition
warning: crates/hs-selfmod/Cargo.toml: `lints.clippy.trivially-copy-pass-by-ref` is deprecated in favor of `lints.clippy.trivially_copy_pass_by_ref` and will not work in a future edition
warning: crates/hs-selfmod/Cargo.toml: `lints.clippy.wildcard-enum-match-arm` is deprecated in favor of `lints.clippy.wildcard_enum_match_arm` and will not work in a future edition
warning: `hs-selfmod` (manifest) generated 23 warnings
warning: crates/hs-world/Cargo.toml: `lints.clippy.assigning-clones` is deprecated in favor of `lints.clippy.assigning_clones` and will not work in a future edition
warning: crates/hs-world/Cargo.toml: `lints.clippy.cast-possible-truncation` is deprecated in favor of `lints.clippy.cast_possible_truncation` and will not work in a future edition
warning: crates/hs-world/Cargo.toml: `lints.clippy.cast-possible-wrap` is deprecated in favor of `lints.clippy.cast_possible_wrap` and will not work in a future edition
warning: crates/hs-world/Cargo.toml: `lints.clippy.cast-precision-loss` is deprecated in favor of `lints.clippy.cast_precision_loss` and will not work in a future edition
warning: crates/hs-world/Cargo.toml: `lints.clippy.cast-sign-loss` is deprecated in favor of `lints.clippy.cast_sign_loss` and will not work in a future edition
warning: crates/hs-world/Cargo.toml: `lints.clippy.default-trait-access` is deprecated in favor of `lints.clippy.default_trait_access` and will not work in a future edition
warning: crates/hs-world/Cargo.toml: `lints.clippy.float-cmp` is deprecated in favor of `lints.clippy.float_cmp` and will not work in a future edition
warning: crates/hs-world/Cargo.toml: `lints.clippy.format-collect` is deprecated in favor of `lints.clippy.format_collect` and will not work in a future edition
warning: crates/hs-world/Cargo.toml: `lints.clippy.format-push-string` is deprecated in favor of `lints.clippy.format_push_string` and will not work in a future edition
warning: crates/hs-world/Cargo.toml: `lints.clippy.items-after-statements` is deprecated in favor of `lints.clippy.items_after_statements` and will not work in a future edition
warning: crates/hs-world/Cargo.toml: `lints.clippy.manual-let-else` is deprecated in favor of `lints.clippy.manual_let_else` and will not work in a future edition
warning: crates/hs-world/Cargo.toml: `lints.clippy.many-single-char-names` is deprecated in favor of `lints.clippy.many_single_char_names` and will not work in a future edition
warning: crates/hs-world/Cargo.toml: `lints.clippy.match-wildcard-for-single-variants` is deprecated in favor of `lints.clippy.match_wildcard_for_single_variants` and will not work in a future edition
warning: crates/hs-world/Cargo.toml: `lints.clippy.missing-errors-doc` is deprecated in favor of `lints.clippy.missing_errors_doc` and will not work in a future edition
warning: crates/hs-world/Cargo.toml: `lints.clippy.missing-panics-doc` is deprecated in favor of `lints.clippy.missing_panics_doc` and will not work in a future edition
warning: crates/hs-world/Cargo.toml: `lints.clippy.must-use-candidate` is deprecated in favor of `lints.clippy.must_use_candidate` and will not work in a future edition
warning: crates/hs-world/Cargo.toml: `lints.clippy.needless-continue` is deprecated in favor of `lints.clippy.needless_continue` and will not work in a future edition
warning: crates/hs-world/Cargo.toml: `lints.clippy.needless-pass-by-value` is deprecated in favor of `lints.clippy.needless_pass_by_value` and will not work in a future edition
warning: crates/hs-world/Cargo.toml: `lints.clippy.similar-names` is deprecated in favor of `lints.clippy.similar_names` and will not work in a future edition
warning: crates/hs-world/Cargo.toml: `lints.clippy.struct-field-names` is deprecated in favor of `lints.clippy.struct_field_names` and will not work in a future edition
warning: crates/hs-world/Cargo.toml: `lints.clippy.too-many-lines` is deprecated in favor of `lints.clippy.too_many_lines` and will not work in a future edition
warning: crates/hs-world/Cargo.toml: `lints.clippy.trivially-copy-pass-by-ref` is deprecated in favor of `lints.clippy.trivially_copy_pass_by_ref` and will not work in a future edition
warning: crates/hs-world/Cargo.toml: `lints.clippy.wildcard-enum-match-arm` is deprecated in favor of `lints.clippy.wildcard_enum_match_arm` and will not work in a future edition
warning: `hs-world` (manifest) generated 23 warnings
warning: crates/hs-kernel/Cargo.toml: `lints.clippy.assigning-clones` is deprecated in favor of `lints.clippy.assigning_clones` and will not work in a future edition
warning: crates/hs-kernel/Cargo.toml: `lints.clippy.cast-possible-truncation` is deprecated in favor of `lints.clippy.cast_possible_truncation` and will not work in a future edition
warning: crates/hs-kernel/Cargo.toml: `lints.clippy.cast-possible-wrap` is deprecated in favor of `lints.clippy.cast_possible_wrap` and will not work in a future edition
warning: crates/hs-kernel/Cargo.toml: `lints.clippy.cast-precision-loss` is deprecated in favor of `lints.clippy.cast_precision_loss` and will not work in a future edition
warning: crates/hs-kernel/Cargo.toml: `lints.clippy.cast-sign-loss` is deprecated in favor of `lints.clippy.cast_sign_loss` and will not work in a future edition
warning: crates/hs-kernel/Cargo.toml: `lints.clippy.default-trait-access` is deprecated in favor of `lints.clippy.default_trait_access` and will not work in a future edition
warning: crates/hs-kernel/Cargo.toml: `lints.clippy.float-cmp` is deprecated in favor of `lints.clippy.float_cmp` and will not work in a future edition
warning: crates/hs-kernel/Cargo.toml: `lints.clippy.format-collect` is deprecated in favor of `lints.clippy.format_collect` and will not work in a future edition
warning: crates/hs-kernel/Cargo.toml: `lints.clippy.format-push-string` is deprecated in favor of `lints.clippy.format_push_string` and will not work in a future edition
warning: crates/hs-kernel/Cargo.toml: `lints.clippy.items-after-statements` is deprecated in favor of `lints.clippy.items_after_statements` and will not work in a future edition
warning: crates/hs-kernel/Cargo.toml: `lints.clippy.manual-let-else` is deprecated in favor of `lints.clippy.manual_let_else` and will not work in a future edition
warning: crates/hs-kernel/Cargo.toml: `lints.clippy.many-single-char-names` is deprecated in favor of `lints.clippy.many_single_char_names` and will not work in a future edition
warning: crates/hs-kernel/Cargo.toml: `lints.clippy.match-wildcard-for-single-variants` is deprecated in favor of `lints.clippy.match_wildcard_for_single_variants` and will not work in a future edition
warning: crates/hs-kernel/Cargo.toml: `lints.clippy.missing-errors-doc` is deprecated in favor of `lints.clippy.missing_errors_doc` and will not work in a future edition
warning: crates/hs-kernel/Cargo.toml: `lints.clippy.missing-panics-doc` is deprecated in favor of `lints.clippy.missing_panics_doc` and will not work in a future edition
warning: crates/hs-kernel/Cargo.toml: `lints.clippy.must-use-candidate` is deprecated in favor of `lints.clippy.must_use_candidate` and will not work in a future edition
warning: crates/hs-kernel/Cargo.toml: `lints.clippy.needless-continue` is deprecated in favor of `lints.clippy.needless_continue` and will not work in a future edition
warning: crates/hs-kernel/Cargo.toml: `lints.clippy.needless-pass-by-value` is deprecated in favor of `lints.clippy.needless_pass_by_value` and will not work in a future edition
warning: crates/hs-kernel/Cargo.toml: `lints.clippy.similar-names` is deprecated in favor of `lints.clippy.similar_names` and will not work in a future edition
warning: crates/hs-kernel/Cargo.toml: `lints.clippy.struct-field-names` is deprecated in favor of `lints.clippy.struct_field_names` and will not work in a future edition
warning: crates/hs-kernel/Cargo.toml: `lints.clippy.too-many-lines` is deprecated in favor of `lints.clippy.too_many_lines` and will not work in a future edition
warning: crates/hs-kernel/Cargo.toml: `lints.clippy.trivially-copy-pass-by-ref` is deprecated in favor of `lints.clippy.trivially_copy_pass_by_ref` and will not work in a future edition
warning: crates/hs-kernel/Cargo.toml: `lints.clippy.wildcard-enum-match-arm` is deprecated in favor of `lints.clippy.wildcard_enum_match_arm` and will not work in a future edition
warning: `hs-kernel` (manifest) generated 23 warnings
warning: crates/hs-cli/Cargo.toml: `lints.clippy.assigning-clones` is deprecated in favor of `lints.clippy.assigning_clones` and will not work in a future edition
warning: crates/hs-cli/Cargo.toml: `lints.clippy.cast-possible-truncation` is deprecated in favor of `lints.clippy.cast_possible_truncation` and will not work in a future edition
warning: crates/hs-cli/Cargo.toml: `lints.clippy.cast-possible-wrap` is deprecated in favor of `lints.clippy.cast_possible_wrap` and will not work in a future edition
warning: crates/hs-cli/Cargo.toml: `lints.clippy.cast-precision-loss` is deprecated in favor of `lints.clippy.cast_precision_loss` and will not work in a future edition
warning: crates/hs-cli/Cargo.toml: `lints.clippy.cast-sign-loss` is deprecated in favor of `lints.clippy.cast_sign_loss` and will not work in a future edition
warning: crates/hs-cli/Cargo.toml: `lints.clippy.default-trait-access` is deprecated in favor of `lints.clippy.default_trait_access` and will not work in a future edition
warning: crates/hs-cli/Cargo.toml: `lints.clippy.float-cmp` is deprecated in favor of `lints.clippy.float_cmp` and will not work in a future edition
warning: crates/hs-cli/Cargo.toml: `lints.clippy.format-collect` is deprecated in favor of `lints.clippy.format_collect` and will not work in a future edition
warning: crates/hs-cli/Cargo.toml: `lints.clippy.format-push-string` is deprecated in favor of `lints.clippy.format_push_string` and will not work in a future edition
warning: crates/hs-cli/Cargo.toml: `lints.clippy.items-after-statements` is deprecated in favor of `lints.clippy.items_after_statements` and will not work in a future edition
warning: crates/hs-cli/Cargo.toml: `lints.clippy.manual-let-else` is deprecated in favor of `lints.clippy.manual_let_else` and will not work in a future edition
warning: crates/hs-cli/Cargo.toml: `lints.clippy.many-single-char-names` is deprecated in favor of `lints.clippy.many_single_char_names` and will not work in a future edition
warning: crates/hs-cli/Cargo.toml: `lints.clippy.match-wildcard-for-single-variants` is deprecated in favor of `lints.clippy.match_wildcard_for_single_variants` and will not work in a future edition
warning: crates/hs-cli/Cargo.toml: `lints.clippy.missing-errors-doc` is deprecated in favor of `lints.clippy.missing_errors_doc` and will not work in a future edition
warning: crates/hs-cli/Cargo.toml: `lints.clippy.missing-panics-doc` is deprecated in favor of `lints.clippy.missing_panics_doc` and will not work in a future edition
warning: crates/hs-cli/Cargo.toml: `lints.clippy.must-use-candidate` is deprecated in favor of `lints.clippy.must_use_candidate` and will not work in a future edition
warning: crates/hs-cli/Cargo.toml: `lints.clippy.needless-continue` is deprecated in favor of `lints.clippy.needless_continue` and will not work in a future edition
warning: crates/hs-cli/Cargo.toml: `lints.clippy.needless-pass-by-value` is deprecated in favor of `lints.clippy.needless_pass_by_value` and will not work in a future edition
warning: crates/hs-cli/Cargo.toml: `lints.clippy.similar-names` is deprecated in favor of `lints.clippy.similar_names` and will not work in a future edition
warning: crates/hs-cli/Cargo.toml: `lints.clippy.struct-field-names` is deprecated in favor of `lints.clippy.struct_field_names` and will not work in a future edition
warning: crates/hs-cli/Cargo.toml: `lints.clippy.too-many-lines` is deprecated in favor of `lints.clippy.too_many_lines` and will not work in a future edition
warning: crates/hs-cli/Cargo.toml: `lints.clippy.trivially-copy-pass-by-ref` is deprecated in favor of `lints.clippy.trivially_copy_pass_by_ref` and will not work in a future edition
warning: crates/hs-cli/Cargo.toml: `lints.clippy.wildcard-enum-match-arm` is deprecated in favor of `lints.clippy.wildcard_enum_match_arm` and will not work in a future edition
warning: `hs-cli` (manifest) generated 23 warnings
warning: unused attribute
   --> crates/hs-loop/src/appback.rs:148:1
    |
148 | #[must_use]
    | ^^^^^^^^^^^ help: remove this attribute
    |
note: attribute also specified here
   --> crates/hs-loop/src/appback.rs:144:1
    |
144 | #[must_use]
    | ^^^^^^^^^^^
    = warning: this was previously accepted by the compiler but is being phased out; it will become a hard error in a future release!
    = note: `#[warn(unused_attributes)]` (part of `#[warn(unused)]`) on by default

warning: use of deprecated method `std::sync::atomic::Atomic::<usize>::fetch_update`: renamed to `try_update` for consistency
   --> crates/hs-loop/src/repexec.rs:239:10
    |
239 |         .fetch_update(
    |          ^^^^^^^^^^^^
    |
    = note: `#[warn(deprecated)]` on by default
help: replace the use of the deprecated method
    |
239 -         .fetch_update(
239 +         .try_update(
    |

warning: `hs-loop` (lib) generated 2 warnings (run `cargo fix --lib -p hs-loop` to apply 2 suggestions)
   Compiling hs-swarm v0.1.0 (/tmp/hs/crates/hs-swarm)
   Compiling hs-loop v0.1.0 (/tmp/hs/crates/hs-loop)
warning: unused return value of `hs_loop::goal_state::call` that must be used
  --> crates/hs-loop/tests/goal_tool_red.rs:23:5
   |
23 |     call(d.path(), &json!({"op":"create","objective":"a"}));
   |     ^^^^^^^^^^^^^^^^^^^^^^^^^^^^^^^^^^^^^^^^^^^^^^^^^^^^^^^
   |
   = note: `#[warn(unused_must_use)]` (part of `#[warn(unused)]`) on by default
help: use `let _ = ...` to ignore the resulting value
   |
23 |     let _ = call(d.path(), &json!({"op":"create","objective":"a"}));
   |     +++++++

warning: `hs-loop` (test "goal_tool_red") generated 1 warning
warning: unused return value of `workflow` that must be used
   --> crates/hs-loop/tests/engine_red.rs:144:5
    |
144 |     hs_loop::tools2::workflow(wd.path(), &serde_json::json!({"op":"define","name":"two","steps":["step one","step two"]}));
    |     ^^^^^^^^^^^^^^^^^^^^^^^^^^^^^^^^^^^^^^^^^^^^^^^^^^^^^^^^^^^^^^^^^^^^^^^^^^^^^^^^^^^^^^^^^^^^^^^^^^^^^^^^^^^^^^^^^^^^^^
    |
    = note: `#[warn(unused_must_use)]` (part of `#[warn(unused)]`) on by default
help: use `let _ = ...` to ignore the resulting value
    |
144 |     let _ = hs_loop::tools2::workflow(wd.path(), &serde_json::json!({"op":"define","name":"two","steps":["step one","step two"]}));
    |     +++++++

warning: `hs-loop` (test "engine_red") generated 1 warning
warning: `hs-loop` (lib test) generated 2 warnings (2 duplicates)
    Finished `test` profile [unoptimized] target(s) in 37.78s
     Running unittests src/lib.rs (target/debug/deps/hs_applypatch-c6f7cb0c75c1c8ff)

running 32 tests
test apply::tests::test_context_not_found_returns_error ... ok
test apply::tests::test_end_of_file_marker_handling ... ok
test apply::tests::test_multiple_chunks_in_single_file ... ok
test apply::tests::test_interleaved_changes ... ok
test apply::tests::test_old_lines_not_found_returns_error ... ok
test apply::tests::test_unicode_dash_matching ... ok
test apply::tests::test_pure_addition_then_removal ... ok
test apply::tests::test_update_file_modifies_content ... ok
test parser::tests::test_parse_one_hunk_bad_header ... ok
test parser::tests::test_parse_patch_all_hunk_types ... ok
test parser::tests::test_parse_patch_add_file_with_whitespace_around_markers ... ok
test parser::tests::test_parse_patch_bad_first_line ... ok
test parser::tests::test_parse_patch_bad_last_line ... ok
test parser::tests::test_parse_patch_empty_hunks ... ok
test parser::tests::test_parse_patch_empty_update_hunk ... ok
test parser::tests::test_parse_patch_public_api ... ok
test parser::tests::test_parse_patch_lenient_heredoc_variants ... ok
test parser::tests::test_parse_patch_update_followed_by_add ... ok
test parser::tests::test_parse_patch_update_without_explicit_context_marker ... ok
test parser::tests::test_update_file_chunk_bad_diff_line ... ok
test parser::tests::test_update_file_chunk_bad_start ... ok
test parser::tests::test_update_file_chunk_empty_after_context ... ok
test parser::tests::test_update_file_chunk_eof_with_no_lines ... ok
test parser::tests::test_update_file_chunk_with_context_and_diff_lines ... ok
test parser::tests::test_update_file_chunk_with_eof_marker ... ok
test seek_sequence::tests::test_empty_pattern_returns_start ... ok
test seek_sequence::tests::test_eof_flag_searches_from_end ... ok
test seek_sequence::tests::test_exact_match_finds_sequence ... ok
test seek_sequence::tests::test_pattern_longer_than_input_returns_none ... ok
test seek_sequence::tests::test_rstrip_match_ignores_trailing_whitespace ... ok
test seek_sequence::tests::test_trim_match_ignores_leading_and_trailing_whitespace ... ok
test seek_sequence::tests::test_unicode_normalise_matches_typographic_dashes ... ok

test result: ok. 32 passed; 0 failed; 0 ignored; 0 measured; 0 filtered out; finished in 0.00s

     Running unittests src/lib.rs (target/debug/deps/hs_bench-1f17884e787ce51f)

running 0 tests

test result: ok. 0 passed; 0 failed; 0 ignored; 0 measured; 0 filtered out; finished in 0.00s

     Running tests/bench_prep_proof.rs (target/debug/deps/bench_prep_proof-51af8516464ced53)

running 4 tests
test loader_parses_swebench_verified_jsonl ... ok
test budget_burn_is_killed_and_scored_unresolved ... ok
test report_is_swebench_shaped ... ok
test offline_pipeline_gold_resolves_wrong_fails ... ok

test result: ok. 4 passed; 0 failed; 0 ignored; 0 measured; 0 filtered out; finished in 0.03s

     Running tests/mission_adapter_proof.rs (target/debug/deps/mission_adapter_proof-a8b45871757603a3)

running 4 tests
test empty_patch_leaves_tests_failing ... ok
test gold_patch_applies_and_flips_fail_to_pass ... ok
test malformed_patch_is_no_apply_not_a_test_failure ... ok
test prep_workspace_clones_and_checks_out_base_commit ... ok

test result: ok. 4 passed; 0 failed; 0 ignored; 0 measured; 0 filtered out; finished in 0.11s

     Running tests/mission_prompt_proof.rs (target/debug/deps/mission_prompt_proof-a9d5c85447f9426b)

running 2 tests
test prompt_carries_statement_layout_and_contract ... ok
test contract_round_trips_through_extractor ... ok

test result: ok. 2 passed; 0 failed; 0 ignored; 0 measured; 0 filtered out; finished in 0.01s

     Running tests/orchestrator_proof.rs (target/debug/deps/orchestrator_proof-d70fd99d2d3cfc75)

running 2 tests
test uncapped_run_completes_everything ... ok
test run_cap_stops_launching_and_marks_not_run ... ok

test result: ok. 2 passed; 0 failed; 0 ignored; 0 measured; 0 filtered out; finished in 0.00s

     Running tests/patch_artifact_proof.rs (target/debug/deps/patch_artifact_proof-1c124dae3f5c47b6)

running 2 tests
test failed_apply_also_leaves_no_artifact ... ok
test apply_leaves_no_artifact_in_workspace ... ok

test result: ok. 2 passed; 0 failed; 0 ignored; 0 measured; 0 filtered out; finished in 0.01s

     Running tests/patch_extract_proof.rs (target/debug/deps/patch_extract_proof-fc42f9a35db4ece4)

running 5 tests
test extracts_fenced_diff ... ok
test extracts_bare_unified_diff ... ok
test picks_the_diff_not_other_fences ... ok
test prose_only_yields_no_patch ... ok
test preserves_trailing_blank_context_line ... ok

test result: ok. 5 passed; 0 failed; 0 ignored; 0 measured; 0 filtered out; finished in 0.02s

     Running unittests src/lib.rs (target/debug/deps/hs_cli-b255a2365adfe3c5)

running 0 tests

test result: ok. 0 passed; 0 failed; 0 ignored; 0 measured; 0 filtered out; finished in 0.00s

     Running unittests src/bin/hs-demo.rs (target/debug/deps/hs_demo-e70483a336e1a472)

running 0 tests

test result: ok. 0 passed; 0 failed; 0 ignored; 0 measured; 0 filtered out; finished in 0.00s

     Running unittests src/bin/hs-gate2-driver.rs (target/debug/deps/hs_gate2_driver-59ac6ed78d2bff6d)

running 0 tests

test result: ok. 0 passed; 0 failed; 0 ignored; 0 measured; 0 filtered out; finished in 0.00s

     Running unittests src/bin/hs-log-cli.rs (target/debug/deps/hs_log_cli-899c92389cf97924)

running 0 tests

test result: ok. 0 passed; 0 failed; 0 ignored; 0 measured; 0 filtered out; finished in 0.00s

     Running unittests src/bin/hs-plugin-echo.rs (target/debug/deps/hs_plugin_echo-26a0ec0321b999b9)

running 0 tests

test result: ok. 0 passed; 0 failed; 0 ignored; 0 measured; 0 filtered out; finished in 0.00s

     Running unittests src/bin/hs-plugin-fakemodel.rs (target/debug/deps/hs_plugin_fakemodel-30dfd08eb522b30e)

running 0 tests

test result: ok. 0 passed; 0 failed; 0 ignored; 0 measured; 0 filtered out; finished in 0.00s

     Running unittests src/bin/hs-plugin-fakemodel2.rs (target/debug/deps/hs_plugin_fakemodel2-183d0cf586dcd448)

running 0 tests

test result: ok. 0 passed; 0 failed; 0 ignored; 0 measured; 0 filtered out; finished in 0.00s

     Running unittests src/bin/hs-plugin-upper.rs (target/debug/deps/hs_plugin_upper-9bcb97e98a3cf93b)

running 0 tests

test result: ok. 0 passed; 0 failed; 0 ignored; 0 measured; 0 filtered out; finished in 0.00s

     Running tests/atif.rs (target/debug/deps/atif-5609919d15ebf27a)

running 2 tests
test unpaired_model_call_is_reported_not_exported ... ok
test trajectory_has_required_atif_fields_and_correlated_tool_results ... ok

test result: ok. 2 passed; 0 failed; 0 ignored; 0 measured; 0 filtered out; finished in 0.01s

     Running tests/gate1_proof.rs (target/debug/deps/gate1_proof-4ae1b940ca8a9bb2)

running 4 tests
test gate1_determinism_two_runs_identical ... ok
test gate1_proof_2_rewind_and_replay_to_identical_state ... ok
test gate1_proof_3_corrupted_byte_is_caught ... ok
test gate1_proof_1_kill_mid_run_resume_zero_loss ... ok

test result: ok. 4 passed; 0 failed; 0 ignored; 0 measured; 0 filtered out; finished in 0.30s

     Running tests/gate2_proof.rs (target/debug/deps/gate2_proof-189e8da9d6c6a3ec)

running 1 test
test gate2_proof_add_tool_and_model_by_config_only ... ok

test result: ok. 1 passed; 0 failed; 0 ignored; 0 measured; 0 filtered out; finished in 0.12s

     Running tests/log_dump_truncate_red.rs (target/debug/deps/log_dump_truncate_red-29d2140da411c654)

running 3 tests
test dump_payloads_actually_truncates_oversize_payloads ... ok
test dump_payloads_truncation_respects_char_boundaries ... ok
test trace_truncation_respects_char_boundaries ... ok

test result: ok. 3 passed; 0 failed; 0 ignored; 0 measured; 0 filtered out; finished in 0.03s

     Running tests/log_trace_red.rs (target/debug/deps/log_trace_red-206b4333ccc75119)

running 2 tests
test trace_replay_prints_reasoning_in_order_and_skips_non_model_events ... ok
test trace_follow_emits_events_appended_after_start ... ok

test result: ok. 2 passed; 0 failed; 0 ignored; 0 measured; 0 filtered out; finished in 0.51s

     Running tests/otlp.rs (target/debug/deps/otlp-b9187f62447f025c)

running 4 tests
test duplicate_identity_is_reported_not_arbitrarily_priced ... ok
test nested_critic_rounds_export_without_double_counting_checker_cost ... ok
test unmatched_start_and_legacy_call_are_not_success ... ok
test real_kernel_export_counts_once_and_pairs_errors ... ok

test result: ok. 4 passed; 0 failed; 0 ignored; 0 measured; 0 filtered out; finished in 0.03s

     Running unittests src/lib.rs (target/debug/deps/hs_core-d45bc8742423dc46)

running 0 tests

test result: ok. 0 passed; 0 failed; 0 ignored; 0 measured; 0 filtered out; finished in 0.00s

     Running tests/capability_change_red.rs (target/debug/deps/capability_change_red-2c0ea285051f025d)

running 1 test
test capability_change_kind_exists_at_a_stable_tag_and_roundtrips ... ok

test result: ok. 1 passed; 0 failed; 0 ignored; 0 measured; 0 filtered out; finished in 0.00s

     Running tests/decode_option_tags_red.rs (target/debug/deps/decode_option_tags_red-755193ad5bf63874)

running 2 tests
test decode_rejects_noncanonical_parent_option_tag ... ok
test decode_rejects_noncanonical_snap_option_tag ... ok

test result: ok. 2 passed; 0 failed; 0 ignored; 0 measured; 0 filtered out; finished in 0.00s

     Running tests/event_schema.rs (target/debug/deps/event_schema-dedef5182b470718)

running 8 tests
test cost_is_decimal_micros_not_float ... ok
test encoding_is_deterministic ... ok
test changing_any_field_breaks_verify ... ok
test hash_is_sha256_over_canonical_encoding_without_hash_field ... ok
test payload_variants_roundtrip ... ok
test every_spec_kind_exists_and_roundtrips_through_encoding ... ok
test unknown_kind_tag_is_rejected_not_silently_mapped ... ok
test reserved_kinds_for_gates_7_and_8_are_in_kind_space ... ok

test result: ok. 8 passed; 0 failed; 0 ignored; 0 measured; 0 filtered out; finished in 0.00s

     Running unittests src/lib.rs (target/debug/deps/hs_goal-f9ddbc0e9d2ef38a)

running 0 tests

test result: ok. 0 passed; 0 failed; 0 ignored; 0 measured; 0 filtered out; finished in 0.00s

     Running unittests src/bin/hs-plugin-costmodel.rs (target/debug/deps/hs_plugin_costmodel-7af99175de9cb0e4)

running 0 tests

test result: ok. 0 passed; 0 failed; 0 ignored; 0 measured; 0 filtered out; finished in 0.00s

     Running unittests src/bin/hs-plugin-costtool.rs (target/debug/deps/hs_plugin_costtool-bdaee4986ef26062)

running 0 tests

test result: ok. 0 passed; 0 failed; 0 ignored; 0 measured; 0 filtered out; finished in 0.00s

     Running unittests src/bin/hs-plugin-goalanswer.rs (target/debug/deps/hs_plugin_goalanswer-39a982de319fb56d)

running 0 tests

test result: ok. 0 passed; 0 failed; 0 ignored; 0 measured; 0 filtered out; finished in 0.00s

     Running unittests src/bin/hs-plugin-goalchecker.rs (target/debug/deps/hs_plugin_goalchecker-f5a757b267f16196)

running 0 tests

test result: ok. 0 passed; 0 failed; 0 ignored; 0 measured; 0 filtered out; finished in 0.00s

     Running unittests src/bin/hs-plugin-goalmodel.rs (target/debug/deps/hs_plugin_goalmodel-81a19e5a1ffb0436)

running 0 tests

test result: ok. 0 passed; 0 failed; 0 ignored; 0 measured; 0 filtered out; finished in 0.00s

     Running tests/gate4_proof.rs (target/debug/deps/gate4_proof-40ddab7c7c2620e5)

running 1 test
test gate4_proof_false_completion_plants ... ok

test result: ok. 1 passed; 0 failed; 0 ignored; 0 measured; 0 filtered out; finished in 0.37s

     Running tests/outer_loop.rs (target/debug/deps/outer_loop-c26c512508a105ee)

running 7 tests
test budget_exceeded_checkpoints_and_stops ... ok
test gateway_cancel_mid_run_leaves_progress_intact ... ok
test gateway_redirect_mid_run_retargets_without_losing_history ... ok
test independent_mode_catches_every_false_completion ... ok
test hybrid_mode_catches_false_completion_but_passes_honest_work ... ok
test independent_mode_still_passes_honest_work ... ok
test self_mode_accepts_a_false_completion_and_it_is_counted ... ok

test result: ok. 7 passed; 0 failed; 0 ignored; 0 measured; 0 filtered out; finished in 0.32s

     Running tests/tool_cost_red.rs (target/debug/deps/tool_cost_red-233b85957ac36e65)

running 1 test
test tool_call_events_carry_their_cost_in_the_canonical_field ... ok

test result: ok. 1 passed; 0 failed; 0 ignored; 0 measured; 0 filtered out; finished in 0.05s

     Running unittests src/lib.rs (target/debug/deps/hs_hashline-9f80d489870316c1)

running 157 tests
test anchor::tests::find_shifted_in_content_found ... ok
test anchor::tests::generate_for_content_roundtrip ... ok
test anchor::tests::split_lines_basic ... ok
test anchor::tests::split_lines_empty ... ok
test anchor::tests::split_lines_single_newline ... ok
test anchor::tests::validate_against_content_stale ... ok
test anchor::tests::split_lines_trailing_newline ... ok
test anchor::tests::validate_against_content_valid ... ok
test config::tests::chunk_size_zero_rejected ... ok
test config::tests::content_only_builds ... ok
test config::tests::content_only_ignores_chunk_size ... ok
test config::tests::custom_chunk_params ... ok
test config::tests::default_builds_chunk_scheme ... ok
test config::tests::deserializes_from_json ... ok
test config::tests::hash_len_five_rejected ... ok
test config::tests::hash_len_zero_rejected ... ok
test config::tests::render_description_chunk_3 ... ok
test config::tests::render_description_content_only_2 ... ok
test config::tests::render_does_not_panic_on_invalid_hash_len ... ok
test config::tests::render_grep_examples_chunk ... ok
test config::tests::render_grep_examples_content_only ... ok
test config::tests::unknown_scheme_rejected ... ok
test edit::apply::tests::ambiguous_recovery_with_repetitive_content ... ok
test edit::apply::tests::batch_ordering_bottom_up ... ok
test edit::apply::tests::batch_overlap_identifies_conflicting_edits ... ok
test edit::apply::tests::arrow_content_stripped_from_anchor ... ok
test edit::apply::tests::batch_stale_anchor_rejects_all_and_identifies_failing_edit ... ok
test edit::apply::tests::detect_anchor_prefix_in_content_works ... ok
test edit::apply::tests::delete_via_empty_content ... ok
test edit::apply::tests::edit_details_empty_for_write_op ... ok
test edit::apply::tests::edit_details_empty_on_error ... ok
test edit::apply::tests::deterministic_shifted_recovery_with_full_anchor ... ok
test edit::apply::tests::edit_details_for_delete_has_empty_new_text ... ok
test edit::apply::tests::edit_details_for_insert_has_empty_old_text ... ok
test edit::apply::tests::edit_details_for_multi_edit_with_shift ... ok
test edit::apply::tests::edit_details_for_range_replace_captures_full_range ... ok
test edit::apply::tests::edit_details_for_single_replace ... ok
test edit::apply::tests::end_before_start_error ... ok
test edit::apply::tests::eof_insert_no_extra_blank_line_trailing_newline ... ok
test edit::apply::tests::eof_insert_no_trailing_newline ... ok
test edit::apply::tests::format_hint_chunk_scheme_shows_two_hashes ... ok
test edit::apply::tests::format_hint_content_only_scheme_shows_single_hash ... ok
test edit::apply::tests::format_hint_respects_hash_len ... ok
test edit::apply::tests::format_hint_used_in_malformed_anchor_error ... ok
test edit::apply::tests::hash_only_anchor_recovered_when_unique ... ok
test edit::apply::tests::hash_only_anchor_rejected_when_ambiguous ... ok
test edit::apply::tests::hash_only_anchor_rejected_when_no_match ... ok
test edit::apply::tests::insert_after_anchor ... ok
test edit::apply::tests::insert_after_bof ... ok
test edit::apply::tests::insert_after_empty_content_inserts_blank_line ... ok
test edit::apply::tests::insert_after_eof ... ok
test edit::apply::tests::insert_after_rejects_content_with_anchor_prefix ... ok
test edit::apply::tests::insert_at_exclusive_end_of_replace_range_allowed ... ok
test edit::apply::tests::insert_at_start_of_replace_range_rejected ... ok
test edit::apply::tests::edit_details_for_scattered_edits_are_compact ... ok
test edit::apply::tests::insert_before_replace_range_allowed ... ok
test edit::apply::tests::insert_inside_replace_range_rejected ... ok
test edit::apply::tests::large_range_produces_warning ... ok
test edit::apply::tests::malformed_anchor_error ... ok
test edit::apply::tests::medium_range_warns ... ok
test edit::apply::tests::nearby_batch_produces_contiguous_snippet ... ok
test edit::apply::tests::no_recovery_when_content_changed ... ok
test edit::apply::tests::out_of_range_anchor_error ... ok
test edit::apply::tests::overlapping_edits_error ... ok
test edit::apply::tests::point_replace ... ok
test edit::apply::tests::range_replace ... ok
test edit::apply::tests::replace_rejects_content_with_anchor_prefix ... ok
test edit::apply::tests::same_anchor_inserts_preserve_request_order ... ok
test edit::apply::tests::scattered_batch_produces_per_region_snippets ... ok
test edit::apply::tests::shifted_anchor_is_usable ... ok
test edit::apply::tests::shifted_recovery_after_delete_above ... ok
test edit::apply::tests::shifted_recovery_after_insert_above ... ok
test edit::apply::tests::scattered_mixed_ops_delete_insert_replace ... ok
test edit::apply::tests::small_range_no_warning ... ok
test edit::apply::tests::snippet_has_fresh_anchors ... ok
test edit::apply::tests::stale_anchor_error ... ok
test edit::apply::tests::stale_error_has_context_snippet ... ok
test edit::apply::tests::success_includes_scheme_name ... ok
test edit::apply::tests::write_rejects_content_with_anchor_prefix ... ok
test edit::apply::tests::write_replaces_entire_file ... ok
test edit::range_policy::tests::classification ... ok
test edit::range_policy::tests::empty_range_no_warning ... ok
test edit::range_policy::tests::large_range_warns ... ok
test edit::range_policy::tests::medium_range_warns ... ok
test edit::range_policy::tests::small_range_no_warning ... ok
test edit::types::tests::deserialize_edits_from_array ... ok
test edit::types::tests::deserialize_edits_from_bare_object ... ok
test edit::types::tests::deserialize_edits_from_double_encoded_empty_array ... ok
test edit::types::tests::deserialize_edits_from_double_encoded_string ... ok
test edit::types::tests::deserialize_edits_rejects_non_array_string ... ok
test edit::types::tests::deserialize_edits_rejects_number ... ok
test hash::tests::encode_hash_deterministic ... ok
test hash::tests::encode_hash_different_hashes_differ ... ok
test hash::tests::encode_hash_length ... ok
test hash::tests::encode_hash_lowercase_letters ... ok
test hash::tests::encode_hash_five_len_panics - should panic ... ok
test hash::tests::encode_hash_zero_len_panics - should panic ... ok
test hash::tests::fnv1a_32_deterministic ... ok
test hash::tests::fnv1a_32_different_inputs_differ ... ok
test hash::tests::fnv1a_32_empty ... ok
test hash::tests::line_hash_content_changes_differ ... ok
test hash::tests::line_hash_deterministic ... ok
test hash::tests::line_hash_empty_line ... ok
test hash::tests::line_hash_preserves_token_boundaries ... ok
test hash::tests::line_hash_whitespace_normalization_indentation ... ok
test hash::tests::line_hash_whitespace_normalization_internal_collapse ... ok
test hash::tests::line_hash_whitespace_normalization_trailing ... ok
test mutate::tests::boilerplate_insert ... ok
test mutate::tests::delete_lines ... ok
test mutate::tests::delete_past_end_clamped ... ok
test mutate::tests::edit_line ... ok
test mutate::tests::insert_at_end ... ok
test mutate::tests::insert_lines_above ... ok
test mutate::tests::range_rewrite ... ok
test mutate::tests::range_rewrite_expand ... ok
test mutate::tests::reindent_line ... ok
test scheme::tests::anchor_render_with_context ... ok
test scheme::tests::anchor_render_without_context ... ok
test scheme::tests::checkpoint_ambiguity_less_likely_with_repeated_lines ... ok
test scheme::tests::checkpoint_detects_upstream_edit ... ok
test scheme::tests::checkpoint_deterministic ... ok
test scheme::tests::checkpoint_find_shifted_after_insert_above ... ok
test scheme::tests::checkpoint_generates_context ... ok
test scheme::tests::checkpoint_invalid_hash_len - should panic ... ok
test scheme::tests::checkpoint_invalid_interval - should panic ... ok
test scheme::tests::checkpoint_rejects_anchor_without_context ... ok
test scheme::tests::checkpoint_validates_correct_anchor ... ok
test scheme::tests::chunk_detects_stale_from_same_chunk_edit ... ok
test scheme::tests::chunk_ambiguity_with_repeated_lines ... ok
test scheme::tests::chunk_deterministic ... ok
test scheme::tests::chunk_different_chunks_may_differ ... ok
test scheme::tests::chunk_find_shifted_after_insert_above ... ok
test scheme::tests::chunk_generates_context ... ok
test scheme::tests::chunk_invalid_chunk_size - should panic ... ok
test scheme::tests::chunk_invalid_hash_len - should panic ... ok
test scheme::tests::chunk_rejects_anchor_without_context ... ok
test scheme::tests::chunk_same_chunk_same_context ... ok
test scheme::tests::chunk_validates_correct_anchor ... ok
test scheme::tests::content_only_anchors_have_no_context ... ok
test scheme::tests::content_only_detects_stale_anchor ... ok
test scheme::tests::content_only_deterministic ... ok
test scheme::tests::content_only_generates_correct_count ... ok
test scheme::tests::content_only_invalid_hash_len_five - should panic ... ok
test scheme::tests::content_only_invalid_hash_len_zero - should panic ... ok
test scheme::tests::content_only_line_numbers_1based ... ok
test scheme::tests::content_only_out_of_range ... ok
test scheme::tests::content_only_survives_indentation_change ... ok
test scheme::tests::content_only_validates_correct_anchor ... ok
test scheme::tests::custom_hash_len_2 ... ok
test scheme::tests::find_shifted_after_insert_above ... ok
test scheme::tests::find_shifted_ambiguous_with_repeated_lines ... ok
test scheme::tests::find_shifted_not_found ... ok
test scheme::tests::parse_anchor_rejects_malformed ... ok
test scheme::tests::parse_anchor_roundtrip ... ok
test scheme::tests::parse_anchor_three_parts ... ok
test scheme::tests::parse_anchor_two_parts ... ok
test scheme::tests::scheme_names ... ok

test result: ok. 157 passed; 0 failed; 0 ignored; 0 measured; 0 filtered out; finished in 0.01s

     Running tests/eof_insert_empty_file_red.rs (target/debug/deps/eof_insert_empty_file_red-e59828eb456a7a0b)

running 1 test
test insert_after_eof_on_empty_file_has_no_leading_blank_line ... ok

test result: ok. 1 passed; 0 failed; 0 ignored; 0 measured; 0 filtered out; finished in 0.00s

     Running unittests src/lib.rs (target/debug/deps/hs_kernel-c45da9a886a68ebd)

running 0 tests

test result: ok. 0 passed; 0 failed; 0 ignored; 0 measured; 0 filtered out; finished in 0.00s

     Running unittests src/bin/hs-fixture-plugin.rs (target/debug/deps/hs_fixture_plugin-af9e86c763639aba)

running 0 tests

test result: ok. 0 passed; 0 failed; 0 ignored; 0 measured; 0 filtered out; finished in 0.00s

     Running tests/kernel_behavior.rs (target/debug/deps/kernel_behavior-9e5995233e7d3056)

running 14 tests
test calls_are_recorded_in_the_event_log ... ok
test config_loads_and_describes_plugins ... ok
test crashed_plugin_process_is_restarted ... ok
test describe_mismatch_is_rejected ... ok
test dropping_kernel_reaps_idle_tool_process ... ok
test hot_reload_adds_capability_without_restart ... ok
test lifecycle_pairs_have_ids_parents_and_error_ends ... ok
test model_call_returns_completion_counts_and_cost ... ok
test rail_failure_is_contained_and_logged ... ok
test rails_fire_in_priority_order_with_name_tiebreak ... ok
test tool_call_executes_and_returns_output ... ok
test tool_call_stamps_mission_run_dir ... ok
test unknown_tool_error_suggests_the_closest_valid_name ... ok
test visibility_gating_filters_by_subject ... ok

test result: ok. 14 passed; 0 failed; 0 ignored; 0 measured; 0 filtered out; finished in 0.36s

     Running tests/reload_semantics_red.rs (target/debug/deps/reload_semantics_red-505a1ab5f940d1dc)

running 3 tests
test hot_reload_respawns_when_a_command_changes ... ok
test removed_plugin_process_reaps_itself_on_stdin_eof ... ok
test tool_cost_lands_in_the_canonical_event_field ... ok

test result: ok. 3 passed; 0 failed; 0 ignored; 0 measured; 0 filtered out; finished in 0.94s

     Running tests/stderr_eof_red.rs (target/debug/deps/stderr_eof_red-131cabc95f7861cd)

running 1 test
test dead_plugins_stderr_tail_reaches_the_error ... ok

test result: ok. 1 passed; 0 failed; 0 ignored; 0 measured; 0 filtered out; finished in 0.02s

     Running tests/supervisor_red.rs (target/debug/deps/supervisor_red-6a7eae5b583b2b60)

running 5 tests
test app_errors_never_strike_and_never_kill_the_process ... ok
test crashed_plugin_recovers_and_serves ... ok
test dead_plugin_errors_with_name_and_bounded_attempts ... ok
test failed_out_slot_recovers_when_plugin_returns ... ok
test hung_plugin_is_killed_by_lease ... ok

test result: ok. 5 passed; 0 failed; 0 ignored; 0 measured; 0 filtered out; finished in 3.02s

     Running tests/wedge_visibility_red.rs (target/debug/deps/wedge_visibility_red-b6ad6c91fcd719d4)

running 2 tests
test plugin_stderr_is_captured_under_log_root ... ok
test wedged_call_is_logged_in_flight_before_lease_expiry ... ok

test result: ok. 2 passed; 0 failed; 0 ignored; 0 measured; 0 filtered out; finished in 24.06s

     Running unittests src/lib.rs (target/debug/deps/hs_log-c0817df7aca39861)

running 0 tests

test result: ok. 0 passed; 0 failed; 0 ignored; 0 measured; 0 filtered out; finished in 0.00s

     Running tests/log_behavior.rs (target/debug/deps/log_behavior-506e77dcb7269108)

running 7 tests
test append_assigns_seq_chain_and_hash ... ok
test clean_resume_continues_chain_without_rewrite ... ok
test deleted_and_bitflipped_blobs_are_caught ... ok
test corruption_is_caught_at_exact_seq ... ok
test deleted_middle_event_breaks_the_chain ... ok
test large_payload_is_stored_by_hash_and_reads_back ... ok
test torn_tail_from_kill_is_truncated_on_resume ... ok

test result: ok. 7 passed; 0 failed; 0 ignored; 0 measured; 0 filtered out; finished in 0.03s

     Running tests/log_red.rs (target/debug/deps/log_red-2aa1b18f5d28f114)

running 1 test
test write_blobs_bulk_roundtrips_and_dedups ... ok

test result: ok. 1 passed; 0 failed; 0 ignored; 0 measured; 0 filtered out; finished in 0.21s

     Running tests/resume_lock_regression.rs (target/debug/deps/resume_lock_regression-fb7c960f42692161)

running 1 test
test held_stream_cannot_be_truncated_during_resume ... ok

test result: ok. 1 passed; 0 failed; 0 ignored; 0 measured; 0 filtered out; finished in 0.00s

     Running tests/stream_registry_red.rs (target/debug/deps/stream_registry_red-73b9878fd46e1359)

running 2 tests
test v2_roles_are_path_safe_names_only ... ok
test v1_register_and_discover_a_stream_by_role ... ok

test result: ok. 2 passed; 0 failed; 0 ignored; 0 measured; 0 filtered out; finished in 0.00s

     Running unittests src/lib.rs (target/debug/deps/hs_loop-b879257885ee7b0c)

running 2 tests
test dshjobs::io_tests::missing_payload_status_cannot_be_success ... ok
test dshjobs::io_tests::framed_production_drain_reports_spill_failure ... ok

test result: ok. 2 passed; 0 failed; 0 ignored; 0 measured; 0 filtered out; finished in 0.00s

     Running unittests src/bin/hs-loopfix.rs (target/debug/deps/hs_loopfix-ab0b294793ad2eb2)

running 0 tests

test result: ok. 0 passed; 0 failed; 0 ignored; 0 measured; 0 filtered out; finished in 0.00s

     Running unittests src/bin/hs-mcp-fixture.rs (target/debug/deps/hs_mcp_fixture-24ded29fe8fff28b)

running 0 tests

test result: ok. 0 passed; 0 failed; 0 ignored; 0 measured; 0 filtered out; finished in 0.00s

     Running unittests src/bin/hs-meta-harness.rs (target/debug/deps/hs_meta_harness-95522bb8cd88fb86)

running 0 tests

test result: ok. 0 passed; 0 failed; 0 ignored; 0 measured; 0 filtered out; finished in 0.00s

     Running unittests src/bin/hs-plugin-agentlist.rs (target/debug/deps/hs_plugin_agentlist-b9d9862c510c0a14)

running 0 tests

test result: ok. 0 passed; 0 failed; 0 ignored; 0 measured; 0 filtered out; finished in 0.00s

     Running unittests src/bin/hs-plugin-agentsend.rs (target/debug/deps/hs_plugin_agentsend-93dbf50e11a32e34)

running 0 tests

test result: ok. 0 passed; 0 failed; 0 ignored; 0 measured; 0 filtered out; finished in 0.00s

     Running unittests src/bin/hs-plugin-agentstop.rs (target/debug/deps/hs_plugin_agentstop-9d60635bf272f0d5)

running 0 tests

test result: ok. 0 passed; 0 failed; 0 ignored; 0 measured; 0 filtered out; finished in 0.00s

     Running unittests src/bin/hs-plugin-answer.rs (target/debug/deps/hs_plugin_answer-092c13dc4c7b1c35)

running 0 tests

test result: ok. 0 passed; 0 failed; 0 ignored; 0 measured; 0 filtered out; finished in 0.00s

     Running unittests src/bin/hs-plugin-answersubmit.rs (target/debug/deps/hs_plugin_answersubmit-5d4772611e4dae17)

running 0 tests

test result: ok. 0 passed; 0 failed; 0 ignored; 0 measured; 0 filtered out; finished in 0.00s

     Running unittests src/bin/hs-plugin-applypatch.rs (target/debug/deps/hs_plugin_applypatch-98d1835e1d99a104)

running 0 tests

test result: ok. 0 passed; 0 failed; 0 ignored; 0 measured; 0 filtered out; finished in 0.00s

     Running unittests src/bin/hs-plugin-askuser.rs (target/debug/deps/hs_plugin_askuser-cdb4c79dbf5025fb)

running 0 tests

test result: ok. 0 passed; 0 failed; 0 ignored; 0 measured; 0 filtered out; finished in 0.00s

     Running unittests src/bin/hs-plugin-benchmodel.rs (target/debug/deps/hs_plugin_benchmodel-fa77b59bb1278265)

running 0 tests

test result: ok. 0 passed; 0 failed; 0 ignored; 0 measured; 0 filtered out; finished in 0.00s

     Running unittests src/bin/hs-plugin-bigread.rs (target/debug/deps/hs_plugin_bigread-ba2e0db3c45bbbf3)

running 0 tests

test result: ok. 0 passed; 0 failed; 0 ignored; 0 measured; 0 filtered out; finished in 0.00s

     Running unittests src/bin/hs-plugin-checker.rs (target/debug/deps/hs_plugin_checker-3b31cd8e5d4e9092)

running 0 tests

test result: ok. 0 passed; 0 failed; 0 ignored; 0 measured; 0 filtered out; finished in 0.00s

     Running unittests src/bin/hs-plugin-critic.rs (target/debug/deps/hs_plugin_critic-f18d0b9dbc24304f)

running 0 tests

test result: ok. 0 passed; 0 failed; 0 ignored; 0 measured; 0 filtered out; finished in 0.00s

     Running unittests src/bin/hs-plugin-deepseek.rs (target/debug/deps/hs_plugin_deepseek-2b7ac9e5ab45bb18)

running 0 tests

test result: ok. 0 passed; 0 failed; 0 ignored; 0 measured; 0 filtered out; finished in 0.00s

     Running unittests src/bin/hs-plugin-editanchor.rs (target/debug/deps/hs_plugin_editanchor-9f342b12ecee43c5)

running 0 tests

test result: ok. 0 passed; 0 failed; 0 ignored; 0 measured; 0 filtered out; finished in 0.00s

     Running unittests src/bin/hs-plugin-editapply.rs (target/debug/deps/hs_plugin_editapply-30c0e44af8f9c00e)

running 0 tests

test result: ok. 0 passed; 0 failed; 0 ignored; 0 measured; 0 filtered out; finished in 0.00s

     Running unittests src/bin/hs-plugin-fileread.rs (target/debug/deps/hs_plugin_fileread-3b5410d3c2e0f522)

running 0 tests

test result: ok. 0 passed; 0 failed; 0 ignored; 0 measured; 0 filtered out; finished in 0.00s

     Running unittests src/bin/hs-plugin-gatemodel.rs (target/debug/deps/hs_plugin_gatemodel-c60aa029e2b74c9e)

running 0 tests

test result: ok. 0 passed; 0 failed; 0 ignored; 0 measured; 0 filtered out; finished in 0.00s

     Running unittests src/bin/hs-plugin-glm.rs (target/debug/deps/hs_plugin_glm-3330dee6e18ec9ac)

running 0 tests

test result: ok. 0 passed; 0 failed; 0 ignored; 0 measured; 0 filtered out; finished in 0.00s

     Running unittests src/bin/hs-plugin-glob.rs (target/debug/deps/hs_plugin_glob-87f294321a3a21b9)

running 0 tests

test result: ok. 0 passed; 0 failed; 0 ignored; 0 measured; 0 filtered out; finished in 0.00s

     Running unittests src/bin/hs-plugin-goaltool.rs (target/debug/deps/hs_plugin_goaltool-bd78b876c8c341d1)

running 0 tests

test result: ok. 0 passed; 0 failed; 0 ignored; 0 measured; 0 filtered out; finished in 0.00s

     Running unittests src/bin/hs-plugin-jobs.rs (target/debug/deps/hs_plugin_jobs-4bd087b2989db474)

running 0 tests

test result: ok. 0 passed; 0 failed; 0 ignored; 0 measured; 0 filtered out; finished in 0.00s

     Running unittests src/bin/hs-plugin-liechecker.rs (target/debug/deps/hs_plugin_liechecker-e0fd4ae62ae5dc06)

running 0 tests

test result: ok. 0 passed; 0 failed; 0 ignored; 0 measured; 0 filtered out; finished in 0.00s

     Running unittests src/bin/hs-plugin-mcpcall.rs (target/debug/deps/hs_plugin_mcpcall-e068c05153159cd9)

running 0 tests

test result: ok. 0 passed; 0 failed; 0 ignored; 0 measured; 0 filtered out; finished in 0.00s

     Running unittests src/bin/hs-plugin-notescratch.rs (target/debug/deps/hs_plugin_notescratch-0983afea119bb7ab)

running 0 tests

test result: ok. 0 passed; 0 failed; 0 ignored; 0 measured; 0 filtered out; finished in 0.00s

     Running unittests src/bin/hs-plugin-plan.rs (target/debug/deps/hs_plugin_plan-3a7d4b50c53d0e9d)

running 0 tests

test result: ok. 0 passed; 0 failed; 0 ignored; 0 measured; 0 filtered out; finished in 0.00s

     Running unittests src/bin/hs-plugin-policy.rs (target/debug/deps/hs_plugin_policy-829a77aeccd5437b)

running 0 tests

test result: ok. 0 passed; 0 failed; 0 ignored; 0 measured; 0 filtered out; finished in 0.00s

     Running unittests src/bin/hs-plugin-present.rs (target/debug/deps/hs_plugin_present-5f84e02976eacee7)

running 0 tests

test result: ok. 0 passed; 0 failed; 0 ignored; 0 measured; 0 filtered out; finished in 0.00s

     Running unittests src/bin/hs-plugin-probe.rs (target/debug/deps/hs_plugin_probe-67fcdb908da94a79)

running 0 tests

test result: ok. 0 passed; 0 failed; 0 ignored; 0 measured; 0 filtered out; finished in 0.00s

     Running unittests src/bin/hs-plugin-provmodel.rs (target/debug/deps/hs_plugin_provmodel-79778f1e8c3fe423)

running 0 tests

test result: ok. 0 passed; 0 failed; 0 ignored; 0 measured; 0 filtered out; finished in 0.00s

     Running unittests src/bin/hs-plugin-readimage.rs (target/debug/deps/hs_plugin_readimage-b384f0053973e685)

running 0 tests

test result: ok. 0 passed; 0 failed; 0 ignored; 0 measured; 0 filtered out; finished in 0.00s

     Running unittests src/bin/hs-plugin-recmodel.rs (target/debug/deps/hs_plugin_recmodel-1c4a9fca0b09b9ea)

running 0 tests

test result: ok. 0 passed; 0 failed; 0 ignored; 0 measured; 0 filtered out; finished in 0.00s

     Running unittests src/bin/hs-plugin-repoexec.rs (target/debug/deps/hs_plugin_repoexec-332c188badf7c885)

running 0 tests

test result: ok. 0 passed; 0 failed; 0 ignored; 0 measured; 0 filtered out; finished in 0.00s

     Running unittests src/bin/hs-plugin-reposearch.rs (target/debug/deps/hs_plugin_reposearch-280fae610abb2dd9)

running 0 tests

test result: ok. 0 passed; 0 failed; 0 ignored; 0 measured; 0 filtered out; finished in 0.00s

     Running unittests src/bin/hs-plugin-schedule.rs (target/debug/deps/hs_plugin_schedule-af63ab7134402a6f)

running 0 tests

test result: ok. 0 passed; 0 failed; 0 ignored; 0 measured; 0 filtered out; finished in 0.00s

     Running unittests src/bin/hs-plugin-scripted.rs (target/debug/deps/hs_plugin_scripted-365eafc535724196)

running 0 tests

test result: ok. 0 passed; 0 failed; 0 ignored; 0 measured; 0 filtered out; finished in 0.00s

     Running unittests src/bin/hs-plugin-selfcheck.rs (target/debug/deps/hs_plugin_selfcheck-35b138668821fbdc)

running 0 tests

test result: ok. 0 passed; 0 failed; 0 ignored; 0 measured; 0 filtered out; finished in 0.00s

     Running unittests src/bin/hs-plugin-seqmodel.rs (target/debug/deps/hs_plugin_seqmodel-5a502dd4ec31c97b)

running 0 tests

test result: ok. 0 passed; 0 failed; 0 ignored; 0 measured; 0 filtered out; finished in 0.00s

     Running unittests src/bin/hs-plugin-shell-supervisor.rs (target/debug/deps/hs_plugin_shell_supervisor-4421447478da7111)

running 0 tests

test result: ok. 0 passed; 0 failed; 0 ignored; 0 measured; 0 filtered out; finished in 0.00s

     Running unittests src/bin/hs-plugin-speak.rs (target/debug/deps/hs_plugin_speak-4b4ecb577038f422)

running 0 tests

test result: ok. 0 passed; 0 failed; 0 ignored; 0 measured; 0 filtered out; finished in 0.00s

     Running unittests src/bin/hs-plugin-swecheck.rs (target/debug/deps/hs_plugin_swecheck-cef36b3fb0222959)

running 0 tests

test result: ok. 0 passed; 0 failed; 0 ignored; 0 measured; 0 filtered out; finished in 0.00s

     Running unittests src/bin/hs-plugin-sweexec.rs (target/debug/deps/hs_plugin_sweexec-c3550d925c8e1423)

running 0 tests

test result: ok. 0 passed; 0 failed; 0 ignored; 0 measured; 0 filtered out; finished in 0.00s

     Running unittests src/bin/hs-plugin-swemcp.rs (target/debug/deps/hs_plugin_swemcp-6aa6a1e74976a09a)

running 0 tests

test result: ok. 0 passed; 0 failed; 0 ignored; 0 measured; 0 filtered out; finished in 0.00s

     Running unittests src/bin/hs-plugin-swemodel.rs (target/debug/deps/hs_plugin_swemodel-c47d2ba0860276c7)

running 0 tests

test result: ok. 0 passed; 0 failed; 0 ignored; 0 measured; 0 filtered out; finished in 0.00s

     Running unittests src/bin/hs-plugin-swereader.rs (target/debug/deps/hs_plugin_swereader-494fb7cd619c9100)

running 0 tests

test result: ok. 0 passed; 0 failed; 0 ignored; 0 measured; 0 filtered out; finished in 0.00s

     Running unittests src/bin/hs-plugin-termexec.rs (target/debug/deps/hs_plugin_termexec-4a48d1c5cacda27b)

running 0 tests

test result: ok. 0 passed; 0 failed; 0 ignored; 0 measured; 0 filtered out; finished in 0.00s

     Running unittests src/bin/hs-plugin-todo.rs (target/debug/deps/hs_plugin_todo-1949490caeee9aed)

running 0 tests

test result: ok. 0 passed; 0 failed; 0 ignored; 0 measured; 0 filtered out; finished in 0.00s

     Running unittests src/bin/hs-plugin-vfmodel.rs (target/debug/deps/hs_plugin_vfmodel-ed80f8271d975a89)

running 0 tests

test result: ok. 0 passed; 0 failed; 0 ignored; 0 measured; 0 filtered out; finished in 0.00s

     Running unittests src/bin/hs-plugin-webfetch.rs (target/debug/deps/hs_plugin_webfetch-e5b273ff61c1e0d8)

running 0 tests

test result: ok. 0 passed; 0 failed; 0 ignored; 0 measured; 0 filtered out; finished in 0.00s

     Running unittests src/bin/hs-plugin-websearch.rs (target/debug/deps/hs_plugin_websearch-16a96da0cc89dcb6)

running 0 tests

test result: ok. 0 passed; 0 failed; 0 ignored; 0 measured; 0 filtered out; finished in 0.00s

     Running unittests src/bin/hs-plugin-workflow.rs (target/debug/deps/hs_plugin_workflow-f34df6892e5678c6)

running 0 tests

test result: ok. 0 passed; 0 failed; 0 ignored; 0 measured; 0 filtered out; finished in 0.00s

     Running unittests src/bin/hs-promote.rs (target/debug/deps/hs_promote-a93acb904ff7479b)

running 0 tests

test result: ok. 0 passed; 0 failed; 0 ignored; 0 measured; 0 filtered out; finished in 0.00s

     Running unittests src/bin/hs-repl.rs (target/debug/deps/hs_repl-5b4fda0e852dc152)

running 1 test
test tui_bin_tests::resume_choice_maps_entry_to_stream ... ok

test result: ok. 1 passed; 0 failed; 0 ignored; 0 measured; 0 filtered out; finished in 0.00s

     Running unittests src/bin/hs-swe-run.rs (target/debug/deps/hs_swe_run-59830b0f317c94c1)

running 0 tests

test result: ok. 0 passed; 0 failed; 0 ignored; 0 measured; 0 filtered out; finished in 0.00s

     Running unittests src/bin/hs-tb-run.rs (target/debug/deps/hs_tb_run-039e5520d76e3031)

running 0 tests

test result: ok. 0 passed; 0 failed; 0 ignored; 0 measured; 0 filtered out; finished in 0.00s

     Running tests/agentctl_red.rs (target/debug/deps/agentctl_red-08fd5aa53b65d92a)

running 4 tests
test a1_list_reports_running_and_done_children ... ok
test a2_send_appends_to_the_child_inbox_and_interrupt_sets_the_flag ... ok
test a3_guards ... ok
test a4_wired ... ok

test result: ok. 4 passed; 0 failed; 0 ignored; 0 measured; 0 filtered out; finished in 0.00s

     Running tests/anchor_red.rs (target/debug/deps/anchor_red-15df2d485de1f676)

running 6 tests
test anchor_insert_after_and_write_ops ... ok
test anchor_edits_then_submit_git_apply_clean ... ok
test anchor_rejects_escaping_paths ... ok
test anchor_replace_applies_and_returns_fresh_anchors_and_cumulative ... ok
test anchored_read_renders_line_hash_prefixes ... ok
test anchor_stale_or_wrong_named_error_candidate_untouched ... ok

test result: ok. 6 passed; 0 failed; 0 ignored; 0 measured; 0 filtered out; finished in 0.26s

     Running tests/answer_path_red.rs (target/debug/deps/answer_path_red-c961422980f569e2)

running 2 tests
test answer_path_lives_under_the_session_project_root ... ok
test engine_mission_writes_its_answer_dir_inside_the_project_folder ... ok

test result: ok. 2 passed; 0 failed; 0 ignored; 0 measured; 0 filtered out; finished in 0.09s

     Running tests/answer_submit_inline_checks_red.rs (target/debug/deps/answer_submit_inline_checks_red-4c5a0c30c1e868f6)

running 6 tests
test declare_checks_persists_and_refuses_empty ... ok
test inline_checks_are_really_executed_no_bypass ... ok
test inline_checks_persisted_before_checker_and_mission_goes_green ... ok
test raw_schema_advertises_optional_checks ... ok
test submit_without_checks_still_refused ... ok
test ten_step_research_mission_shape_goes_green_within_the_original_cap ... ok

test result: ok. 6 passed; 0 failed; 0 ignored; 0 measured; 0 filtered out; finished in 1.49s

     Running tests/answer_submit_schema_red.rs (target/debug/deps/answer_submit_schema_red-cc82d74967161558)

running 3 tests
test raw_mode_requires_summary ... ok
test registry_path_serves_summary_in_raw_mode ... ok
test swe_mode_stays_path_only ... ok

test result: ok. 3 passed; 0 failed; 0 ignored; 0 measured; 0 filtered out; finished in 0.00s

     Running tests/appback_red.rs (target/debug/deps/appback_red-7d6a144361ecf036)

running 11 tests
test a1_question_protocol_pending_then_answered ... ok
test a2_trajectory_counts_a_real_session ... ok
test a3_sessions_carry_title_and_age ... ok
test a4_slash_menu_lists_and_runs ... ok
test a6_plugins_list_from_config_and_settings_roundtrip ... ok
test browse_lists_only_visible_subfolders_sorted ... ok
test project_dir_setting_validates_and_persists ... ok
test project_status_flags_an_empty_folder_and_lists_a_populated_one ... ok
test switching_workspace_sets_the_project_folder_only_for_registered_ones ... ok
test workspaces_register_real_folders_dedupe_and_remove ... ok
test a5_queue_while_busy_runs_in_order ... ok

test result: ok. 11 passed; 0 failed; 0 ignored; 0 measured; 0 filtered out; finished in 0.21s

     Running tests/applypatch_red.rs (target/debug/deps/applypatch_red-5b2ea1d8273e3312)

running 6 tests
test answer_submit_empty_candidate_named_error_no_file_written ... ok
test edit_patch_add_and_delete_file ... ok
test answer_submit_writes_git_apply_clean_diff_including_new_files ... ok
test edit_patch_rejects_escaping_paths ... ok
test edit_patch_update_applies_to_candidate_and_returns_cumulative_diff ... ok
test edit_patch_wrong_context_named_error_candidate_untouched ... ok

test result: ok. 6 passed; 0 failed; 0 ignored; 0 measured; 0 filtered out; finished in 0.09s

     Running tests/argcoerce_red.rs (target/debug/deps/argcoerce_red-d06f1edd6f0059b2)

running 4 tests
test coerces_exact_string_scalars ... ok
test coerces_json_string_containers_and_nested_fields ... ok
test never_guesses_or_loses_information ... ok
test loop_coerces_string_args_before_dispatch ... ok

test result: ok. 4 passed; 0 failed; 0 ignored; 0 measured; 0 filtered out; finished in 0.03s

     Running tests/ask_user_red.rs (target/debug/deps/ask_user_red-1feceedf26a8ea1c)

running 3 tests
test a1_question_is_published_and_the_answer_comes_back ... ok
test a3_requires_a_question_and_is_wired ... ok
test a2_timeout_is_a_clean_error ... ok

test result: ok. 3 passed; 0 failed; 0 ignored; 0 measured; 0 filtered out; finished in 1.01s

     Running tests/assembler_red.rs (target/debug/deps/assembler_red-b366dea7a5c10ed5)

running 5 tests
test t1_no_context_wipe_50_steps ... ok
test d1_handoff_summary_four_elements ... ok
test t8_ledger_summary_bounded_at_200_steps ... ok
test w2_budget_from_verified_context ... ok
test t2_dup_read_flagged_with_prior_seq ... ok

test result: ok. 5 passed; 0 failed; 0 ignored; 0 measured; 0 filtered out; finished in 6.97s

     Running tests/assembler_utf8_red.rs (target/debug/deps/assembler_utf8_red-bba0924776f8d1e8)

running 2 tests
test assemble_messages_truncates_multibyte_content_without_panicking ... ok
test assemble_truncates_multibyte_line_without_panicking ... ok

test result: ok. 2 passed; 0 failed; 0 ignored; 0 measured; 0 filtered out; finished in 0.01s

     Running tests/assembly_probe.rs (target/debug/deps/assembly_probe-b823ead832ec8af6)

running 1 test
test assembly_cost_vs_transcript_growth ... ok

test result: ok. 1 passed; 0 failed; 0 ignored; 0 measured; 0 filtered out; finished in 4.37s

     Running tests/autocompact_red.rs (target/debug/deps/autocompact_red-52de0826eb0a71fc)

running 1 test
test repl_compacts_at_the_configured_models_window ... ok

test result: ok. 1 passed; 0 failed; 0 ignored; 0 measured; 0 filtered out; finished in 0.14s

     Running tests/autocomplete_red.rs (target/debug/deps/autocomplete_red-f7887f5ec150b202)

running 3 tests
test r1_command_prefix_completions ... ok
test r2_bare_colon_and_non_commands ... ok
test r3_rustyline_completer_replaces_from_colon ... ok

test result: ok. 3 passed; 0 failed; 0 ignored; 0 measured; 0 filtered out; finished in 0.00s

     Running tests/best_of_n_red.rs (target/debug/deps/best_of_n_red-5c56ddaeba27f614)

running 3 tests
test v2_strengthened_isolates_flip_the_envelope_verdict_to_lose ... ok
test v1_envelope_semantics_and_published_artifact ... ok
test v3_specialist_draw_flips_the_envelope_verdict_to_win ... ok

test result: ok. 3 passed; 0 failed; 0 ignored; 0 measured; 0 filtered out; finished in 6.21s

     Running tests/blind_mode_red.rs (target/debug/deps/blind_mode_red-f39fd0367f5c9a45)

running 2 tests
test b1_blind_mission_never_sees_f2p_and_grades_externally ... ok
test b2_blind_mission_with_failing_self_checks_does_not_pass ... ok

test result: ok. 2 passed; 0 failed; 0 ignored; 0 measured; 0 filtered out; finished in 0.29s

     Running tests/blob_scope_red.rs (target/debug/deps/blob_scope_red-db8706add692a1ad)

running 2 tests
test repo_read_cannot_reach_harness_state_under_run_root ... ok
test session_anchors_repo_tools_at_work_area_not_run_root ... ok

test result: ok. 2 passed; 0 failed; 0 ignored; 0 measured; 0 filtered out; finished in 0.07s

     Running tests/budget.rs (target/debug/deps/budget-2b674f600db362c0)

running 2 tests
test mission_is_killed_at_budget_cap ... ok
test mission_under_budget_runs_normally ... ok

test result: ok. 2 passed; 0 failed; 0 ignored; 0 measured; 0 filtered out; finished in 0.13s

     Running tests/budget_binding_red.rs (target/debug/deps/budget_binding_red-e43e451e24133304)

running 3 tests
test explicit_set_budget_overrides_config ... ok
test session_without_budget_config_binds_no_cap ... ok
test session_binds_budget_from_config_run_stanza ... ok

test result: ok. 3 passed; 0 failed; 0 ignored; 0 measured; 0 filtered out; finished in 0.13s

     Running tests/budget_dual_red.rs (target/debug/deps/budget_dual_red-f1377001cf297d84)

running 2 tests
test ledger_model_call_events_book_both_figures ... ok
test guard_binds_conservative_and_both_figures_book ... ok

test result: ok. 2 passed; 0 failed; 0 ignored; 0 measured; 0 filtered out; finished in 0.05s

     Running tests/budget_guard_mode_red.rs (target/debug/deps/budget_guard_mode_red-dbae8e16bc41bfd5)

running 4 tests
test kill_event_records_the_guard_that_fired ... ok
test default_mode_stays_conservative_for_benchmark_arms ... ok
test provider_mode_spares_mission_whose_real_spend_is_under_cap ... ok
test repl_sessions_arm_provider_reported_guard ... ok

test result: ok. 4 passed; 0 failed; 0 ignored; 0 measured; 0 filtered out; finished in 0.17s

     Running tests/candidate_artifact_red.rs (target/debug/deps/candidate_artifact_red-7119d6b4d5a9da94)

running 3 tests
test cumulative_diff_never_contains_eval_artifact ... ok
test artifact_state_stable_across_calls ... ok
test untracked_artifact_copy_stays_out_of_diff ... ok

test result: ok. 3 passed; 0 failed; 0 ignored; 0 measured; 0 filtered out; finished in 0.07s

     Running tests/cap_change_red.rs (target/debug/deps/cap_change_red-88bd6f1aa7444ca4)

running 2 tests
test c1_model_picker_books_capability_change ... ok
test c2_one_live_writer_per_stream ... ok

test result: ok. 2 passed; 0 failed; 0 ignored; 0 measured; 0 filtered out; finished in 0.07s

     Running tests/caps_default_red.rs (target/debug/deps/caps_default_red-29611c7daf9a2247)

running 4 tests
test fresh_rig_arms_no_caps ... ok
test setup_caps_answers_apply_to_config ... ok
test caps_off_disarms_and_persists ... ok
test whole_dollar_budget_survives_restart ... ok

test result: ok. 4 passed; 0 failed; 0 ignored; 0 measured; 0 filtered out; finished in 0.12s

     Running tests/caps_persist_red.rs (target/debug/deps/caps_persist_red-03874184e213d8b9)

running 5 tests
test config_cap_readers ... ok
test explicit_cli_max_steps_beats_config ... ok
test persisted_caps_arm_on_load ... ok
test toml_upsert_creates_replaces_and_preserves ... ok
test set_cap_persists_and_survives_reload ... ok

test result: ok. 5 passed; 0 failed; 0 ignored; 0 measured; 0 filtered out; finished in 0.09s

     Running tests/checker_cost_red.rs (target/debug/deps/checker_cost_red-58ff5c8317c2cac2)

running 1 test
test checker_cost_is_booked_once_and_survives_session_resume ... ok

test result: ok. 1 passed; 0 failed; 0 ignored; 0 measured; 0 filtered out; finished in 0.05s

     Running tests/checker_idempotent_red.rs (target/debug/deps/checker_idempotent_red-5c40c733e8a74761)

running 2 tests
test rejudge_same_answer_stays_green ... ok
test failed_attempt_leaves_no_untracked_residue ... ok

test result: ok. 2 passed; 0 failed; 0 ignored; 0 measured; 0 filtered out; finished in 0.04s

     Running tests/compact_red.rs (target/debug/deps/compact_red-6563d266e9cb72db)

running 3 tests
test c1_forced_compact_shrinks_budget_unforced_does_not ... ok
test c3_compact_is_a_repl_command ... ok
test c2_request_is_one_shot_state ... ok

test result: ok. 3 passed; 0 failed; 0 ignored; 0 measured; 0 filtered out; finished in 0.01s

     Running tests/compaction_red.rs (target/debug/deps/compaction_red-486843c09f456910)

running 2 tests
test no_pressure_no_compaction ... ok
test pressure_compacts_oldest_with_audit_refs_and_records_context_inject ... ok

test result: ok. 2 passed; 0 failed; 0 ignored; 0 measured; 0 filtered out; finished in 0.20s

     Running tests/context_verify_red.rs (target/debug/deps/context_verify_red-e369740a1c734bbc)

running 1 test
test v1_pressure_compaction_is_booked_with_why_and_source_range ... ok

test result: ok. 1 passed; 0 failed; 0 ignored; 0 measured; 0 filtered out; finished in 0.16s

     Running tests/critic_key_red.rs (target/debug/deps/critic_key_red-eff9a60269b97c75)

running 2 tests
test critic_key_falls_back_to_config_dir ... ok
test critic_error_names_setup_when_no_key ... ok

test result: ok. 2 passed; 0 failed; 0 ignored; 0 measured; 0 filtered out; finished in 0.00s

     Running tests/critic_no_call_kill_red.rs (target/debug/deps/critic_no_call_kill_red-2e23738971c1feb2)

running 1 test
test slow_critic_response_survives_old_watchdog ... ok

test result: ok. 1 passed; 0 failed; 0 ignored; 0 measured; 0 filtered out; finished in 1.22s

     Running tests/critic_red.rs (target/debug/deps/critic_red-6dd7a62aa99b7b50)

running 20 tests
test critic_parse_retry_twice_unparseable_fails_closed ... ok
test critic_parse_retry_recovers_verdict ... ok
test critic_records_paired_model_scopes_even_on_error ... ok
test t10_critic_mode_prompt_discloses_critic ... ok
test t11_critic_refutes_special_casing_and_author_is_told ... ok
test t7_critic_refutation_blocks_green_author_checks ... ok
test t11_critic_model_env_selection ... ok
test t8_critic_clean_lets_green_mission_pass ... ok
test u1_refuted_fails_with_reason ... ok
test u2_clean_verdict_passes ... ok
test u3_tool_calls_execute_and_feed_back ... ok
test u4_step_cap_fails_closed ... ok
test u4b_final_step_is_reserved_for_verdict ... ok
test u4c_final_step_refusing_verdict_terminates_cleanly ... ok
test u5_malformed_verdict_fails_closed ... ok
test u6_model_error_fails_closed ... ok
test u7_critic_model_selection ... ok
test u8_clean_verdict_without_probes_fails_closed ... ok
test u9_refuted_verdict_without_probes_still_fails ... ok
test t9_red_author_checks_never_reach_critic ... ok

test result: ok. 20 passed; 0 failed; 0 ignored; 0 measured; 0 filtered out; finished in 0.72s

     Running tests/critic_shell_red.rs (target/debug/deps/critic_shell_red-e002a1bebfbfc64c)

running 7 tests
test r1_readonly_refuses_mutation ... FAILED
test r2_readonly_reads_task_files ... FAILED
test r3_readonly_tmp_scratch_works ... FAILED
test r4_prompt_matches_mechanism ... ok
test r5_critic_loop_cannot_mutate_submission ... ok
test r6_readonly_fails_closed_without_root ... ok
test p1_premise_root_surface_could_mutate ... ok

failures:

---- r1_readonly_refuses_mutation stdout ----

thread 'r1_readonly_refuses_mutation' (355258) panicked at crates/hs-loop/tests/critic_shell_red.rs:49:5:
assertion `left != right` failed: write must fail: {"$error":"run_readonly requires root to drop privileges (setuid nobody); refusing to run unenforced"}
  left: 0
 right: 0
note: run with `RUST_BACKTRACE=1` environment variable to display a backtrace

---- r2_readonly_reads_task_files stdout ----

thread 'r2_readonly_reads_task_files' (355260) panicked at crates/hs-loop/tests/critic_shell_red.rs:66:5:
assertion `left == right` failed: {"$error":"run_readonly requires root to drop privileges (setuid nobody); refusing to run unenforced"}
  left: Null
 right: 0

---- r3_readonly_tmp_scratch_works stdout ----

thread 'r3_readonly_tmp_scratch_works' (355261) panicked at crates/hs-loop/tests/critic_shell_red.rs:81:5:
assertion `left == right` failed: {"$error":"run_readonly requires root to drop privileges (setuid nobody); refusing to run unenforced"}
  left: Null
 right: 0


failures:
    r1_readonly_refuses_mutation
    r2_readonly_reads_task_files
    r3_readonly_tmp_scratch_works

test result: FAILED. 4 passed; 3 failed; 0 ignored; 0 measured; 0 filtered out; finished in 0.06s

error: test failed, to rerun pass `-p hs-loop --test critic_shell_red`
     Running tests/critic_tui_red.rs (target/debug/deps/critic_tui_red-bd43eb2a99c4258d)

running 2 tests
test close_books_intervention_detection_repair_accounting ... ok
test tui_default_path_runs_independent_critic_and_records_mode ... ok

test result: ok. 2 passed; 0 failed; 0 ignored; 0 measured; 0 filtered out; finished in 0.50s

     Running tests/critic_usage_red.rs (target/debug/deps/critic_usage_red-8d40e8eef97ba423)

running 1 test
test critic_rounds_book_exact_usage_and_end_time ... ok

test result: ok. 1 passed; 0 failed; 0 ignored; 0 measured; 0 filtered out; finished in 0.00s

     Running tests/critic_wire_max_tokens_red.rs (target/debug/deps/critic_wire_max_tokens_red-303ceb20647e7310)

running 2 tests
test critic_requests_full_flash_output_budget_on_wire ... ok
test messages_critic_preserves_native_parallel_history_and_served_identity ... ok

test result: ok. 2 passed; 0 failed; 0 ignored; 0 measured; 0 filtered out; finished in 0.01s

     Running tests/ctx_order_red.rs (target/debug/deps/ctx_order_red-a4c145826b13a0f9)

running 1 test
test ctx_layout_keeps_stable_prefix_first ... ok

test result: ok. 1 passed; 0 failed; 0 ignored; 0 measured; 0 filtered out; finished in 0.12s

     Running tests/deepseek_toolchoice_red.rs (target/debug/deps/deepseek_toolchoice_red-efcd0ab29a032371)

running 3 tests
test build_body_honors_tool_choice_contract ... ok
test build_body_messages_honors_tool_choice_contract ... ok
test provider_carries_tool_choice_contract ... ok

test result: ok. 3 passed; 0 failed; 0 ignored; 0 measured; 0 filtered out; finished in 0.00s

     Running tests/dsh_dispatch_red.rs (target/debug/deps/dsh_dispatch_red-152f2daf910caa09)

running 6 tests
test file_dispatch_obeys_project_plan_gate ... ok
test internal_file_tools_execute_and_log_without_legacy_plugins ... ok
test idle_owner_receives_completion_followup_once ... ok
test managed_bash_and_jobs_dispatch_log_and_promote ... ok
test native_search_dispatch_is_logged_without_legacy_plugin ... ok
test shell_history_is_model_render_not_struct_dump ... ok

test result: ok. 6 passed; 0 failed; 0 ignored; 0 measured; 0 filtered out; finished in 0.10s

     Running tests/dsh_jobs_red.rs (target/debug/deps/dsh_jobs_red-ce17775e35a2c918)

running 27 tests
test cancellation_reason_is_retained_in_job_detail ... ok
test background_wait_timeout_leaves_alive_and_kill_settles ... ok
test completed_output_must_be_collected_before_final ... ok
test cancellation_settles_even_when_term_is_ignored ... ok
test completion_notice_once_unless_awaited_or_cancelled ... ok
test equal_sandbox_mode_runs_without_escalation_ask ... ok
test failed_notice_delivery_remains_retryable ... ok
test foreground_returns_separate_output_and_fresh_shell ... ok
test foreground_signal_is_not_laundered_into_exit_code ... ok
test four_exact_schemas_match_capture ... ok
test framed_command_output_cannot_spoof_payload_status ... ok
test dropping_session_cancels_owned_background_work ... ok
test installer_includes_payload_status_supervisor ... ok
test invalid_args_escalation_workdir_escape_fail_closed ... ok
test large_output_is_bounded_and_full_stream_spills ... ok
test managed_environment_identifies_stable_session_without_ambient_values ... ok
test model_render_uses_dsh_status_and_foreground_markers ... ok
test immediate_cancel_settles_bootstrap_descendants ... ok
test ordinary_exit_143_is_not_a_signal ... ok
test owner_isolation_and_job_id_traversal_denied ... ok
test spill_directory_symlink_cannot_escape_root ... ok
test owner_session_id_and_profile_are_explicit_not_process_global ... ok
test spill_preparation_failure_does_not_launch_command ... ok
test teardown_waits_until_owned_processes_are_reaped ... ok
test timeout_promotes_without_killing_and_output_is_incremental ... ok
test split_utf8_output_is_consumed_only_when_complete ... ok
test utf8_tail_never_invents_replacement_characters ... ok

test result: ok. 27 passed; 0 failed; 0 ignored; 0 measured; 0 filtered out; finished in 0.81s

     Running tests/dsh_mutation_red.rs (target/debug/deps/dsh_mutation_red-2421d54dcf3ffc06)

running 11 tests
test creates_missing_parent_dirs_inside_project ... ok
test edit_restores_crlf_and_deletes_literal ... ok
test file_mutations_are_classified_by_permission_and_plan_gates ... ok
test invalid_and_escalation_args_do_not_mutate ... ok
test edit_unique_all_and_noop_errors ... ok
test mode_preserved_and_symlink_escape_denied ... ok
test read_then_write_and_stale_guards ... ok
test symlink_inside_project_points_to_real_file_without_replacing_link ... ok
test schemas_match_wire ... ok
test write_and_edit_return_before_after_for_rendering ... ok
test write_creates_but_cannot_clobber_unread_file ... ok

test result: ok. 11 passed; 0 failed; 0 ignored; 0 measured; 0 filtered out; finished in 0.01s

     Running tests/dsh_read_red.rs (target/debug/deps/dsh_read_red-ff29454a03871e70)

running 7 tests
test past_eof_is_error_but_empty_file_offset_one_is_valid ... ok
test read_cannot_follow_outside_symlink ... ok
test exact_read_schema_matches_captured_wire ... ok
test read_has_numbered_window_and_eof ... ok
test read_rejects_invalid_types_unknown_fields_and_escapes ... ok
test utf8_errors_outside_selected_window_are_not_hidden ... ok
test read_caps_utf16_line_length_and_bytes ... ok

test result: ok. 7 passed; 0 failed; 0 ignored; 0 measured; 0 filtered out; finished in 0.00s

     Running tests/dsh_search_red.rs (target/debug/deps/dsh_search_red-3eea875926bb6f06)

running 10 tests
test flags_are_data_and_config_preprocessor_is_disabled ... ok
test capped_glob_retains_full_result_spill_and_model_head ... ok
test glob_basename_searches_hidden_ignored_files_and_excludes_vcs ... ok
test grep_model_render_groups_and_labels_lines ... ok
test grep_over_cap_keeps250_matches_and_spills_previewed_complete_list ... ok
test grep_preview_caps_utf8_line_without_corrupting_it ... ok
test grep_regex_grouping_and_include ... ok
test nested_symlinks_do_not_read_outside_workspace ... ok
test glob_sort_is_modified_time_not_lexicographic ... ok
test search_escape_and_invalid_pattern_fail_closed ... ok

test result: ok. 10 passed; 0 failed; 0 ignored; 0 measured; 0 filtered out; finished in 0.04s

     Running tests/dsh_wire_red.rs (target/debug/deps/dsh_wire_red-e9dba8459a0f4579)

running 2 tests
test read_and_edits_keep_checker_ledger_grounded ... ok
test repl_offers_exact_file_schemas_and_persists_audit ... ok

test result: ok. 2 passed; 0 failed; 0 ignored; 0 measured; 0 filtered out; finished in 0.02s

     Running tests/editorbox_red.rs (target/debug/deps/editorbox_red-db5faaacb6d4c584)

running 5 tests
test r1_composer_top_frames_label ... ok
test r2_composer_top_plain ... ok
test r3_composer_bottom ... ok
test r5_editor_prompt ... ok
test r4_separator_rule ... ok

test result: ok. 5 passed; 0 failed; 0 ignored; 0 measured; 0 filtered out; finished in 0.00s

     Running tests/editsplice_red.rs (target/debug/deps/editsplice_red-ce394c97a9f4c397)

running 9 tests
test plugin_retires_raw_diff_with_steering_error ... ok
test plugin_applies_edits_blocks ... ok
test splice_ambiguous_old_demands_more_context ... ok
test splice_accumulates_across_calls_and_survives_reentry ... ok
test splice_old_not_found_is_clean_feedback_and_candidate_unchanged ... ok
test splice_path_escape_rejected ... ok
test splice_multi_file_one_call_all_or_nothing ... ok
test splice_single_block_applies_and_live_ws_untouched ... ok
test splice_whitespace_fallback_applies_on_unique_fuzzy_match ... ok

test result: ok. 9 passed; 0 failed; 0 ignored; 0 measured; 0 filtered out; finished in 0.18s

     Running tests/edittools_red.rs (target/debug/deps/edittools_red-3dedfa6a7a554fca)

running 4 tests
test edit_apply_bad_diff_is_clean_feedback_and_candidate_unchanged ... ok
test edit_apply_accumulates_across_calls_and_survives_reentry ... ok
test notes_scratch_write_append_read_across_restarts ... ok
test edit_apply_returns_cumulative_diff_and_live_ws_untouched ... ok

test result: ok. 4 passed; 0 failed; 0 ignored; 0 measured; 0 filtered out; finished in 0.07s

     Running tests/egress_red.rs (target/debug/deps/egress_red-f93b6b68aed6d6c2)

running 5 tests
test host_eval_unwrapped_by_default ... ok
test host_eval_wraps_unshare_net_when_egress_off ... ok
test prompt_states_network_off_when_egress_off ... ok
test sandbox_omits_share_net_when_egress_off ... ok
test sandbox_shares_net_by_default ... ok

test result: ok. 5 passed; 0 failed; 0 ignored; 0 measured; 0 filtered out; finished in 0.00s

     Running tests/engine_red.rs (target/debug/deps/engine_red-566350ade122e1a3)

running 8 tests
test e1_mission_streams_json_events_and_returns_json_result ... ok
test e3_ui_event_wire_shapes ... ok
test e2_sessions_vitals_models_are_json ... ok
test e4_export_session_zip ... ok
test e5_schedule_firing_loop_runs_due_prompts_once ... ok
test e6_run_workflow_runs_steps_in_order ... ok
test e7_modes_narrow_and_restore_the_tool_surface ... ok
test e_resume_reopens_the_same_stream_and_knows_its_workspace ... ok

test result: ok. 8 passed; 0 failed; 0 ignored; 0 measured; 0 filtered out; finished in 0.42s

     Running tests/evolution_red.rs (target/debug/deps/evolution_red-338d5887d761952a)

running 1 test
test d7_promote_only_verified_winners_reject_losers_rewind_restores ... ok

test result: ok. 1 passed; 0 failed; 0 ignored; 0 measured; 0 filtered out; finished in 0.34s

     Running tests/exec_guard_red.rs (target/debug/deps/exec_guard_red-f58508c0f3d9eb73)

running 1 test
test exec_without_patch_states_the_precondition_plainly ... ok

test result: ok. 1 passed; 0 failed; 0 ignored; 0 measured; 0 filtered out; finished in 0.00s

     Running tests/exec_spill_red.rs (target/debug/deps/exec_spill_red-9d1259968c6b7301)

running 2 tests
test long_output_spills_full_text_and_returns_path ... ok
test short_output_has_no_spill_fields ... ok

test result: ok. 2 passed; 0 failed; 0 ignored; 0 measured; 0 filtered out; finished in 0.08s

     Running tests/exo_pi_runtime_hierarchy_red.rs (target/debug/deps/exo_pi_runtime_hierarchy_red-d2fbef0637bc571f)

running 2 tests
test pi_reasoning_is_not_wrapped_in_an_extra_heavy_box ... ok
test exo_runtime_hierarchy_has_distinct_transcript_and_titled_input_boundaries ... ok

test result: ok. 2 passed; 0 failed; 0 ignored; 0 measured; 0 filtered out; finished in 0.01s

     Running tests/export_red.rs (target/debug/deps/export_red-587b988383f52b6f)

running 2 tests
test x2_missing_source_is_an_error ... ok
test x1_zip_contains_all_files_and_verifies ... ok

test result: ok. 2 passed; 0 failed; 0 ignored; 0 measured; 0 filtered out; finished in 0.02s

     Running tests/faithful_loop.rs (target/debug/deps/faithful_loop-ab308c45490fad73)

running 1 test
test tool_results_reach_the_next_step_and_checker_runs_only_after_write ... ok

test result: ok. 1 passed; 0 failed; 0 ignored; 0 measured; 0 filtered out; finished in 0.03s

     Running tests/feedback_integrity_red.rs (target/debug/deps/feedback_integrity_red-fb42e262404eea31)

running 10 tests
test audited_pass_is_labeled_verified ... ok
test convergence_nudge_offers_no_prose_exit ... ok
test doom_loop_after_refute_offers_no_submit_hatch ... ok
test ledger_marks_pre_restore_runs ... ok
test ledger_records_bounded_output_tail ... ok
test feedback_leads_artifact_in_tail ... ok
test mission_prompt_makes_feedback_repair_binding ... ok
test malfunction_pass_is_labeled_verifier_malfunction ... ok
test ratchet_cap_close_is_labeled_and_never_a_pass ... ok
test refute_feedback_carries_no_round_counter ... ok

test result: ok. 10 passed; 0 failed; 0 ignored; 0 measured; 0 filtered out; finished in 1.51s

     Running tests/first_run_gate_red.rs (target/debug/deps/first_run_gate_red-d117f01f2fc78690)

running 4 tests
test g1_nontty_deepseek_default_without_key_refuses_before_any_mission ... ok
test g2_scripted_default_passes_the_gate ... ok
test g4_resolve_project_root_matrix ... ok
test g3_env_key_passes_the_gate ... ok

test result: ok. 4 passed; 0 failed; 0 ignored; 0 measured; 0 filtered out; finished in 0.04s

     Running tests/fixlist2_red.rs (target/debug/deps/fixlist2_red-7d0e5ab4a015f191)

running 10 tests
test env_failure_classified_from_exec_result ... ok
test edit_gate_steer_names_class_and_shows_example ... ok
test escalator_silent_on_first_fire_then_escalates ... ok
test gate_output_yields_class_for_escalation ... ok
test goal_verdict_enum_covers_env_limited ... ok
test parse_response_captures_reasoning_content ... ok
test parse_response_reasoning_content_absent_is_empty ... ok
test real_test_failure_is_not_env_limited ... ok
test violation_classes ... ok
test resolve_plugin_bin_sibling_or_loud_error ... ok

test result: ok. 10 passed; 0 failed; 0 ignored; 0 measured; 0 filtered out; finished in 0.00s

     Running tests/fixture_honesty_red.rs (target/debug/deps/fixture_honesty_red-20a043c5a1a464ad)

running 2 tests
test r1_mission_passes_honestly ... ok
test r2_exhausted_script_still_lands ... ok

test result: ok. 2 passed; 0 failed; 0 ignored; 0 measured; 0 filtered out; finished in 0.22s

     Running tests/fork_red.rs (target/debug/deps/fork_red-6cf10ee1e7e695dd)

running 2 tests
test f1_unit_fork_mission_carries_context ... ok
test f2_agent_fork_spawns_a_booked_child ... ok

test result: ok. 2 passed; 0 failed; 0 ignored; 0 measured; 0 filtered out; finished in 8.15s

     Running tests/gate3_proof.rs (target/debug/deps/gate3_proof-284e1c7ea8ee4628)

running 1 test
test gate3_proof_feedback_ablation ... ok

test result: ok. 1 passed; 0 failed; 0 ignored; 0 measured; 0 filtered out; finished in 2.07s

     Running tests/gateway_add_red.rs (target/debug/deps/gateway_add_red-51d7d60a77b61ed9)

running 1 test
test g1_task_added_mid_run_is_booked_queued_and_run ... ok

test result: ok. 1 passed; 0 failed; 0 ignored; 0 measured; 0 filtered out; finished in 3.15s

     Running tests/glob_red.rs (target/debug/deps/glob_red-0c1f2934a8acbd01)

running 3 tests
test g1_matches_patterns_sorted_and_respects_gitignore ... ok
test g2_guards_and_cap ... ok
test g3_wired ... ok

test result: ok. 3 passed; 0 failed; 0 ignored; 0 measured; 0 filtered out; finished in 0.03s

     Running tests/goal_host_red.rs (target/debug/deps/goal_host_red-d022b75805eb7aac)

running 3 tests
test goal_passes_when_acceptance_command_exits_zero ... ok
test goal_fails_red_not_env_limited_when_acceptance_command_fails ... ok
test goal_runs_command_whose_interpreter_lives_under_home ... ok

test result: ok. 3 passed; 0 failed; 0 ignored; 0 measured; 0 filtered out; finished in 0.18s

     Running tests/goal_tool_red.rs (target/debug/deps/goal_tool_red-2cdafc45801e671f)

running 3 tests
test g2_guards ... ok
test g1_create_get_update_lifecycle ... ok
test g3_wired ... ok

test result: ok. 3 passed; 0 failed; 0 ignored; 0 measured; 0 filtered out; finished in 0.00s

     Running tests/grok_live_ux_red.rs (target/debug/deps/grok_live_ux_red-24eca1cb5acdcd7b)

running 7 tests
test escape_interrupts_an_active_run_like_the_live_reference ... ok
test model_picker_has_the_same_search_first_hierarchy ... ok
test completed_tool_rows_stay_compact_without_raw_payload_dump ... ok
test narrow_home_does_not_clip_an_instruction_banner ... ok
test prompt_is_quiet_borderless_row_not_a_large_box ... ok
test typing_slash_opens_centered_searchable_command_discovery ... ok
test slash_help_opens_searchable_overlay_instead_of_appending_a_wall_of_text ... ok

test result: ok. 7 passed; 0 failed; 0 ignored; 0 measured; 0 filtered out; finished in 0.01s

     Running tests/grok_tui_fidelity_red.rs (target/debug/deps/grok_tui_fidelity_red-a6eef2cb8be96a78)

running 4 tests
test empty_home_centers_identity_and_prompt_instead_of_showing_an_empty_dashboard ... ok
test active_session_has_one_header_message_canvas_prompt_and_contextual_footer ... ok
test normal_surface_does_not_render_the_internal_loop_rail_or_session_counters ... ok
test tool_activity_stays_inline_and_never_opens_a_permanent_machine_dashboard ... ok

test result: ok. 4 passed; 0 failed; 0 ignored; 0 measured; 0 filtered out; finished in 0.01s

     Running tests/inner_loop.rs (target/debug/deps/inner_loop-2cd8a0264eb0127d)

running 4 tests
test feedback_off_never_repairs ... ok
test feedback_on_repairs_repairable_task_in_two_steps ... ok
test events_tell_the_two_arms_apart ... ok
test unrepairable_failure_class_fails_even_with_feedback_on ... ok

test result: ok. 4 passed; 0 failed; 0 ignored; 0 measured; 0 filtered out; finished in 0.17s

     Running tests/installer_env_red.rs (target/debug/deps/installer_env_red-53dc7e84d093a9d4)

running 1 test
test fresh_install_sources_the_rustup_env_from_cargo_home ... ok

test result: ok. 1 passed; 0 failed; 0 ignored; 0 measured; 0 filtered out; finished in 0.15s

     Running tests/installer_path_red.rs (target/debug/deps/installer_path_red-cd041a15790de60d)

running 1 test
test fresh_install_without_binlink_on_path_resolves_on_a_login_shell ... ok

test result: ok. 1 passed; 0 failed; 0 ignored; 0 measured; 0 filtered out; finished in 0.29s

     Running tests/isolation_red.rs (target/debug/deps/isolation_red-b364529918c57ce0)

running 8 tests
test answer_submit_outside_project_is_refused ... ok
test absolute_read_outside_project_is_blocked ... ok
test dotdot_escape_outside_project_is_blocked ... ok
test missing_sandbox_fails_closed ... ok
test project_root_resolution_prefers_flag_over_default ... ok
test workdir_outside_project_is_refused ... ok
test harness_env_is_not_visible_inside_mission_shell ... ok
test writes_inside_project_persist ... ok

test result: ok. 8 passed; 0 failed; 0 ignored; 0 measured; 0 filtered out; finished in 0.11s

     Running tests/jobs_red.rs (target/debug/deps/jobs_red-1ac592c7c4f2badf)

running 4 tests
test j2_kill_stops_a_long_job ... ok
test j3_unknown_job_and_tail_cap ... ok
test j4_wired_schema_install_config ... ok
test j1_start_returns_immediately_and_output_and_exit_code_are_recorded ... ok

test result: ok. 4 passed; 0 failed; 0 ignored; 0 measured; 0 filtered out; finished in 1.01s

     Running tests/json_booking_red.rs (target/debug/deps/json_booking_red-b1ff4340a89d5748)

running 2 tests
test j2_capability_change_books_valid_json ... ok
test j1_gateway_goal_with_control_char_books_valid_json ... ok

test result: ok. 2 passed; 0 failed; 0 ignored; 0 measured; 0 filtered out; finished in 0.06s

     Running tests/ledger_read_evidence_red.rs (target/debug/deps/ledger_read_evidence_red-6648d11370a411c8)

running 1 test
test repo_read_records_bounded_content_evidence ... ok

test result: ok. 1 passed; 0 failed; 0 ignored; 0 measured; 0 filtered out; finished in 0.00s

     Running tests/lineediting_red.rs (target/debug/deps/lineediting_red-daffae5e8c16f57e)

running 1 test
scripted · 0 missions · 0 steps · 0 calls · $0.0000 · 0s · ae3a9e05
scripted · 0 missions · 0 steps · 0 calls · $0.0007 · 0s · ae3a9e05
test interactive_history_persists_and_preloads_across_restarts ... ok

test result: ok. 1 passed; 0 failed; 0 ignored; 0 measured; 0 filtered out; finished in 0.09s

     Running tests/live_smoke.rs (target/debug/deps/live_smoke-b74f4f0b24a157b4)

running 1 test
test live_glm_round_trip ... ok

test result: ok. 1 passed; 0 failed; 0 ignored; 0 measured; 0 filtered out; finished in 0.01s

     Running tests/loop_level_red.rs (target/debug/deps/loop_level_red-989412e8441d331f)

running 11 tests
test answer_write_rejected_until_the_model_has_verified ... ok
test answer_write_allowed_untested_on_the_last_step ... ok
test convergence_nudge_at_half_and_three_quarter_steps_when_no_test_ran ... ok
test dead_non_answer_tool_degrades_and_mission_continues ... ok
test doom_loop_nudge_on_repeated_calls_once_then_escalation_only ... ok
test mission_aborts_as_harness_error_when_answer_path_plugin_dies ... ok
test progress_checkpointed_every_step_even_without_answer_writes ... ok
test progress_json_checkpointed_per_step ... ok
test repeat_calls_to_dead_tool_short_circuit_without_respawn ... ok
test wall_kill_books_partial_from_checkpoint ... ok
test step_header_carries_step_wall_and_cost_budgets ... ok

test result: ok. 11 passed; 0 failed; 0 ignored; 0 measured; 0 filtered out; finished in 0.35s

     Running tests/markdown_red.rs (target/debug/deps/markdown_red-0135a84adbe52b84)

running 4 tests
test r1_constructs_get_semantic_color ... ok
test r2_chunk_split_invariance ... ok
test r3_plain_mode_strips_markers_no_ansi ... ok
test r4_partial_line_flushes_at_finish ... ok

test result: ok. 4 passed; 0 failed; 0 ignored; 0 measured; 0 filtered out; finished in 0.00s

     Running tests/mcp_plugin_roots_red.rs (target/debug/deps/mcp_plugin_roots_red-eb5de8cf3a2dbbbc)

running 6 tests
test p1_absolute_path_outside_roots_refused ... ok
test p3_plain_string_passes ... ok
test p2_in_root_path_passes ... ok
test p5_traversal_refused ... ok
test p6_nested_path_refused ... ok
test p4_url_string_passes ... ok

test result: ok. 6 passed; 0 failed; 0 ignored; 0 measured; 0 filtered out; finished in 0.13s

     Running tests/mcp_web_seam_red.rs (target/debug/deps/mcp_web_seam_red-2d69e511f745066f)

running 2 tests
test t2_repl_mcp_tool_callable_and_advertised ... ok
test t1_tb_runner_registers_mcp_tools ... ok

test result: ok. 2 passed; 0 failed; 0 ignored; 0 measured; 0 filtered out; finished in 0.33s

     Running tests/mcpbridge_red.rs (target/debug/deps/mcpbridge_red-671275a09e134dcf)

running 5 tests
test empty_allowed_roots_means_no_paths ... ok
test allowed_roots_enforced_on_path_args ... ok
test malformed_mcp_config_errors ... ok
test tool_names_are_namespaced_per_server ... ok
test parses_mcp_servers_config ... ok

test result: ok. 5 passed; 0 failed; 0 ignored; 0 measured; 0 filtered out; finished in 0.01s

     Running tests/mcpcall_red.rs (target/debug/deps/mcpcall_red-3026b2fb1396e866)

running 4 tests
test call_round_trips_through_real_mcp_protocol ... ok
test list_discovers_namespaced_tools ... ok
test path_args_outside_allowed_roots_are_rejected_before_spawning ... ok
test unknown_server_and_unknown_tool_error_cleanly ... ok

test result: ok. 4 passed; 0 failed; 0 ignored; 0 measured; 0 filtered out; finished in 0.01s

     Running tests/memory_goal_red.rs (target/debug/deps/memory_goal_red-2b53aba04e1a40ed)

running 2 tests
test t7_goal_evaluator_stops_green_refuses_red ... ok
test t6_memory_roundtrip_across_missions ... ok

test result: ok. 2 passed; 0 failed; 0 ignored; 0 measured; 0 filtered out; finished in 0.31s

     Running tests/memory_k_red.rs (target/debug/deps/memory_k_red-6b08ba43197e62d9)

running 6 tests
test k1_memory_recall_serves_k_records_to_the_model ... ok
test k1b_memory_recall_without_store_is_a_clean_error ... ok
test k2_prefetch_booked_with_hit_and_token_cost ... ok
test k4_memory_recall_schema_shape ... ok
test k3_predictor_retires_below_the_cost_crossover ... ok
test k6_within_session_distillation_is_mission_scoped ... ok

test result: ok. 6 passed; 0 failed; 0 ignored; 0 measured; 0 filtered out; finished in 0.25s

     Running tests/messages_api_red.rs (target/debug/deps/messages_api_red-52555d3262a96335)

running 14 tests
test deepseek_defaults_match_dsh_messages_route ... ok
test author_rejects_multiple_native_calls_instead_of_silently_discarding_them ... ok
test incomplete_and_in_band_error_streams_are_not_success ... ok
test malformed_or_orphan_tool_history_fails_closed ... ok
test full_stream_tool_fragments_and_cache_usage_are_assembled ... ok
test messages_response_normalizes_tools_cache_and_served_identity ... ok
test messages_stream_exposes_protocol_completion_without_http_eof ... ok
test native_assistant_thinking_signature_and_tools_are_preserved ... ok
test parallel_tool_results_share_one_immediately_following_user_message ... ok
test request_matches_messages_shape_and_preserves_tool_pairs ... ok
test stream_rejects_delta_before_start_and_malformed_tool_json ... ok
test streaming_mock_preserves_fragments_and_no_watchdog ... ok
test messages_mock_checks_path_auth_body_and_real_model_identity ... ok
test streaming_returns_at_message_stop_while_server_keeps_connection_open ... ok

test result: ok. 14 passed; 0 failed; 0 ignored; 0 measured; 0 filtered out; finished in 0.03s

     Running tests/meta_harness_cli_red.rs (target/debug/deps/meta_harness_cli_red-ba99d4c45bf5f236)

running 1 test
test cli_runs_normal_proposer_evaluator_path_and_resumes ... ok

test result: ok. 1 passed; 0 failed; 0 ignored; 0 measured; 0 filtered out; finished in 0.23s

     Running tests/meta_harness_red.rs (target/debug/deps/meta_harness_red-bc8f60d9d3ff81ef)

running 4 tests
test candidate_and_task_paths_cannot_escape_history_root ... ok
test corrupt_or_missing_trial_evidence_fails_closed_and_resume_never_erases_history ... ok
test full_history_filesystem_drives_later_proposals_and_external_scores_choose_frontier ... ok
test resume_rejects_a_different_search_protocol ... ok

test result: ok. 4 passed; 0 failed; 0 ignored; 0 measured; 0 filtered out; finished in 0.00s

     Running tests/mission_env_hint_red.rs (target/debug/deps/mission_env_hint_red-8d35bad7246e04cb)

running 3 tests
test repl_mission_message_carries_env_hint ... ok
test env_hint_explains_tar_quirk ... ok
test swe_templates_tell_the_truth ... ok

test result: ok. 3 passed; 0 failed; 0 ignored; 0 measured; 0 filtered out; finished in 0.00s

     Running tests/mission_path_red.rs (target/debug/deps/mission_path_red-4d33cf568bb06f3f)

running 3 tests
test m1_traversal_mission_id_refused_and_writes_nothing_outside ... ok
test m2_absolute_mission_id_refused ... ok
test m3_normal_mission_id_still_runs ... ok

test result: ok. 3 passed; 0 failed; 0 ignored; 0 measured; 0 filtered out; finished in 0.05s

     Running tests/mission_resume_red.rs (target/debug/deps/mission_resume_red-cddc801bd1fdb12f)

running 4 tests
test dead_mission_same_goal_continues_same_mission ... ok
test dead_mission_continues_after_session_resume ... ok
test different_goal_same_slug_starts_fresh ... ok
test passed_mission_same_goal_starts_fresh ... ok

test result: ok. 4 passed; 0 failed; 0 ignored; 0 measured; 0 filtered out; finished in 0.29s

     Running tests/mission_time_red.rs (target/debug/deps/mission_time_red-0ca60712b2ce8d17)

running 2 tests
test v1_synthetic_log_decomposes_exactly ... ok
test v2_live_mission_decomposes_and_publishes ... ok

test result: ok. 2 passed; 0 failed; 0 ignored; 0 measured; 0 filtered out; finished in 0.12s

     Running tests/mission_truth_red.rs (target/debug/deps/mission_truth_red-a60f228f5467f620)

running 3 tests
test artifact_section_is_labeled_as_the_graded_answer_file ... ok
test mission_prompt_carries_the_sandbox_f2p_command_not_a_host_path ... ok
test repoexec_description_states_fresh_sandbox_semantics ... ok

test result: ok. 3 passed; 0 failed; 0 ignored; 0 measured; 0 filtered out; finished in 0.00s

     Running tests/model_persist_red.rs (target/debug/deps/model_persist_red-a97c1250acb1dc94)

running 2 tests
test set_default_model_flips_exactly_one ... ok
test model_pick_persists_and_arms_on_load ... ok

test result: ok. 2 passed; 0 failed; 0 ignored; 0 measured; 0 filtered out; finished in 0.01s

     Running tests/native_tools_red.rs (target/debug/deps/native_tools_red-33fc57811f5c63b0)

running 7 tests
test builtin_tool_schemas_cover_the_mission_surface ... ok
test no_tool_calls_is_an_error_not_a_text_fallback ... ok
test native_tool_call_roundtrip_parses ... ok
test prompt_has_no_handrolled_tool_markup ... ok
test request_body_carries_native_tools ... ok
test wire_names_are_provider_legal_and_round_trip ... ok
test search_repo_honors_ignore_files ... ok

test result: ok. 7 passed; 0 failed; 0 ignored; 0 measured; 0 filtered out; finished in 0.02s

     Running tests/offered_surface_red.rs (target/debug/deps/offered_surface_red-835a8475b2ec0b80)

running 1 test
test offered_tool_names_are_unique_when_config_registers_delegation ... ok

test result: ok. 1 passed; 0 failed; 0 ignored; 0 measured; 0 filtered out; finished in 0.09s

     Running tests/parent_links_red.rs (target/debug/deps/parent_links_red-eb4a438989205672)

running 1 test
test every_mission_event_links_to_the_mission_root ... ok

test result: ok. 1 passed; 0 failed; 0 ignored; 0 measured; 0 filtered out; finished in 0.21s

     Running tests/permission_red.rs (target/debug/deps/permission_red-4a7d087a373669e4)

running 2 tests
test q2_no_answer_times_out_as_denied ... ok
test q1_ask_blocks_until_allowed_then_runs_and_deny_refuses ... ok

test result: ok. 2 passed; 0 failed; 0 ignored; 0 measured; 0 filtered out; finished in 1.23s

     Running tests/plan_mode_red.rs (target/debug/deps/plan_mode_red-06ad1838ac0bf2ba)

running 3 tests
test p2_jobs_start_blocked_but_list_allowed ... ok
test p3_wired_schema_install_config ... ok
test p1_gate_blocks_mutation_only_while_on ... ok

test result: ok. 3 passed; 0 failed; 0 ignored; 0 measured; 0 filtered out; finished in 0.13s

     Running tests/policy_rsi_red.rs (target/debug/deps/policy_rsi_red-4510ba3dda0706e8)

running 6 tests
test k2_tui_mission_prompt_is_policy ... ok
test k1_kernel_stamps_run_dir_and_policy_plugin_records ... ok
test k3_promotion_driver_proposal_to_overlay_journal_rewind ... ok
test k3b_promotion_preserves_sibling_prompt_entries ... ok
test k4_live_overlay_resolution ... ok
test k5_repl_mission_records_proposal_under_mission_dir ... ok

test result: ok. 6 passed; 0 failed; 0 ignored; 0 measured; 0 filtered out; finished in 0.37s

     Running tests/policy_wire_red.rs (target/debug/deps/policy_wire_red-206a25511db12adc)

running 1 test
test policy_tool_answers_tool_call_frames ... ok

test result: ok. 1 passed; 0 failed; 0 ignored; 0 measured; 0 filtered out; finished in 0.00s

     Running tests/prefetch_knobs_red.rs (target/debug/deps/prefetch_knobs_red-a5b46cdc689171ac)

running 1 test
test v3_promoted_knobs_drive_retirement_not_the_constants ... ok

test result: ok. 1 passed; 0 failed; 0 ignored; 0 measured; 0 filtered out; finished in 0.11s

     Running tests/provider_429_red.rs (target/debug/deps/provider_429_red-6b26833ec118db36)

running 3 tests
test ceiling_429_message_is_not_retryable_but_plain_429_is ... ok
test ordinary_429_and_html_bodies_are_plain_text ... ok
test spend_ceiling_429_is_clear_and_says_retry_is_futile ... ok

test result: ok. 3 passed; 0 failed; 0 ignored; 0 measured; 0 filtered out; finished in 0.00s

     Running tests/provider_by_name_red.rs (target/debug/deps/provider_by_name_red-d09c8c1841852a5d)

running 4 tests
test builtin_names_still_resolve ... ok
test critic_resolves_through_the_same_path ... ok
test toml_fallback_resolves_openrouter ... ok
test unknown_provider_error_names_it ... ok

test result: ok. 4 passed; 0 failed; 0 ignored; 0 measured; 0 filtered out; finished in 0.01s

     Running tests/provider_config_red.rs (target/debug/deps/provider_config_red-d0910ef17d0c38ba)

running 7 tests
test builtin_glm_matches_toml_equivalent ... ok
test loads_providers_from_toml ... ok
test lookup_by_name_and_unknown_name_errors ... ok
test malformed_toml_is_an_error_not_a_panic ... ok
test extra_body_json_from_toml_reaches_the_request ... ok
test missing_key_is_fill_only_error ... ok
test toml_provider_becomes_working_provider_and_env_wins ... ok

test result: ok. 7 passed; 0 failed; 0 ignored; 0 measured; 0 filtered out; finished in 0.04s

     Running tests/publication_can_lose_red.rs (target/debug/deps/publication_can_lose_red-aca7073cca15733e)

running 2 tests
test c2_lose_verdict_renders_verbatim_in_report_lines ... ok
test c1_strengthened_incumbent_flips_the_verdict_to_lose ... ok

test result: ok. 2 passed; 0 failed; 0 ignored; 0 measured; 0 filtered out; finished in 0.33s

     Running tests/publication_red.rs (target/debug/deps/publication_red-f9a8431054f759e8)

running 1 test
test v1_two_arm_publication_is_priced_in_terms_and_published ... ok

test result: ok. 1 passed; 0 failed; 0 ignored; 0 measured; 0 filtered out; finished in 1.07s

     Running tests/realbench.rs (target/debug/deps/realbench-0d0daab27c3c49c3)

running 5 tests
test progress_done_roundtrip_per_model_arm ... ok
test real_ablation_deepseek ... ok
test real_ablation_glm ... ok
test concurrent_appends_never_interleave ... ok
test shard_parsing_variants ... ok

test result: ok. 5 passed; 0 failed; 0 ignored; 0 measured; 0 filtered out; finished in 0.03s

     Running tests/realmodel.rs (target/debug/deps/realmodel-8b8d3a7c4f2a6205)

running 6 tests
test extract_json_from_wrapped_output ... ok
test adapters_against_mock_server ... ok
test incomplete_stream_is_provider_error ... ok
test load_key_falls_back_to_config_dir_key_file ... ok
test provider_error_body_is_surfaced ... ok
test slow_provider_response_survives_old_watchdog ... ok

test result: ok. 6 passed; 0 failed; 0 ignored; 0 measured; 0 filtered out; finished in 1.24s

     Running tests/reasoning_passback_red.rs (target/debug/deps/reasoning_passback_red-8895ece8f0a4bf6f)

running 5 tests
test assemble_orphan_toolcall_has_no_reasoning_field ... ok
test assemble_pairs_reasoning_from_owning_modelcall ... ok
test exchange_pair_carries_reasoning_when_present ... ok
test exchange_pair_omits_reasoning_when_empty ... ok
test assemble_preserves_native_messages_blocks_and_provider_tool_id ... ok

test result: ok. 5 passed; 0 failed; 0 ignored; 0 measured; 0 filtered out; finished in 0.01s

     Running tests/recovery_bc_red.rs (target/debug/deps/recovery_bc_red-bf770acd19245caf)

running 3 tests
test v1_snapshot_restore_books_recovery_on_the_mission_stream ... ok
test v3_repl_commands_parse ... ok
test v2_cold_recreate_from_the_substrate_alone ... ok

test result: ok. 3 passed; 0 failed; 0 ignored; 0 measured; 0 filtered out; finished in 0.14s

     Running tests/repexec_editguard_red.rs (target/debug/deps/repexec_editguard_red-30fb2119e3d3cdd5)

running 9 tests
test diff_mode_and_answer_mode_are_gated_too ... ok
test gate_allows_normal_shell_and_reads ... ok
test gate_flags_git_apply_invocations ... ok
test gate_flags_raw_diff_file_writes ... ok
test allowed_command_still_executes_end_to_end ... ok
test prompt_steers_edits_only_via_edit_apply ... ok
test sandbox_gates_diff_writes_before_any_work ... ok
test sandbox_rejects_b7s_verbatim_git_apply_payload ... ok
test mission_git_apply_payload_is_steered_not_executed ... ok

test result: ok. 9 passed; 0 failed; 0 ignored; 0 measured; 0 filtered out; finished in 0.15s

     Running tests/repexec_inline_red.rs (target/debug/deps/repexec_inline_red-f0bf0248f0e49b2c)

running 5 tests
test inline_diff_bad_patch_is_clean_feedback_not_machinery_error ... ok
test inline_diff_accepts_fenced_or_raw ... ok
test inline_diff_runs_before_first_answer_write ... ok
test plugin_accepts_args_diff_without_any_answer_path ... ok
test plugin_inline_diff_beats_stale_answer_path_when_both_given ... ok

test result: ok. 5 passed; 0 failed; 0 ignored; 0 measured; 0 filtered out; finished in 0.17s

     Running tests/repexec_red.rs (target/debug/deps/repexec_red-203048b961b68a48)

running 5 tests
test exec_cleans_up_scratch ... ok
test exec_applies_patch_in_scratch_and_runs_command ... ok
test exec_preflight_reports_unappliable_patch_without_running ... ok
test exec_without_answer_is_clean_feedback ... ok
test exec_enforces_timeout ... ok

test result: ok. 5 passed; 0 failed; 0 ignored; 0 measured; 0 filtered out; finished in 2.11s

     Running tests/repexec_sandbox_red.rs (target/debug/deps/repexec_sandbox_red-68cc70f74a1cad1f)

running 12 tests
test sandbox_blesses_standard_toolchain_caches ... FAILED
test sandbox_allows_writes_inside_workspace_and_tmp ... ok
test sandbox_denies_writes_and_deletes_outside_workspace ... ok
test sandbox_env_is_scrubbed ... ok
test sandbox_builds_language_envs_inside_workspace ... FAILED
test sandbox_is_a_readable_machine_with_a_writable_workspace ... FAILED
test sandbox_hides_host_filesystem_secrets_and_live_ws ... ok
test sandbox_network_is_on_for_missions ... ok
test sandbox_runs_any_command_open_shell ... ok
test sandbox_still_hides_host_secrets ... FAILED
test sandbox_kills_memory_bombs ... ok
test sandbox_timeout_and_cleanup_still_hold ... ok

failures:

---- sandbox_blesses_standard_toolchain_caches stdout ----

thread 'sandbox_blesses_standard_toolchain_caches' (358349) panicked at crates/hs-loop/tests/repexec_sandbox_red.rs:364:9:
/root/.cache writable: RO /root/.cache
RO /root/.cargo
RO /root/.npm
RO /root/.local
RO /root/go
RO /root

note: run with `RUST_BACKTRACE=1` environment variable to display a backtrace

---- sandbox_builds_language_envs_inside_workspace stdout ----

thread 'sandbox_builds_language_envs_inside_workspace' (358388) panicked at crates/hs-loop/tests/repexec_sandbox_red.rs:341:5:
uv venv in workspace: error: Failed to initialize cache at `/root/.cache/uv`
  cause: failed to create directory `/root/.cache/uv`: Permission denied (os error 13)


---- sandbox_is_a_readable_machine_with_a_writable_workspace stdout ----

thread 'sandbox_is_a_readable_machine_with_a_writable_workspace' (358450) panicked at crates/hs-loop/tests/repexec_sandbox_red.rs:142:5:
missions run as root in the sandbox: UID=1001
USRLOCAL-RO
HAVE-python3
HAVE-apt-get
HOME=/root
PATH=/root/.cargo/bin:/usr/local/cargo/bin:/usr/local/bin:/usr/bin:/bin


---- sandbox_still_hides_host_secrets stdout ----

thread 'sandbox_still_hides_host_secrets' (358538) panicked at crates/hs-loop/tests/repexec_sandbox_red.rs:165:4:
called `Result::unwrap()` on an `Err` value: Os { code: 13, kind: PermissionDenied, message: "Permission denied" }


failures:
    sandbox_blesses_standard_toolchain_caches
    sandbox_builds_language_envs_inside_workspace
    sandbox_is_a_readable_machine_with_a_writable_workspace
    sandbox_still_hides_host_secrets

test result: FAILED. 8 passed; 4 failed; 0 ignored; 0 measured; 0 filtered out; finished in 2.74s

error: test failed, to rerun pass `-p hs-loop --test repexec_sandbox_red`
     Running tests/repexec_scratch_red.rs (target/debug/deps/repexec_scratch_red-18a33472423b9e3c)

running 3 tests
test mission_model_may_use_repoexec_as_general_shell ... ok
test scratch_shell_runs_general_commands_against_pristine_clone ... ok
test scratch_shell_enforces_timeout ... ok

test result: ok. 3 passed; 0 failed; 0 ignored; 0 measured; 0 filtered out; finished in 2.08s

     Running tests/repexec_stress_red.rs (target/debug/deps/repexec_stress_red-5daa2a3dd119de07)

running 3 tests
test r3_scratch_tags_never_repeat_under_threaded_minting ... ok
test transient_git_spawn_failure_is_retried_not_surfaced ... ok
test stress_run_sandboxed_never_hits_a_machinery_arm_under_load ... ok

test result: ok. 3 passed; 0 failed; 0 ignored; 0 measured; 0 filtered out; finished in 2.47s

     Running tests/repl_native_tools_red.rs (target/debug/deps/repl_native_tools_red-594d82bf65bfc4d3)

running 1 test
test repl_delivers_native_schemas_builtin_and_mcp ... ok

test result: ok. 1 passed; 0 failed; 0 ignored; 0 measured; 0 filtered out; finished in 0.11s

     Running tests/repl_red.rs (target/debug/deps/repl_red-114d1fe305d0a6e5)

running 4 tests
test r1_parse_command ... ok
test r1b_goal_slug ... ok
test r2_one_shot_goal_end_to_end ... ok
test r3_session_reuse ... ok

test result: ok. 4 passed; 0 failed; 0 ignored; 0 measured; 0 filtered out; finished in 0.18s

     Running tests/repl_shipped_rig_red.rs (target/debug/deps/repl_shipped_rig_red-cd74ea420b15ea8d)

running 1 test
test r1_shipped_tb_rig_passes_a_mission_end_to_end ... ok

test result: ok. 1 passed; 0 failed; 0 ignored; 0 measured; 0 filtered out; finished in 0.28s

     Running tests/repl_surface_red.rs (target/debug/deps/repl_surface_red-3f896126a93f6ee7)

running 3 tests
test dispatch_normalizes_demangled_names_and_unknown_errors_teach ... ok
test repl_advertises_exactly_the_registered_tools_plus_internals ... ok
test tools_audit_contains_the_final_interactive_surface ... ok

test result: ok. 3 passed; 0 failed; 0 ignored; 0 measured; 0 filtered out; finished in 0.24s

     Running tests/replay_red.rs (target/debug/deps/replay_red-483549bf4dd49feb)

running 3 tests
test replay_8609_empty_fence_is_unsubmittable_on_new_path ... ok
test replay_3314_old_path_reproduces_corrupt_at_line_44 ... ok
test replay_8619_old_path_reproduces_corrupt_at_line_19 ... ok

test result: ok. 3 passed; 0 failed; 0 ignored; 0 measured; 0 filtered out; finished in 0.01s

     Running tests/repotools.rs (target/debug/deps/repotools-f953d74b4a21b08c)

running 15 tests
test large_files_are_capped_and_marked ... ok
test missing_file_is_a_clean_error ... ok
test not_found_in_an_empty_project_says_it_is_empty ... ok
test not_found_names_the_project_root_and_lists_top_level ... ok
test reads_a_file_inside_the_workspace ... ok
test rejects_absolute_path ... ok
test rejects_dotdot_escape ... ok
test search_no_matches_is_empty_not_error ... ok
test search_finds_matches_with_locations ... ok
test search_rejects_empty_pattern ... ok
test symlink_escape_is_rejected ... ok
test windowed_read_last_page_is_not_truncated ... ok
test windowed_read_past_end_is_empty_not_an_error ... ok
test windowed_read_returns_requested_lines ... ok
test search_skips_git_dir_and_caps_results ... ok

test result: ok. 15 passed; 0 failed; 0 ignored; 0 measured; 0 filtered out; finished in 0.04s

     Running tests/resume_accounting_red.rs (target/debug/deps/resume_accounting_red-8401bc39f1224c86)

running 1 test
test resume_restores_session_accounting ... ok

test result: ok. 1 passed; 0 failed; 0 ignored; 0 measured; 0 filtered out; finished in 0.19s

     Running tests/resume_red.rs (target/debug/deps/resume_red-377378f687c11cce)

running 2 tests
test forked_session_branches_history_and_leaves_parent_intact ... ok
test resumed_session_continues_stream_and_history ... ok

test result: ok. 2 passed; 0 failed; 0 ignored; 0 measured; 0 filtered out; finished in 0.30s

     Running tests/resumepicker_red.rs (target/debug/deps/resumepicker_red-6f854e89ba199cec)

running 5 tests
test r2_pick_session ... ok
test r3_session_line ... ok
test r1_lists_sessions_newest_first ... ok
test r4_load_session_resume_adopts_stream ... ok
test r5_mission_records_its_workspace ... ok

test result: ok. 5 passed; 0 failed; 0 ignored; 0 measured; 0 filtered out; finished in 1.33s

     Running tests/retrace_red.rs (target/debug/deps/retrace_red-cfa62bccbf137c3f)

running 2 tests
test match_verdict_or_model_failure_lets_the_submission_through ... ok
test backward_pass_never_sees_the_issue_and_mismatch_returns_guidance ... ok

test result: ok. 2 passed; 0 failed; 0 ignored; 0 measured; 0 filtered out; finished in 0.00s

     Running tests/retry_backoff_red.rs (target/debug/deps/retry_backoff_red-08ebc104e526a2b5)

running 5 tests
test fatal_4xx_fails_immediately ... ok
test generous_default_attempt_budget ... ok
test exponential_backoff_without_retry_after ... ok
test max_attempts_env_bounds_retries ... ok
test retry_after_header_is_honored ... ok

test result: ok. 5 passed; 0 failed; 0 ignored; 0 measured; 0 filtered out; finished in 5.07s

     Running tests/rmm_ledger_red.rs (target/debug/deps/rmm_ledger_red-a7727458c6197fc6)

running 1 test
test recall_citations_score_the_ledger_at_close ... ok

test result: ok. 1 passed; 0 failed; 0 ignored; 0 measured; 0 filtered out; finished in 0.14s

     Running tests/seatbelt_profile_red.rs (target/debug/deps/seatbelt_profile_red-01804e38a7d5ff44)

running 8 tests
test b2_environment_is_scrubbed ... ok
test b1_write_inside_root_ok_outside_refused ... ok
test b4_platform_probe_passes_on_this_dev_box ... ok
test b3_verifier_cannot_write_task_files_but_keeps_scratch ... ok
test p1_profile_denies_all_writes_then_allows_root_and_tmp ... ok
test p2_verifier_profile_denies_the_root_last ... ok
test p3_profile_escapes_sbpl_string_metachars ... ok
test b5_author_scratch_persists_across_termexec_calls ... ok

test result: ok. 8 passed; 0 failed; 0 ignored; 0 measured; 0 filtered out; finished in 0.31s

     Running tests/selfcheck_direct_red.rs (target/debug/deps/selfcheck_direct_red-1ad52944ce9e1ff7)

running 1 test
test d10_candidate_surface_checker_sees_declared_checks ... ok

test result: ok. 1 passed; 0 failed; 0 ignored; 0 measured; 0 filtered out; finished in 0.19s

     Running tests/selfcheck_feedback_red.rs (target/debug/deps/selfcheck_feedback_red-b96dbb27321660ad)

running 4 tests
test command_not_found_is_labelled_environment_and_still_fails ... ok
test a_pass_clears_the_repeat_counter ... ok
test identical_failure_repeats_are_counted_and_called_out ... ok
test ordinary_test_failure_is_not_labelled_environment ... ok

test result: ok. 4 passed; 0 failed; 0 ignored; 0 measured; 0 filtered out; finished in 0.52s

     Running tests/selfcheck_same_env_red.rs (target/debug/deps/selfcheck_same_env_red-bd1147dbc3d57ea2)

running 2 tests
test declared_check_sees_the_models_shell_environment ... ok
test failing_check_still_fails_in_the_shared_env ... ok

test result: ok. 2 passed; 0 failed; 0 ignored; 0 measured; 0 filtered out; finished in 0.15s

     Running tests/selfinstruct_red.rs (target/debug/deps/selfinstruct_red-94bbf4358c4bee3a)

running 5 tests
test default_template_when_no_policy_overlay ... ok
test malformed_overlay_is_an_error_not_a_silent_default ... ok
test overlay_missing_mission_key_falls_back_to_builtin ... ok
test policy_overlay_overrides_mission_prompt ... ok
test proposal_is_recorded_versioned_and_does_not_mutate_running_prompt ... ok

test result: ok. 5 passed; 0 failed; 0 ignored; 0 measured; 0 filtered out; finished in 0.01s

     Running tests/sessions_workspace_red.rs (target/debug/deps/sessions_workspace_red-6d9a4b34b20ade53)

running 5 tests
test overview_lists_every_session_under_its_workspace ... ok
test groups_by_workspace_newest_group_first_and_newest_within ... ok
test picker_line_names_the_workspace ... ok
test unknown_workspace_has_its_own_group_label ... ok
test record_then_list_round_trips_the_workspace ... ok

test result: ok. 5 passed; 0 failed; 0 ignored; 0 measured; 0 filtered out; finished in 0.00s

     Running tests/setup_providers_toml_red.rs (target/debug/deps/setup_providers_toml_red-f83cb1c89f91e217)

running 3 tests
test readiness_gate_lists_toml_providers ... ok
test save_key_accepts_a_toml_provider ... ok
test toml_provider_does_not_duplicate_a_builtin ... ok

test result: ok. 3 passed; 0 failed; 0 ignored; 0 measured; 0 filtered out; finished in 0.01s

     Running tests/skill_index_red.rs (target/debug/deps/skill_index_red-2547595842bc0ab0)

running 1 test
test installed_skill_is_indexed_in_prompt_and_viewable ... ok

test result: ok. 1 passed; 0 failed; 0 ignored; 0 measured; 0 filtered out; finished in 0.09s

     Running tests/statusbar_red.rs (target/debug/deps/statusbar_red-d0d41718b0e766e2)

running 3 tests
test r2_vitals_accumulate_across_missions ... ok
test r3_painter_status_line ... ok
test r1_vitals_snapshot_of_fresh_session ... ok

test result: ok. 3 passed; 0 failed; 0 ignored; 0 measured; 0 filtered out; finished in 0.17s

     Running tests/steering_red.rs (target/debug/deps/steering_red-04791fcdc291e010)

running 2 tests
test interrupt_file_stops_mission_cleanly ... ok
test steering_line_lands_in_next_step_prompt ... ok

test result: ok. 2 passed; 0 failed; 0 ignored; 0 measured; 0 filtered out; finished in 0.12s

     Running tests/stop_on_pass_red.rs (target/debug/deps/stop_on_pass_red-6df890a01fb79bf0)

running 1 test
test checker_pass_terminates_even_when_goal_evaluator_is_red ... ok

test result: ok. 1 passed; 0 failed; 0 ignored; 0 measured; 0 filtered out; finished in 0.15s

     Running tests/stranger_ready_red.rs (target/debug/deps/stranger_ready_red-630094a33882d0b2)

running 12 tests
test t2_help_prints_usage ... ok
test t3_scripted_model_without_env_stays_alive_and_says_why ... ok
test t1_live_surface_mission_completes ... ok
test t4_offline_demo_closes_verified_in_prompt_aware_mode ... ok
test t5_readme_offline_trial_closes_verified ... ok
test t5_relative_dir_is_canonicalized_at_startup ... ok
test t6_missing_credential_fails_at_startup_not_mid_mission ... ok
test t6_sandbox_preflight_names_bubblewrap_and_refuses_to_start ... ok
test t7_sandbox_preflight_carries_probe_stderr_and_sysctl_hint ... ok
test t7_failed_mission_exits_nonzero ... ok
test t8_setup_check_reports_readiness ... ok
test t9_setup_key_stdin_persists_owner_only_and_flips_readiness ... ok

test result: ok. 12 passed; 0 failed; 0 ignored; 0 measured; 0 filtered out; finished in 1.59s

     Running tests/streaming_red.rs (target/debug/deps/streaming_red-312dfdbe26cad0ad)

running 2 tests
test deltas_stream_to_sink_in_order_and_assemble_to_the_completion ... ok
test no_sink_means_no_streaming_negotiation_and_a_clean_mission ... ok

test result: ok. 2 passed; 0 failed; 0 ignored; 0 measured; 0 filtered out; finished in 0.10s

     Running tests/structured_messages_red.rs (target/debug/deps/structured_messages_red-970e26b02938e405)

running 6 tests
test build_body_messages_shape ... ok
test assemble_messages_pairs_and_compaction ... ok
test cached_tokens_reach_the_model_call_payload ... ok
test operator_call_is_a_native_messages_array ... ok
test verifier_prose_reply_is_an_error_not_a_verdict ... ok
test verifier_verdict_is_a_native_tool_call ... ok

test result: ok. 6 passed; 0 failed; 0 ignored; 0 measured; 0 filtered out; finished in 0.33s

     Running tests/swarm_async_red.rs (target/debug/deps/swarm_async_red-6f4c60367a6ff5c4)

running 3 tests
test r1_children_run_concurrently_and_join_at_close ... ok
test r2_wedged_child_cannot_hang_the_join_past_the_wall ... ok
test r3_lost_child_is_consumed_not_wall_ground ... ok

test result: ok. 3 passed; 0 failed; 0 ignored; 0 measured; 0 filtered out; finished in 16.93s

     Running tests/swarm_live_red.rs (target/debug/deps/swarm_live_red-74575e8d2614d2c4)

running 1 test
test r1_delegation_runs_a_real_child_and_books_it ... ok

test result: ok. 1 passed; 0 failed; 0 ignored; 0 measured; 0 filtered out; finished in 0.18s

     Running tests/swarm_planes_red.rs (target/debug/deps/swarm_planes_red-a15c8cc3e827beaf)

running 3 tests
test g2_close_distills_into_world_as_validated_not_installed ... ok
test g3_dispatch_carries_parent_version_and_reuse_count ... ok
test g2b_close_gate_installs_only_a_skill_whose_heldout_verifier_passes ... ok

test result: ok. 3 passed; 0 failed; 0 ignored; 0 measured; 0 filtered out; finished in 0.36s

     Running tests/swarm_poll_gated_red.rs (target/debug/deps/swarm_poll_gated_red-698845cf9d1b8f50)

running 1 test
test r1_gated_poll_slot_rejects_spawn_with_the_real_cause ... ok

test result: ok. 1 passed; 0 failed; 0 ignored; 0 measured; 0 filtered out; finished in 0.41s

     Running tests/swe_kernel_wiring_red.rs (target/debug/deps/swe_kernel_wiring_red-2a16889eb0d2cf87)

running 2 tests
test swe_kernel_carries_a_log_root ... ok
test runner_without_visibility_wiring_is_refused ... ok

test result: ok. 2 passed; 0 failed; 0 ignored; 0 measured; 0 filtered out; finished in 0.01s

     Running tests/swe_mission.rs (target/debug/deps/swe_mission-eba2f12b6c3d8be6)

running 3 tests
test mission_prompt_carries_work_policy_discipline ... ok
test mission_prompt_opens_with_machine_orientation ... ok
test swe_mission_repairs_via_feedback_and_passes ... ok

test result: ok. 3 passed; 0 failed; 0 ignored; 0 measured; 0 filtered out; finished in 0.11s

     Running tests/swe_run_driver.rs (target/debug/deps/swe_run_driver-9edf096f6b4a8e79)

running 5 tests
test driver_mission_calls_mcp_tool ... ok
test driver_mission_preflights_with_repoexec ... ok
test driver_mission_uses_d5_tools ... ok
test driver_mission_uses_repotools_through_synthesized_config ... ok
test driver_runs_a_full_mission_and_writes_all_artifacts ... ok

test result: ok. 5 passed; 0 failed; 0 ignored; 0 measured; 0 filtered out; finished in 0.82s

     Running tests/symlink_write_red.rs (target/debug/deps/symlink_write_red-1399aad6a004f278)

running 3 tests
test s1_edit_apply_block_refuses_symlink_path ... ok
test s2_codex_update_refuses_symlink_path ... ok
test s3_edit_under_symlinked_dir_refused ... ok

test result: ok. 3 passed; 0 failed; 0 ignored; 0 measured; 0 filtered out; finished in 0.04s

     Running tests/tb_mode_red.rs (target/debug/deps/tb_mode_red-def8a106ba851e08)

running 7 tests
test t2_selfcheck_direct_mode ... ok
test t3_tb_prompt_teaches_own_checks_and_hides_grading ... ok
test t1_termexec_direct_and_persistent ... ok
test t5_prompt_requires_self_contained_writable_build_scratch ... ok
test t4_tb_mission_completes_on_own_checks ... ok
test t6_term_exec_feeds_evidence_ledger ... ok
test t5_tb_mission_with_failing_checks_does_not_pass ... ok

test result: ok. 7 passed; 0 failed; 0 ignored; 0 measured; 0 filtered out; finished in 0.41s

     Running tests/termexec_confined_red.rs (target/debug/deps/termexec_confined_red-c662d43efab8301c)

running 3 tests
test confined_path_and_dns ... ok
test confined_uv_venv_works ... ok
test confined_writes_outside_root_denied ... ok

test result: ok. 3 passed; 0 failed; 0 ignored; 0 measured; 0 filtered out; finished in 0.50s

     Running tests/termexec_red.rs (target/debug/deps/termexec_red-0fc8ca2f5c9258f1)

running 3 tests
test t2_normal_command_unaffected ... ok
test t1_timeout_kills_whole_process_tree ... ok
test t3_plain_timeout_unaffected ... ok

test result: ok. 3 passed; 0 failed; 0 ignored; 0 measured; 0 filtered out; finished in 1.07s

     Running tests/termworkdir_red.rs (target/debug/deps/termworkdir_red-26097fddab1a038f)

running 1 test
test repl_mission_term_exec_runs_in_session_dir ... ok

test result: ok. 1 passed; 0 failed; 0 ignored; 0 measured; 0 filtered out; finished in 0.16s

     Running tests/themes_red.rs (target/debug/deps/themes_red-2108835bb2d85b95)

running 5 tests
test r1_builtin_themes_differ ... ok
test r2_painter_uses_theme_codes ... ok
test r3_theme_from_toml_partial_override ... ok
test r4_theme_from_toml_rejects_garbage ... ok
test r5_theme_by_name ... ok

test result: ok. 5 passed; 0 failed; 0 ignored; 0 measured; 0 filtered out; finished in 0.00s

     Running tests/tool_definition_truth_red.rs (target/debug/deps/tool_definition_truth_red-6f3a3d53a9c3709f)

running 3 tests
test shell_contract_is_truthful_and_routes_background_work_to_jobs ... ok
test submit_explains_that_summary_is_the_final_artifact ... ok
test registry_delegation_keeps_authored_parameters ... ok

test result: ok. 3 passed; 0 failed; 0 ignored; 0 measured; 0 filtered out; finished in 0.00s

     Running tests/toolchain_bootstrap_red.rs (target/debug/deps/toolchain_bootstrap_red-1275f89d57e1f08f)

running 4 tests
test confined_bootstraps_node ... ok
test confined_bootstraps_go ... ok
test confined_bootstraps_rust ... ok
test root_guard_removes_its_whole_root_on_drop ... ok

test result: ok. 4 passed; 0 failed; 0 ignored; 0 measured; 0 filtered out; finished in 19.68s

     Running tests/tools2_red.rs (target/debug/deps/tools2_red-b442fb583e9660ad)

running 8 tests
test t2_present_publishes_file_and_refuses_escape ... ok
test t1_todo_write_replaces_list_and_reads_back ... ok
test t3_read_image_reports_dims_and_base64 ... ok
test t4_schedule_crud_and_due ... ok
test t6_workflow_store ... ok
test t5_wired ... ok
test t8_live_piper_speaks ... ignored, needs a real piper install
test t7_speak_runs_the_tts_command_and_confines_output ... ok

test result: ok. 7 passed; 0 failed; 1 ignored; 0 measured; 0 filtered out; finished in 0.04s

     Running tests/trace_ledger_red.rs (target/debug/deps/trace_ledger_red-e60451cbcd0b581f)

running 1 test
test scratch_shell_execution_is_verification_but_refused_edit_is_not ... ok

test result: ok. 1 passed; 0 failed; 0 ignored; 0 measured; 0 filtered out; finished in 0.00s

     Running tests/transcript_memory_red.rs (target/debug/deps/transcript_memory_red-ae3520ea68a80f80)

running 2 tests
test d8_repl_mission_carries_its_own_transcript ... ok
test d9_repl_mission_doom_loop_nudge_reaches_the_model ... ok

test result: ok. 2 passed; 0 failed; 0 ignored; 0 measured; 0 filtered out; finished in 0.72s

     Running tests/tui_addprovider_red.rs (target/debug/deps/tui_addprovider_red-1840afc4c16295a9)

running 21 tests
test add_provider_creates_providers_toml_when_missing_and_appends ... ok
test add_provider_lands_providers_toml_and_rig_block ... ok
test add_provider_rejects_duplicates_and_bad_input ... ok
test bare_invocation_resolves_config_and_dir ... ok
test default_session_dir_falls_back_to_home_local_share ... ok
test command_line_never_reaches_the_wizards_answers ... ok
test inline_args_validate_like_typed_answers ... ok
test inline_args_walk_the_steps_but_the_key_stays_off_the_command_line ... ok
test inline_name_prefills_the_name_step ... ok
test install_fails_when_another_hairspring_shadows_the_install ... ok
test install_replaces_managed_tree_and_fails_on_any_shadow ... ok
test install_ships_provmodel_plugin ... ok
test models_add_command_detection_never_matches_lookalikes ... ok
test palette_lists_models_add ... ok
test picker_rows_end_with_add_provider_entry ... ok
test secret_input_skips_history_and_masks_display ... ok
test kernel_reload_after_add_sees_the_model ... ok
test tui_launch_opens_without_a_credential ... ok
test wizard_cancel_and_bad_lines ... ok
test wizard_walks_name_url_model_key_then_ready ... ok
test tui_session_loads_with_an_uncredentialed_default ... ok

test result: ok. 21 passed; 0 failed; 0 ignored; 0 measured; 0 filtered out; finished in 0.15s

     Running tests/tui_caps_activity_red.rs (target/debug/deps/tui_caps_activity_red-52f501b95988e43a)

running 7 tests
test capped_resume_notice_points_at_caps ... ok
test caps_command_parses ... ok
test caps_listing_names_every_cap ... ok
test activity_line_names_step_and_action ... ok
test reasoning_event_only_for_real_text ... ok
test reasoning_renders_dim_in_transcript ... ok
test mission_emits_step_and_reasoning_events ... ok

test result: ok. 7 passed; 0 failed; 0 ignored; 0 measured; 0 filtered out; finished in 0.09s

     Running tests/tui_chrome_red.rs (target/debug/deps/tui_chrome_red-2238cca7c3555255)

running 7 tests
test v1_lineage_panel_renders_view ... ok
test v2_scorer_panel_renders_view ... ok
test v4_commands_toggle_panels ... ok
test v3_time_panel_renders_decomposition ... ok
test v6_help_lists_chrome_commands ... ok
test v7_evidence_overlay_renders_claims_and_unresolved_lines ... ok
test v5_empty_views_render_honest_lines ... ok

test result: ok. 7 passed; 0 failed; 0 ignored; 0 measured; 0 filtered out; finished in 0.01s

     Running tests/tui_context_pct_red.rs (target/debug/deps/tui_context_pct_red-31379c5823742126)

running 3 tests
test overfull_prompt_clamps_to_zero ... ok
test known_model_sets_context_remaining_from_last_prompt ... ok
test unknown_model_shows_no_context_percent ... ok

test result: ok. 3 passed; 0 failed; 0 ignored; 0 measured; 0 filtered out; finished in 0.00s

     Running tests/tui_cost_red.rs (target/debug/deps/tui_cost_red-640bae26c8944ebc)

running 1 test
test live_hud_books_provider_reported_cost_not_a_token_rate_estimate ... ok

test result: ok. 1 passed; 0 failed; 0 ignored; 0 measured; 0 filtered out; finished in 0.00s

     Running tests/tui_fold_red.rs (target/debug/deps/tui_fold_red-235fbda2bf84a066)

running 6 tests
test long_reasoning_folds_to_one_row_with_line_count ... ok
test reasoning_command_toggles_and_shows_full_text ... ok
test finished_tool_is_one_completed_in_row ... ok
test reasoning_expands_on_toggle_and_keeps_full_text ... ok
test running_tool_shows_live_ticker_and_clears_when_done ... ok
test short_reasoning_is_shown_whole ... ok

test result: ok. 6 passed; 0 failed; 0 ignored; 0 measured; 0 filtered out; finished in 0.00s

     Running tests/tui_input_gaps_red.rs (target/debug/deps/tui_input_gaps_red-a8e35aaba13605ce)

running 19 tests
test ctrl_c_idle_empty_buffer_quits ... ok
test ctrl_a_and_ctrl_e_jump_line_ends ... ok
test ctrl_c_mission_running_interrupts_and_keeps_the_buffer ... ok
test ctrl_c_idle_nonempty_buffer_clears_instead_of_quitting ... ok
test ctrl_d_empty_buffer_is_eof_quit ... ok
test ctrl_d_nonempty_buffer_deletes_forward ... ok
test ctrl_k_at_line_end_joins_the_next_line ... ok
test ctrl_k_kills_to_line_end ... ok
test ctrl_u_kills_to_line_start ... ok
test ctrl_w_deletes_the_word_before_the_cursor ... ok
test delete_key_deletes_forward ... ok
test history_walk_survives_the_new_editing_keys ... ok
test paste_appends_into_existing_buffer ... ok
test paste_multiline_is_one_buffer_and_never_submits ... ok
test paste_normalizes_crlf_and_lone_cr ... ok
test paste_strips_control_chars_and_expands_tabs ... ok
test paste_then_enter_submits_the_whole_block_once ... ok
test word_moves_stay_line_local_in_a_multiline_buffer ... ok
test word_moves_via_alt_arrows_alt_bf_and_ctrl_arrows ... ok

test result: ok. 19 passed; 0 failed; 0 ignored; 0 measured; 0 filtered out; finished in 0.00s

     Running tests/tui_live_stats_red.rs (target/debug/deps/tui_live_stats_red-b24e4457bece9911)

running 4 tests
test clock_stops_when_the_mission_is_done ... ok
test footer_shows_turn_clock_steps_calls_toks_and_cache ... ok
test unknown_stats_are_omitted_not_invented ... ok
test live_footer_renders_the_stats ... ok

test result: ok. 4 passed; 0 failed; 0 ignored; 0 measured; 0 filtered out; finished in 0.00s

     Running tests/tui_m11_red.rs (target/debug/deps/tui_m11_red-1edacdfa52e6d565)

running 2 tests
test r2_multiline_echo_splits_lines ... ok
test r1_inflight_answer_renders_while_streaming ... ok

test result: ok. 2 passed; 0 failed; 0 ignored; 0 measured; 0 filtered out; finished in 0.01s

     Running tests/tui_m12_red.rs (target/debug/deps/tui_m12_red-e84c8347726393dc)

running 3 tests
test r2_graph_marks_failed_child_from_terminal_goalupdate ... ok
test r3_spawn_time_open_goal_stays_running ... ok
test r1_exhausted_mission_closes_goal_and_is_resumable ... ok

test result: ok. 3 passed; 0 failed; 0 ignored; 0 measured; 0 filtered out; finished in 0.09s

     Running tests/tui_m13_red.rs (target/debug/deps/tui_m13_red-d01e95160d864044)

running 2 tests
test r1_mission_done_does_not_double_count_calls ... ok
test r2_picker_preview_flattens_escaped_newlines ... ok

test result: ok. 2 passed; 0 failed; 0 ignored; 0 measured; 0 filtered out; finished in 0.01s

     Running tests/tui_m14_red.rs (target/debug/deps/tui_m14_red-ec389f68af26c6a2)

running 3 tests
test r2_backfill_empty_stream_is_noop ... ok
test r1_backfill_replays_visible_history ... ok
test r3_model_call_payload_records_cost ... ok

test result: ok. 3 passed; 0 failed; 0 ignored; 0 measured; 0 filtered out; finished in 0.09s

     Running tests/tui_m15_red.rs (target/debug/deps/tui_m15_red-98312696d2516a28)

running 2 tests
test r1_scrolled_marker_names_hidden_count ... ok
test r2_marker_only_while_pinned ... ok

test result: ok. 2 passed; 0 failed; 0 ignored; 0 measured; 0 filtered out; finished in 0.01s

     Running tests/tui_m16_red.rs (target/debug/deps/tui_m16_red-3a6e710cd25e559d)

running 1 test
test m16_picker_excludes_active_session ... ok

test result: ok. 1 passed; 0 failed; 0 ignored; 0 measured; 0 filtered out; finished in 1.24s

     Running tests/tui_m17_red.rs (target/debug/deps/tui_m17_red-1bfd18bb2f1587b9)

running 4 tests
test m17_done_returns_to_idle ... ok
test m17_act_observe_beats ... ok
test m17_idle_then_plan ... ok
test m17_reflect_on_observations ... ok

test result: ok. 4 passed; 0 failed; 0 ignored; 0 measured; 0 filtered out; finished in 0.00s

     Running tests/tui_m18_red.rs (target/debug/deps/tui_m18_red-debb6f1ae26cecfa)

running 1 test
test m18_every_counted_call_emits_start_and_end ... ok

test result: ok. 1 passed; 0 failed; 0 ignored; 0 measured; 0 filtered out; finished in 0.12s

     Running tests/tui_m19_red.rs (target/debug/deps/tui_m19_red-ec8dd66981f8a22d)

running 4 tests
test m19_live_tail_still_renders ... ok
test m19_mission_end_commits_tail ... ok
test m19_prose_still_commits ... ok
test m19_tool_call_json_is_elided ... ok

test result: ok. 4 passed; 0 failed; 0 ignored; 0 measured; 0 filtered out; finished in 0.00s

     Running tests/tui_m20_red.rs (target/debug/deps/tui_m20_red-561231fe6f665e9f)

running 2 tests
test m20_report_keeps_counters_and_format ... ok
test m20_done_line_follows_the_answer ... ok

test result: ok. 2 passed; 0 failed; 0 ignored; 0 measured; 0 filtered out; finished in 0.00s

     Running tests/tui_m21_red.rs (target/debug/deps/tui_m21_red-9710f3f270a55760)

running 2 tests
test m21_done_line_shows_mission_cost_hud_shows_total ... ok
test m21_mission_result_carries_own_cost ... ok

test result: ok. 2 passed; 0 failed; 0 ignored; 0 measured; 0 filtered out; finished in 0.12s

     Running tests/tui_m22_red.rs (target/debug/deps/tui_m22_red-fcc15a08c2c09854)

running 2 tests
test m22_done_line_carries_outcome ... ok
test m22_live_matches_backfill_format ... ok

test result: ok. 2 passed; 0 failed; 0 ignored; 0 measured; 0 filtered out; finished in 0.00s

     Running tests/tui_m23_red.rs (target/debug/deps/tui_m23_red-6c50ab76b0ab60e8)

running 4 tests
test r1_long_prose_wraps_fully_visible ... ok
test r3_tool_beat_wraps ... ok
test r2_scroll_and_marker_count_rows ... ok
test r4_streaming_tail_wraps ... ok

test result: ok. 4 passed; 0 failed; 0 ignored; 0 measured; 0 filtered out; finished in 0.01s

     Running tests/tui_m24_red.rs (target/debug/deps/tui_m24_red-91fbed74cd87f7c5)

running 1 test
test r1_hud_pluralizes_steps ... ok

test result: ok. 1 passed; 0 failed; 0 ignored; 0 measured; 0 filtered out; finished in 0.00s

     Running tests/tui_m25_red.rs (target/debug/deps/tui_m25_red-28860413feedeb4d)

running 3 tests
test r1_long_goal_wraps_in_composer ... ok
test r2_box_grows_by_wrapped_rows ... ok
test r3_cursor_follows_wrapped_position ... ok

test result: ok. 3 passed; 0 failed; 0 ignored; 0 measured; 0 filtered out; finished in 0.00s

     Running tests/tui_m26_red.rs (target/debug/deps/tui_m26_red-3d86580db865f673)

running 6 tests
test r1_empty_session_shows_hint ... ok
test r3_help_matches_reality ... ok
test r2_hint_vanishes_with_content ... ok
test r4_status_line_carries_vitals ... ok
test r6_goal_entries_skip_commands ... ok
test r5_history_entries_exposed ... ok

test result: ok. 6 passed; 0 failed; 0 ignored; 0 measured; 0 filtered out; finished in 0.01s

     Running tests/tui_m27_red.rs (target/debug/deps/tui_m27_red-4ab9b8dfcf06a1d6)

running 2 tests
test narrow_surface_keeps_prompt_not_ticker ... ok
test normal_surface_hides_internal_phase_rail_at_40_cols ... ok

test result: ok. 2 passed; 0 failed; 0 ignored; 0 measured; 0 filtered out; finished in 0.01s

     Running tests/tui_m28_red.rs (target/debug/deps/tui_m28_red-b122286cfd4c99e5)

running 2 tests
test r2_positions_reset_after_drain ... ok
test r1_goals_queue_fifo_with_position_echo ... ok

test result: ok. 2 passed; 0 failed; 0 ignored; 0 measured; 0 filtered out; finished in 0.00s

     Running tests/tui_m29_red.rs (target/debug/deps/tui_m29_red-c26c4b5c160d20c7)

running 4 tests
test r2_unknown_model_rejected_and_names_listed ... ok
test r3_theme_catalog_and_live_switch ... ok
test r4_picker_title_names_the_kind ... ok
test r1_model_override_decides_the_call ... ok

test result: ok. 4 passed; 0 failed; 0 ignored; 0 measured; 0 filtered out; finished in 0.16s

     Running tests/tui_m2_red.rs (target/debug/deps/tui_m2_red-d88678681584ab4f)

running 5 tests
test r2_backspace_and_newline ... ok
test r1_typing_inserts_and_advances ... ok
test r3_submit_and_history ... ok
test r5_vertical_movement ... ok
test r4_render_places_cursor ... ok

test result: ok. 5 passed; 0 failed; 0 ignored; 0 measured; 0 filtered out; finished in 0.01s

     Running tests/tui_m31_red.rs (target/debug/deps/tui_m31_red-39a894b565628a0a)

running 3 tests
test r1_node_carries_parent_and_model ... ok
test r2_panel_renders_indented_tree_with_models ... ok
test r3_scan_stream_recovers_model_and_parent ... ok

test result: ok. 3 passed; 0 failed; 0 ignored; 0 measured; 0 filtered out; finished in 0.01s

     Running tests/tui_m3_red.rs (target/debug/deps/tui_m3_red-dd54eca1d4bd749b)

running 5 tests
test r2_fence_verbatim ... ok
test r1_markdown_to_styled_lines ... ok
test r3_viewport_follows_tail ... ok
test r5_markdown_into_viewport ... ok
test r4_scrollback_pins_and_refollows ... ok

test result: ok. 5 passed; 0 failed; 0 ignored; 0 measured; 0 filtered out; finished in 0.00s

     Running tests/tui_m4_red.rs (target/debug/deps/tui_m4_red-2691b20b95da7f9a)

running 4 tests
test r2_picker_navigation ... ok
test r1_picker_overlay_renders ... ok
test r3_page_and_wheel_scroll ... ok
test r4_resize_reflows ... ok

test result: ok. 4 passed; 0 failed; 0 ignored; 0 measured; 0 filtered out; finished in 0.01s

     Running tests/tui_m5_red.rs (target/debug/deps/tui_m5_red-0b174916643f6c07)

running 5 tests
test r2_ticker_records_kinds ... ok
test r1_phase_follows_events ... ok
test r3_vitals_from_events ... ok
test r4_tool_beats_enter_transcript ... ok
test r5_streaming_answer_commits_per_line ... ok

test result: ok. 5 passed; 0 failed; 0 ignored; 0 measured; 0 filtered out; finished in 0.00s

     Running tests/tui_m6_red.rs (target/debug/deps/tui_m6_red-b22a016cd501d106)

running 4 tests
test r1_spawn_and_completion ... ok
test r3_agents_panel_overlay ... ok
test r4_ui_event_spawn_seam ... ok
test r2_scan_stream_from_substrate ... ok

test result: ok. 4 passed; 0 failed; 0 ignored; 0 measured; 0 filtered out; finished in 0.01s

     Running tests/tui_m7_red.rs (target/debug/deps/tui_m7_red-d2492689280c883c)

running 5 tests
test r2_alt_enter_newline ... ok
test r1_typing_and_submit ... ok
test r3_cursor_and_history_keys ... ok
test r5_command_routing ... ok
test r4_scroll_quit_and_picker_routing ... ok

test result: ok. 5 passed; 0 failed; 0 ignored; 0 measured; 0 filtered out; finished in 0.00s

     Running tests/tui_m8_red.rs (target/debug/deps/tui_m8_red-439e7066ff5843ff)

running 4 tests
test r1_model_call_end_commits_inflight_answer ... ok
test r3_empty_inflight_commits_nothing ... ok
test r2_successive_calls_commit_separately ... ok
test r4_flushed_block_renders_markdown ... ok

test result: ok. 4 passed; 0 failed; 0 ignored; 0 measured; 0 filtered out; finished in 0.00s

     Running tests/tui_m9_red.rs (target/debug/deps/tui_m9_red-339f55d28535edee)

running 3 tests
test r1_default_theme_is_dark ... ok
test r2_light_theme_drives_markdown_flush ... ok
test r3_task_header_accent_follows_theme ... ok

test result: ok. 3 passed; 0 failed; 0 ignored; 0 measured; 0 filtered out; finished in 0.01s

     Running tests/tui_palette_red.rs (target/debug/deps/tui_palette_red-603e4442c58f06ec)

running 11 tests
test p10_cancel_submits_for_the_wizard ... ok
test p10_bin_commands_passthrough ... ok
test p1_slash_opens_palette_with_all_commands ... ok
test p2_partial_name_filters ... ok
test p3_up_down_navigate_palette ... ok
test p4_enter_accepts_and_dispatches ... ok
test p5_tab_completes_without_submit ... ok
test p6_esc_closes_palette ... ok
test p7_unknown_command_feedback_not_mission ... ok
test p8_colon_alias_parity ... ok
test p9_plain_text_passthrough ... ok

test result: ok. 11 passed; 0 failed; 0 ignored; 0 measured; 0 filtered out; finished in 0.00s

     Running tests/tui_red.rs (target/debug/deps/tui_red-0ec1693c49b9744e)

running 5 tests
test r1_four_region_layout ... ok
test r2_skeleton_renders_pinned_composer_and_hud ... ok
test r3_activity_row_is_task_focused ... ok
test r4_tiny_terminal_never_panics ... ok
test r5_event_ticker_is_not_rendered_as_mystery_glyphs ... ok

test result: ok. 5 passed; 0 failed; 0 ignored; 0 measured; 0 filtered out; finished in 0.01s

     Running tests/tui_steering_red.rs (target/debug/deps/tui_steering_red-f9b8cb956f6349f5)

running 2 tests
test steering_echo_acknowledges_in_the_transcript ... ok
test append_steering_appends_lines_to_the_inbox ... ok

test result: ok. 2 passed; 0 failed; 0 ignored; 0 measured; 0 filtered out; finished in 0.00s

     Running tests/tui_views_red.rs (target/debug/deps/tui_views_red-66f9df13d925dcc0)

running 5 tests
test v2_selfmod_view_projects_mutations_from_the_registered_stream ... ok
test v3_no_registered_stream_is_an_honest_none ... ok
test v4_evidence_view_projects_the_claim_record_from_the_registered_stream ... ok
test v5_unfoldable_drift_regressions_surface_as_unresolved_lines ... ok
test v1_scorer_view_projects_pins_scores_canaries_from_the_registered_stream ... ok

test result: ok. 5 passed; 0 failed; 0 ignored; 0 measured; 0 filtered out; finished in 0.02s

     Running tests/tui_visual_red.rs (target/debug/deps/tui_visual_red-3cfe7d53214bfbc0)

running 6 tests
test footer_is_quiet_and_task_focused ... ok
test failed_tool_call_speaks_fail_color ... ok
test markdown_h1_is_a_header_and_levels_differ ... ok
test goal_echo_arrow_is_accented ... ok
test prompt_is_quiet_and_model_moves_to_meta_row ... ok
test tool_call_lines_carry_theme_colors ... ok

test result: ok. 6 passed; 0 failed; 0 ignored; 0 measured; 0 filtered out; finished in 0.01s

     Running tests/ui_events_red.rs (target/debug/deps/ui_events_red-4e92734c9d104f78)

running 1 test
test r1_model_calls_emit_start_and_end ... ok

test result: ok. 1 passed; 0 failed; 0 ignored; 0 measured; 0 filtered out; finished in 0.10s

     Running tests/uipaint_red.rs (target/debug/deps/uipaint_red-8c1d64d0d34b9e1f)

running 3 tests
test painter_plain_mode_has_no_ansi ... ok
test painter_renders_a_colored_tool_card ... ok
test loop_emits_typed_ui_events_for_a_mission ... ok

test result: ok. 3 passed; 0 failed; 0 ignored; 0 measured; 0 filtered out; finished in 0.17s

     Running tests/utf8_tail_red.rs (target/debug/deps/utf8_tail_red-375dc8a829fd0dcf)

running 3 tests
hint: Using 'master' as the name for the initial branch. This default branch name
hint: is subject to change. To configure the initial branch name to use in all
hint: of your new repositories, which will suppress this warning, call:
hint: 
hint: 	git config --global init.defaultBranch <name>
hint: 
hint: Names commonly chosen instead of 'master' are 'main', 'trunk' and
hint: 'development'. The just-created branch can be renamed via this command:
hint: 
hint: 	git branch -m <name>
Initialized empty Git repository in /tmp/.tmpkujvHT/.git/
test selfcheck_tail_does_not_panic_on_multibyte_boundary ... ok
[master (root-commit) 68073d5] base
 1 file changed, 1 insertion(+)
 create mode 100644 code.txt
test termexec_tail_does_not_panic_on_multibyte_boundary ... ok
test repexec_tail_does_not_panic_on_multibyte_boundary ... ok

test result: ok. 3 passed; 0 failed; 0 ignored; 0 measured; 0 filtered out; finished in 0.07s

     Running tests/v4pro_defaults_red.rs (target/debug/deps/v4pro_defaults_red-04df34b41681236e)

running 3 tests
test critic_caps_are_opt_in_by_default ... ok
test deepseek_default_model_is_v4_pro ... ok
test mission_step_cap_is_opt_in_not_default ... ok

test result: ok. 3 passed; 0 failed; 0 ignored; 0 measured; 0 filtered out; finished in 0.00s

     Running tests/verifier_evidence_red.rs (target/debug/deps/verifier_evidence_red-339b2f3c3743d44f)

running 2 tests
test evidence_row_carries_exit_stderr_bytes_and_mechanical_lines ... ok
test verifier_sees_mechanical_evidence_and_accepts_without_ratchet ... ok

test result: ok. 2 passed; 0 failed; 0 ignored; 0 measured; 0 filtered out; finished in 0.12s

     Running tests/verifier_red.rs (target/debug/deps/verifier_red-fe9272fb6dd0487a)

running 6 tests
test honest_work_passes_with_one_verifier_round ... ok
test fabricated_claim_is_refuted_until_the_ratchet_cap ... ok
test lying_checker_green_is_vetoed_when_the_answer_is_wrong ... ok
test malformed_verdict_books_error_and_never_banks_a_pass ... ok
test verifier_refutes_a_submission_whose_reasoning_names_an_untried_lead ... ok
test verifier_rounds_do_not_leak_across_missions ... ok

test result: ok. 6 passed; 0 failed; 0 ignored; 0 measured; 0 filtered out; finished in 0.63s

     Running tests/wall_guard_red.rs (target/debug/deps/wall_guard_red-aa383675ee50299b)

running 2 tests
test mission_is_killed_at_wall_guard ... ok
test generous_wall_does_not_interfere ... ok

test result: ok. 2 passed; 0 failed; 0 ignored; 0 measured; 0 filtered out; finished in 0.37s

     Running tests/web_fetch_red.rs (target/debug/deps/web_fetch_red-a5d7d086d4803d52)

running 6 tests
test w1_fetches_text_and_strips_html ... ok
test w2_truncates_at_max_bytes ... ok
test w3_refuses_loopback_by_default ... ok
test w5_model_sees_an_authored_schema ... ok
test w4_refuses_non_http_schemes ... ok
test w6_shipped_with_the_install_and_example_config ... ok

test result: ok. 6 passed; 0 failed; 0 ignored; 0 measured; 0 filtered out; finished in 0.04s

     Running tests/web_search_red.rs (target/debug/deps/web_search_red-d442051a12a3c096)

running 3 tests
test s2_missing_key_says_what_is_needed ... ok
test s1_parses_results_and_sends_key_and_query ... ok
test s3_requires_query_and_is_wired ... ok

test result: ok. 3 passed; 0 failed; 0 ignored; 0 measured; 0 filtered out; finished in 0.03s

     Running tests/world_k_red.rs (target/debug/deps/world_k_red-6eab7b2bcd18764d)

running 7 tests
test w1_mission_b_observes_mission_a_artifact_zero_messages ... ok
test w2_world_rejects_illegal_proposals_with_the_reason_served ... ok
test w3_installed_controller_survives_author_uninstall ... ok
test w4_world_tools_unattached_are_a_clean_error ... ok
test w5_answer_write_routes_proposal_then_consequence ... ok
test w6_quarantined_stream_cannot_write_outside_the_sandbox ... ok
test w7_live_submit_routes_proposal_then_consequence ... ok

test result: ok. 7 passed; 0 failed; 0 ignored; 0 measured; 0 filtered out; finished in 0.25s

     Running unittests src/lib.rs (target/debug/deps/hs_memory-bfac6c55c57c2fb8)

running 0 tests

test result: ok. 0 passed; 0 failed; 0 ignored; 0 measured; 0 filtered out; finished in 0.00s

     Running tests/topk_corrupt_row_red.rs (target/debug/deps/topk_corrupt_row_red-89f4fdbf2927d2c1)

running 1 test
test top_k_surfaces_row_decode_errors_instead_of_dropping_rows ... ok

test result: ok. 1 passed; 0 failed; 0 ignored; 0 measured; 0 filtered out; finished in 0.02s

     Running unittests src/lib.rs (target/debug/deps/hs_scorer-4d112e5557e178ee)

running 0 tests

test result: ok. 0 passed; 0 failed; 0 ignored; 0 measured; 0 filtered out; finished in 0.00s

     Running tests/anchors_red.rs (target/debug/deps/anchors_red-2f365a1af45b952e)

running 4 tests
test anchor_set_is_versioned_and_append_only ... ok
test anchor_audit_measures_drift_and_drops_drifting_judges ... ok
test single_family_panel_veto_weight_is_reduced_and_recorded ... ok
test frozen_scorer_stays_frozen_until_reanchored_clean ... ok

test result: ok. 4 passed; 0 failed; 0 ignored; 0 measured; 0 filtered out; finished in 0.03s

     Running tests/attribution_red.rs (target/debug/deps/attribution_red-ef1df92008285753)

running 2 tests
test capability_jump_is_attributed_to_the_swap_and_excluded_from_fitness ... ok
test every_swap_boundary_is_excluded_even_with_repeated_swaps ... ok

test result: ok. 2 passed; 0 failed; 0 ignored; 0 measured; 0 filtered out; finished in 0.01s

     Running tests/evidence_red.rs (target/debug/deps/evidence_red-dec437d925b6516f)

running 2 tests
test a_fresh_failure_without_prior_verification_is_an_open_failure ... ok
test verified_then_failed_is_a_tracked_regression_pointing_at_both_events ... ok

test result: ok. 2 passed; 0 failed; 0 ignored; 0 measured; 0 filtered out; finished in 0.01s

     Running tests/gate7_proof.rs (target/debug/deps/gate7_proof-11850deeccfaf772)

running 4 tests
test gate7_proof_1b_promotion_replayable_and_pin_bound ... ok
test gate7_proof_1_regression_caught_by_heldout_assay ... ok
test gate7_proof_3_best_of_n_envelope_published ... ok
test gate7_proof_2_scorer_drift_flagged_by_canaries_before_promotion ... ok

test result: ok. 4 passed; 0 failed; 0 ignored; 0 measured; 0 filtered out; finished in 0.03s

     Running tests/pin_purity_red.rs (target/debug/deps/pin_purity_red-1c510edb477647ec)

running 1 test
test pin_computation_writes_no_storage_blobs ... ok

test result: ok. 1 passed; 0 failed; 0 ignored; 0 measured; 0 filtered out; finished in 0.00s

     Running tests/promotion_record_json_red.rs (target/debug/deps/promotion_record_json_red-a0f8e67a82ed7b43)

running 1 test
test promotion_record_is_valid_json_even_with_quoted_names ... ok

test result: ok. 1 passed; 0 failed; 0 ignored; 0 measured; 0 filtered out; finished in 0.01s

     Running tests/promotion_regression.rs (target/debug/deps/promotion_regression-d5840a15857b830c)

running 2 tests
test failed_record_write_does_not_promote ... ok
test verdict_must_match_recorded_candidate ... ok

test result: ok. 2 passed; 0 failed; 0 ignored; 0 measured; 0 filtered out; finished in 0.01s

     Running tests/stream_registry_red.rs (target/debug/deps/stream_registry_red-50280222f206b52c)

running 1 test
test v1_scorer_stream_is_registered_for_discovery ... ok

test result: ok. 1 passed; 0 failed; 0 ignored; 0 measured; 0 filtered out; finished in 0.00s

     Running unittests src/lib.rs (target/debug/deps/hs_selfmod-3ff7d71063af9317)

running 0 tests

test result: ok. 0 passed; 0 failed; 0 ignored; 0 measured; 0 filtered out; finished in 0.00s

     Running tests/cycle_rules_red.rs (target/debug/deps/cycle_rules_red-0f079edaee5a0261)

running 2 tests
test per_cycle_balance_rule_is_enforced_before_the_fork_exists ... ok
test promote_rejects_a_verdict_that_is_not_the_frozen_candidate ... ok

test result: ok. 2 passed; 0 failed; 0 ignored; 0 measured; 0 filtered out; finished in 0.01s

     Running tests/gate8_selfmod_proof.rs (target/debug/deps/gate8_selfmod_proof-9ee22166d251d8a7)

running 4 tests
test gate8_proof_2_bad_mutation_assay_catches_and_rewinds_to_known_good ... ok
test gate8_proof_3_quarantine_world_service_rejects_external_effects ... ok
test gate8_proof_4_promotion_is_replayable ... ok
test gate8_proof_1_good_mutation_promotes_after_soak_with_lineage_record ... ok

test result: ok. 4 passed; 0 failed; 0 ignored; 0 measured; 0 filtered out; finished in 0.06s

     Running tests/migration_recover_red.rs (target/debug/deps/migration_recover_red-bbc90c1a72be5163)

running 1 test
test migration_recovers_references_with_quotes_and_real_kinds ... ok

test result: ok. 1 passed; 0 failed; 0 ignored; 0 measured; 0 filtered out; finished in 0.00s

     Running tests/migration_red.rs (target/debug/deps/migration_red-b8f69b3715afbb2b)

running 4 tests
test a_second_claimant_on_a_live_stream_is_a_fencing_violation ... ok
test failed_validation_leaves_old_variant_in_authority ... ok
test happy_path_swap_is_a_logged_transaction_with_single_promotion_point ... ok
test recovery_rebuilds_transaction_and_authority_from_the_log_alone ... ok

test result: ok. 4 passed; 0 failed; 0 ignored; 0 measured; 0 filtered out; finished in 0.01s

     Running tests/prefetch_assay_red.rs (target/debug/deps/prefetch_assay_red-bd8b35617be8afa5)

running 3 tests
test v2_assay_books_fitness_delta_naming_the_candidate ... ok
test v1_assay_is_deterministic_and_discriminates_knobs ... ok
test v3_booked_normalized_channel_discriminates ... ok

test result: ok. 3 passed; 0 failed; 0 ignored; 0 measured; 0 filtered out; finished in 0.02s

     Running tests/prefetch_policy_red.rs (target/debug/deps/prefetch_policy_red-6b71dda5756db78c)

running 2 tests
test v1_policy_layer_carries_prefetch_policy ... ok
test v2_setprefetch_mutation_applies_to_the_fork ... ok

test result: ok. 2 passed; 0 failed; 0 ignored; 0 measured; 0 filtered out; finished in 0.00s

     Running tests/stream_registry_red.rs (target/debug/deps/stream_registry_red-ed598eecac302e50)

running 1 test
test v1_selfmod_stream_is_registered_for_discovery ... ok

test result: ok. 1 passed; 0 failed; 0 ignored; 0 measured; 0 filtered out; finished in 0.00s

     Running tests/zz_replay_gate8.rs (target/debug/deps/zz_replay_gate8-cc58b560b0f67286)

running 4 tests
test gate8_proof_2_bad_mutation_assay_catches_and_rewinds_to_known_good ... ok
test gate8_proof_3_quarantine_world_service_rejects_external_effects ... ok
test gate8_proof_4_promotion_is_replayable ... ok
test gate8_proof_1_good_mutation_promotes_after_soak_with_lineage_record ... ok

test result: ok. 4 passed; 0 failed; 0 ignored; 0 measured; 0 filtered out; finished in 0.06s

     Running unittests src/lib.rs (target/debug/deps/hs_swarm-a29fcf1c5843b61f)

running 0 tests

test result: ok. 0 passed; 0 failed; 0 ignored; 0 measured; 0 filtered out; finished in 0.00s

     Running unittests src/bin/hs-plugin-answer-g5.rs (target/debug/deps/hs_plugin_answer_g5-19d836b014f30d46)

running 0 tests

test result: ok. 0 passed; 0 failed; 0 ignored; 0 measured; 0 filtered out; finished in 0.00s

     Running unittests src/bin/hs-plugin-benchmodel-g5.rs (target/debug/deps/hs_plugin_benchmodel_g5-aecff86c5f01a301)

running 0 tests

test result: ok. 0 passed; 0 failed; 0 ignored; 0 measured; 0 filtered out; finished in 0.00s

     Running unittests src/bin/hs-plugin-checker-g5.rs (target/debug/deps/hs_plugin_checker_g5-5ae6f8d26509b24f)

running 0 tests

test result: ok. 0 passed; 0 failed; 0 ignored; 0 measured; 0 filtered out; finished in 0.00s

     Running unittests src/bin/hs-plugin-swarm.rs (target/debug/deps/hs_plugin_swarm-b07b0c0fb1e78f94)

running 0 tests

test result: ok. 0 passed; 0 failed; 0 ignored; 0 measured; 0 filtered out; finished in 0.00s

     Running tests/agent_control_red.rs (target/debug/deps/agent_control_red-fde9710e2b98c89d)

running 2 tests
test c1_interrupt_flag_stops_the_child_before_it_passes ... ok
test c2_inbox_message_is_delivered_into_the_child_transcript ... ok

test result: ok. 2 passed; 0 failed; 0 ignored; 0 measured; 0 filtered out; finished in 0.13s

     Running tests/gate5_proof.rs (target/debug/deps/gate5_proof-ec43f32af1786aa8)

running 2 tests
test gate5_adversarial_failed_child_is_recorded_honestly ... ok
test gate5_proof_child_streams_and_delegation_overhead ... ok

test result: ok. 2 passed; 0 failed; 0 ignored; 0 measured; 0 filtered out; finished in 0.44s

     Running tests/spawn_registry_owner_red.rs (target/debug/deps/spawn_registry_owner_red-972d5f64e468ff4f)

running 4 tests
test u2_dead_owner_reads_lost_and_frees_the_slot ... ok
test u1_live_owner_reads_running_from_any_reader_process ... ok
test u3_reused_pid_with_different_start_ticks_reads_lost ... ok
test u4_zombie_owner_reads_lost_not_running ... ok

test result: ok. 4 passed; 0 failed; 0 ignored; 0 measured; 0 filtered out; finished in 0.11s

     Running tests/swarm_corrupt_marker_red.rs (target/debug/deps/swarm_corrupt_marker_red-349656a1c8b35742)

running 2 tests
test r1_corrupt_marker_reports_lost_not_running ... ok
test r2_corrupt_marker_does_not_consume_a_concurrency_slot ... ok

test result: ok. 2 passed; 0 failed; 0 ignored; 0 measured; 0 filtered out; finished in 0.01s

     Running tests/swarm_planes_red.rs (target/debug/deps/swarm_planes_red-98a2b8146ed2cf93)

running 1 test
test spawned_child_joins_memory_and_world_planes ... ok

test result: ok. 1 passed; 0 failed; 0 ignored; 0 measured; 0 filtered out; finished in 0.12s

     Running tests/swarm_poll_stale_red.rs (target/debug/deps/swarm_poll_stale_red-e847993665e8594d)

running 2 tests
test r1_stale_marker_from_a_dead_plugin_reports_lost_not_running ... ok
test r2_live_owner_marker_reports_running ... ok

test result: ok. 2 passed; 0 failed; 0 ignored; 0 measured; 0 filtered out; finished in 0.00s

     Running tests/swarm_spawn_cap_red.rs (target/debug/deps/swarm_spawn_cap_red-95ae3e393f10fdd2)

running 2 tests
test r2_live_owners_marker_still_refuses_at_cap ... ok
test r1_dead_owners_marker_does_not_consume_a_concurrency_slot ... ok

test result: ok. 2 passed; 0 failed; 0 ignored; 0 measured; 0 filtered out; finished in 0.01s

     Running tests/uncapped_child_regression.rs (target/debug/deps/uncapped_child_regression-6edd291723e65f52)

running 1 test
test unbounded_child_spawn_marker_has_no_step_cap ... ok

test result: ok. 1 passed; 0 failed; 0 ignored; 0 measured; 0 filtered out; finished in 0.00s

     Running unittests src/lib.rs (target/debug/deps/hs_world-e1672895ec4c7473)

running 0 tests

test result: ok. 0 passed; 0 failed; 0 ignored; 0 measured; 0 filtered out; finished in 0.00s

     Running tests/gate6_proof.rs (target/debug/deps/gate6_proof-ae329db55a6d60a8)

running 1 test
test gate6_proof_shared_world_executable_inheritance ... ok

test result: ok. 1 passed; 0 failed; 0 ignored; 0 measured; 0 filtered out; finished in 0.02s

     Running tests/quarantine_prefix_regression.rs (target/debug/deps/quarantine_prefix_regression-e41a005fe979f80d)

running 2 tests
test materialize_rechecks_quarantine_after_validation ... ok
test quarantined_stream_cannot_escape_by_prefix_or_symlink ... ok

test result: ok. 2 passed; 0 failed; 0 ignored; 0 measured; 0 filtered out; finished in 0.01s

     Running tests/restore_hardening_red.rs (target/debug/deps/restore_hardening_red-001f9ca0ecbd03c9)

running 2 tests
test restore_rejects_odd_length_snapshot_id_without_panicking ... ok
test restore_rejects_manifest_paths_escaping_dest ... ok

test result: ok. 2 passed; 0 failed; 0 ignored; 0 measured; 0 filtered out; finished in 0.01s

     Running tests/reuse_red.rs (target/debug/deps/reuse_red-4419c1f31ef0bb41)

running 1 test
test observe_books_reuse_and_counts_it ... ok

test result: ok. 1 passed; 0 failed; 0 ignored; 0 measured; 0 filtered out; finished in 0.01s

     Running tests/skills_red.rs (target/debug/deps/skills_red-4234d93e1c0bcf79)

running 5 tests
test gate_refuses_failing_heldout_or_control_regression_and_books_evidence ... ok
test evaluated_gate_runs_the_verifiers_itself ... ok
test index_lists_only_installed_skills_with_frontmatter ... ok
test install_skill_rejects_non_skill_and_unvalidated ... ok
test usage_ledger_counts_uses_across_reopen_and_archive_hides_but_keeps ... ok

test result: ok. 5 passed; 0 failed; 0 ignored; 0 measured; 0 filtered out; finished in 0.17s

     Running tests/snapshot_red.rs (target/debug/deps/snapshot_red-1fe985d78c898456)

running 3 tests
test snapshot_preserves_symlinks_as_symlinks ... ok
test snapshot_lands_on_the_log_and_tampering_fails ... ok
test snapshot_restore_is_byte_exact_and_hash_verified ... ok

test result: ok. 3 passed; 0 failed; 0 ignored; 0 measured; 0 filtered out; finished in 0.05s

     Running tests/world_plane_efficacy_red.rs (target/debug/deps/world_plane_efficacy_red-7bec3441da06cbcf)

running 4 tests
test w1_rejected_proposal_is_invisible_to_observers ... ok
test w2_nothing_before_validation_then_exactly_the_artifact ... ok
test w4_forged_proposed_consequence_stays_invisible ... ok
test w3_visibility_flows_through_the_stream_not_shared_memory ... ok

test result: ok. 4 passed; 0 failed; 0 ignored; 0 measured; 0 filtered out; finished in 0.01s

   Doc-tests hs_applypatch

running 0 tests

test result: ok. 0 passed; 0 failed; 0 ignored; 0 measured; 0 filtered out; finished in 0.00s

   Doc-tests hs_bench

running 0 tests

test result: ok. 0 passed; 0 failed; 0 ignored; 0 measured; 0 filtered out; finished in 0.00s

   Doc-tests hs_cli

running 0 tests

test result: ok. 0 passed; 0 failed; 0 ignored; 0 measured; 0 filtered out; finished in 0.00s

   Doc-tests hs_core

running 0 tests

test result: ok. 0 passed; 0 failed; 0 ignored; 0 measured; 0 filtered out; finished in 0.00s

   Doc-tests hs_goal

running 0 tests

test result: ok. 0 passed; 0 failed; 0 ignored; 0 measured; 0 filtered out; finished in 0.00s

   Doc-tests hs_hashline

running 0 tests

test result: ok. 0 passed; 0 failed; 0 ignored; 0 measured; 0 filtered out; finished in 0.00s

   Doc-tests hs_kernel

running 0 tests

test result: ok. 0 passed; 0 failed; 0 ignored; 0 measured; 0 filtered out; finished in 0.00s

   Doc-tests hs_log

running 0 tests

test result: ok. 0 passed; 0 failed; 0 ignored; 0 measured; 0 filtered out; finished in 0.00s

   Doc-tests hs_loop

running 0 tests

test result: ok. 0 passed; 0 failed; 0 ignored; 0 measured; 0 filtered out; finished in 0.00s

   Doc-tests hs_memory

running 0 tests

test result: ok. 0 passed; 0 failed; 0 ignored; 0 measured; 0 filtered out; finished in 0.00s

   Doc-tests hs_scorer

running 0 tests

test result: ok. 0 passed; 0 failed; 0 ignored; 0 measured; 0 filtered out; finished in 0.00s

   Doc-tests hs_selfmod

running 0 tests

test result: ok. 0 passed; 0 failed; 0 ignored; 0 measured; 0 filtered out; finished in 0.00s

   Doc-tests hs_swarm

running 0 tests

test result: ok. 0 passed; 0 failed; 0 ignored; 0 measured; 0 filtered out; finished in 0.00s

   Doc-tests hs_world

running 0 tests

test result: ok. 0 passed; 0 failed; 0 ignored; 0 measured; 0 filtered out; finished in 0.00s

error: 2 targets failed:
    `-p hs-loop --test critic_shell_red`
    `-p hs-loop --test repexec_sandbox_red`
