warning: Cargo.toml: `lints.clippy.assigning-clones` is deprecated in favor of `lints.clippy.assigning_clones` and will not work in a future edition
warning: Cargo.toml: `lints.clippy.cast-possible-truncation` is deprecated in favor of `lints.clippy.cast_possible_truncation` and will not work in a future edition
warning: Cargo.toml: `lints.clippy.cast-possible-wrap` is deprecated in favor of `lints.clippy.cast_possible_wrap` and will not work in a future edition
warning: Cargo.toml: `lints.clippy.cast-precision-loss` is deprecated in favor of `lints.clippy.cast_precision_loss` and will not work in a future edition
warning: Cargo.toml: `lints.clippy.cast-sign-loss` is deprecated in favor of `lints.clippy.cast_sign_loss` and will not work in a future edition
warning: Cargo.toml: `lints.clippy.default-trait-access` is deprecated in favor of `lints.clippy.default_trait_access` and will not work in a future edition
warning: Cargo.toml: `lints.clippy.float-cmp` is deprecated in favor of `lints.clippy.float_cmp` and will not work in a future edition
warning: Cargo.toml: `lints.clippy.format-collect` is deprecated in favor of `lints.clippy.format_collect` and will not work in a future edition
warning: Cargo.toml: `lints.clippy.format-push-string` is deprecated in favor of `lints.clippy.format_push_string` and will not work in a future edition
warning: Cargo.toml: `lints.clippy.items-after-statements` is deprecated in favor of `lints.clippy.items_after_statements` and will not work in a future edition
warning: Cargo.toml: `lints.clippy.manual-let-else` is deprecated in favor of `lints.clippy.manual_let_else` and will not work in a future edition
warning: Cargo.toml: `lints.clippy.many-single-char-names` is deprecated in favor of `lints.clippy.many_single_char_names` and will not work in a future edition
warning: Cargo.toml: `lints.clippy.match-wildcard-for-single-variants` is deprecated in favor of `lints.clippy.match_wildcard_for_single_variants` and will not work in a future edition
warning: Cargo.toml: `lints.clippy.missing-errors-doc` is deprecated in favor of `lints.clippy.missing_errors_doc` and will not work in a future edition
warning: Cargo.toml: `lints.clippy.missing-panics-doc` is deprecated in favor of `lints.clippy.missing_panics_doc` and will not work in a future edition
warning: Cargo.toml: `lints.clippy.must-use-candidate` is deprecated in favor of `lints.clippy.must_use_candidate` and will not work in a future edition
warning: Cargo.toml: `lints.clippy.needless-continue` is deprecated in favor of `lints.clippy.needless_continue` and will not work in a future edition
warning: Cargo.toml: `lints.clippy.needless-pass-by-value` is deprecated in favor of `lints.clippy.needless_pass_by_value` and will not work in a future edition
warning: Cargo.toml: `lints.clippy.similar-names` is deprecated in favor of `lints.clippy.similar_names` and will not work in a future edition
warning: Cargo.toml: `lints.clippy.struct-field-names` is deprecated in favor of `lints.clippy.struct_field_names` and will not work in a future edition
warning: Cargo.toml: `lints.clippy.too-many-lines` is deprecated in favor of `lints.clippy.too_many_lines` and will not work in a future edition
warning: Cargo.toml: `lints.clippy.trivially-copy-pass-by-ref` is deprecated in favor of `lints.clippy.trivially_copy_pass_by_ref` and will not work in a future edition
warning: Cargo.toml: `lints.clippy.wildcard-enum-match-arm` is deprecated in favor of `lints.clippy.wildcard_enum_match_arm` and will not work in a future edition
warning: workspace (manifest) generated 23 warnings
warning: crates/hs-hashline/Cargo.toml: `lints.clippy.assigning-clones` is deprecated in favor of `lints.clippy.assigning_clones` and will not work in a future edition
warning: crates/hs-hashline/Cargo.toml: `lints.clippy.cast-possible-truncation` is deprecated in favor of `lints.clippy.cast_possible_truncation` and will not work in a future edition
warning: crates/hs-hashline/Cargo.toml: `lints.clippy.cast-possible-wrap` is deprecated in favor of `lints.clippy.cast_possible_wrap` and will not work in a future edition
warning: crates/hs-hashline/Cargo.toml: `lints.clippy.cast-precision-loss` is deprecated in favor of `lints.clippy.cast_precision_loss` and will not work in a future edition
warning: crates/hs-hashline/Cargo.toml: `lints.clippy.cast-sign-loss` is deprecated in favor of `lints.clippy.cast_sign_loss` and will not work in a future edition
warning: crates/hs-hashline/Cargo.toml: `lints.clippy.default-trait-access` is deprecated in favor of `lints.clippy.default_trait_access` and will not work in a future edition
warning: crates/hs-hashline/Cargo.toml: `lints.clippy.float-cmp` is deprecated in favor of `lints.clippy.float_cmp` and will not work in a future edition
warning: crates/hs-hashline/Cargo.toml: `lints.clippy.format-collect` is deprecated in favor of `lints.clippy.format_collect` and will not work in a future edition
warning: crates/hs-hashline/Cargo.toml: `lints.clippy.format-push-string` is deprecated in favor of `lints.clippy.format_push_string` and will not work in a future edition
warning: crates/hs-hashline/Cargo.toml: `lints.clippy.items-after-statements` is deprecated in favor of `lints.clippy.items_after_statements` and will not work in a future edition
warning: crates/hs-hashline/Cargo.toml: `lints.clippy.manual-let-else` is deprecated in favor of `lints.clippy.manual_let_else` and will not work in a future edition
warning: crates/hs-hashline/Cargo.toml: `lints.clippy.many-single-char-names` is deprecated in favor of `lints.clippy.many_single_char_names` and will not work in a future edition
warning: crates/hs-hashline/Cargo.toml: `lints.clippy.match-wildcard-for-single-variants` is deprecated in favor of `lints.clippy.match_wildcard_for_single_variants` and will not work in a future edition
warning: crates/hs-hashline/Cargo.toml: `lints.clippy.missing-errors-doc` is deprecated in favor of `lints.clippy.missing_errors_doc` and will not work in a future edition
warning: crates/hs-hashline/Cargo.toml: `lints.clippy.missing-panics-doc` is deprecated in favor of `lints.clippy.missing_panics_doc` and will not work in a future edition
warning: crates/hs-hashline/Cargo.toml: `lints.clippy.must-use-candidate` is deprecated in favor of `lints.clippy.must_use_candidate` and will not work in a future edition
warning: crates/hs-hashline/Cargo.toml: `lints.clippy.needless-continue` is deprecated in favor of `lints.clippy.needless_continue` and will not work in a future edition
warning: crates/hs-hashline/Cargo.toml: `lints.clippy.needless-pass-by-value` is deprecated in favor of `lints.clippy.needless_pass_by_value` and will not work in a future edition
warning: crates/hs-hashline/Cargo.toml: `lints.clippy.similar-names` is deprecated in favor of `lints.clippy.similar_names` and will not work in a future edition
warning: crates/hs-hashline/Cargo.toml: `lints.clippy.struct-field-names` is deprecated in favor of `lints.clippy.struct_field_names` and will not work in a future edition
warning: crates/hs-hashline/Cargo.toml: `lints.clippy.too-many-lines` is deprecated in favor of `lints.clippy.too_many_lines` and will not work in a future edition
warning: crates/hs-hashline/Cargo.toml: `lints.clippy.trivially-copy-pass-by-ref` is deprecated in favor of `lints.clippy.trivially_copy_pass_by_ref` and will not work in a future edition
warning: crates/hs-hashline/Cargo.toml: `lints.clippy.wildcard-enum-match-arm` is deprecated in favor of `lints.clippy.wildcard_enum_match_arm` and will not work in a future edition
warning: `hs-hashline` (manifest) generated 23 warnings
warning: crates/hs-applypatch/Cargo.toml: `lints.clippy.assigning-clones` is deprecated in favor of `lints.clippy.assigning_clones` and will not work in a future edition
warning: crates/hs-applypatch/Cargo.toml: `lints.clippy.cast-possible-truncation` is deprecated in favor of `lints.clippy.cast_possible_truncation` and will not work in a future edition
warning: crates/hs-applypatch/Cargo.toml: `lints.clippy.cast-possible-wrap` is deprecated in favor of `lints.clippy.cast_possible_wrap` and will not work in a future edition
warning: crates/hs-applypatch/Cargo.toml: `lints.clippy.cast-precision-loss` is deprecated in favor of `lints.clippy.cast_precision_loss` and will not work in a future edition
warning: crates/hs-applypatch/Cargo.toml: `lints.clippy.cast-sign-loss` is deprecated in favor of `lints.clippy.cast_sign_loss` and will not work in a future edition
warning: crates/hs-applypatch/Cargo.toml: `lints.clippy.default-trait-access` is deprecated in favor of `lints.clippy.default_trait_access` and will not work in a future edition
warning: crates/hs-applypatch/Cargo.toml: `lints.clippy.float-cmp` is deprecated in favor of `lints.clippy.float_cmp` and will not work in a future edition
warning: crates/hs-applypatch/Cargo.toml: `lints.clippy.format-collect` is deprecated in favor of `lints.clippy.format_collect` and will not work in a future edition
warning: crates/hs-applypatch/Cargo.toml: `lints.clippy.format-push-string` is deprecated in favor of `lints.clippy.format_push_string` and will not work in a future edition
warning: crates/hs-applypatch/Cargo.toml: `lints.clippy.items-after-statements` is deprecated in favor of `lints.clippy.items_after_statements` and will not work in a future edition
warning: crates/hs-applypatch/Cargo.toml: `lints.clippy.manual-let-else` is deprecated in favor of `lints.clippy.manual_let_else` and will not work in a future edition
warning: crates/hs-applypatch/Cargo.toml: `lints.clippy.many-single-char-names` is deprecated in favor of `lints.clippy.many_single_char_names` and will not work in a future edition
warning: crates/hs-applypatch/Cargo.toml: `lints.clippy.match-wildcard-for-single-variants` is deprecated in favor of `lints.clippy.match_wildcard_for_single_variants` and will not work in a future edition
warning: crates/hs-applypatch/Cargo.toml: `lints.clippy.missing-errors-doc` is deprecated in favor of `lints.clippy.missing_errors_doc` and will not work in a future edition
warning: crates/hs-applypatch/Cargo.toml: `lints.clippy.missing-panics-doc` is deprecated in favor of `lints.clippy.missing_panics_doc` and will not work in a future edition
warning: crates/hs-applypatch/Cargo.toml: `lints.clippy.must-use-candidate` is deprecated in favor of `lints.clippy.must_use_candidate` and will not work in a future edition
warning: crates/hs-applypatch/Cargo.toml: `lints.clippy.needless-continue` is deprecated in favor of `lints.clippy.needless_continue` and will not work in a future edition
warning: crates/hs-applypatch/Cargo.toml: `lints.clippy.needless-pass-by-value` is deprecated in favor of `lints.clippy.needless_pass_by_value` and will not work in a future edition
warning: crates/hs-applypatch/Cargo.toml: `lints.clippy.similar-names` is deprecated in favor of `lints.clippy.similar_names` and will not work in a future edition
warning: crates/hs-applypatch/Cargo.toml: `lints.clippy.struct-field-names` is deprecated in favor of `lints.clippy.struct_field_names` and will not work in a future edition
warning: crates/hs-applypatch/Cargo.toml: `lints.clippy.too-many-lines` is deprecated in favor of `lints.clippy.too_many_lines` and will not work in a future edition
warning: crates/hs-applypatch/Cargo.toml: `lints.clippy.trivially-copy-pass-by-ref` is deprecated in favor of `lints.clippy.trivially_copy_pass_by_ref` and will not work in a future edition
warning: crates/hs-applypatch/Cargo.toml: `lints.clippy.wildcard-enum-match-arm` is deprecated in favor of `lints.clippy.wildcard_enum_match_arm` and will not work in a future edition
warning: `hs-applypatch` (manifest) generated 23 warnings
warning: crates/hs-goal/Cargo.toml: `lints.clippy.assigning-clones` is deprecated in favor of `lints.clippy.assigning_clones` and will not work in a future edition
warning: crates/hs-goal/Cargo.toml: `lints.clippy.cast-possible-truncation` is deprecated in favor of `lints.clippy.cast_possible_truncation` and will not work in a future edition
warning: crates/hs-goal/Cargo.toml: `lints.clippy.cast-possible-wrap` is deprecated in favor of `lints.clippy.cast_possible_wrap` and will not work in a future edition
warning: crates/hs-goal/Cargo.toml: `lints.clippy.cast-precision-loss` is deprecated in favor of `lints.clippy.cast_precision_loss` and will not work in a future edition
warning: crates/hs-goal/Cargo.toml: `lints.clippy.cast-sign-loss` is deprecated in favor of `lints.clippy.cast_sign_loss` and will not work in a future edition
warning: crates/hs-goal/Cargo.toml: `lints.clippy.default-trait-access` is deprecated in favor of `lints.clippy.default_trait_access` and will not work in a future edition
warning: crates/hs-goal/Cargo.toml: `lints.clippy.float-cmp` is deprecated in favor of `lints.clippy.float_cmp` and will not work in a future edition
warning: crates/hs-goal/Cargo.toml: `lints.clippy.format-collect` is deprecated in favor of `lints.clippy.format_collect` and will not work in a future edition
warning: crates/hs-goal/Cargo.toml: `lints.clippy.format-push-string` is deprecated in favor of `lints.clippy.format_push_string` and will not work in a future edition
warning: crates/hs-goal/Cargo.toml: `lints.clippy.items-after-statements` is deprecated in favor of `lints.clippy.items_after_statements` and will not work in a future edition
warning: crates/hs-goal/Cargo.toml: `lints.clippy.manual-let-else` is deprecated in favor of `lints.clippy.manual_let_else` and will not work in a future edition
warning: crates/hs-goal/Cargo.toml: `lints.clippy.many-single-char-names` is deprecated in favor of `lints.clippy.many_single_char_names` and will not work in a future edition
warning: crates/hs-goal/Cargo.toml: `lints.clippy.match-wildcard-for-single-variants` is deprecated in favor of `lints.clippy.match_wildcard_for_single_variants` and will not work in a future edition
warning: crates/hs-goal/Cargo.toml: `lints.clippy.missing-errors-doc` is deprecated in favor of `lints.clippy.missing_errors_doc` and will not work in a future edition
warning: crates/hs-goal/Cargo.toml: `lints.clippy.missing-panics-doc` is deprecated in favor of `lints.clippy.missing_panics_doc` and will not work in a future edition
warning: crates/hs-goal/Cargo.toml: `lints.clippy.must-use-candidate` is deprecated in favor of `lints.clippy.must_use_candidate` and will not work in a future edition
warning: crates/hs-goal/Cargo.toml: `lints.clippy.needless-continue` is deprecated in favor of `lints.clippy.needless_continue` and will not work in a future edition
warning: crates/hs-goal/Cargo.toml: `lints.clippy.needless-pass-by-value` is deprecated in favor of `lints.clippy.needless_pass_by_value` and will not work in a future edition
warning: crates/hs-goal/Cargo.toml: `lints.clippy.similar-names` is deprecated in favor of `lints.clippy.similar_names` and will not work in a future edition
warning: crates/hs-goal/Cargo.toml: `lints.clippy.struct-field-names` is deprecated in favor of `lints.clippy.struct_field_names` and will not work in a future edition
warning: crates/hs-goal/Cargo.toml: `lints.clippy.too-many-lines` is deprecated in favor of `lints.clippy.too_many_lines` and will not work in a future edition
warning: crates/hs-goal/Cargo.toml: `lints.clippy.trivially-copy-pass-by-ref` is deprecated in favor of `lints.clippy.trivially_copy_pass_by_ref` and will not work in a future edition
warning: crates/hs-goal/Cargo.toml: `lints.clippy.wildcard-enum-match-arm` is deprecated in favor of `lints.clippy.wildcard_enum_match_arm` and will not work in a future edition
warning: `hs-goal` (manifest) generated 23 warnings
warning: crates/hs-swarm/Cargo.toml: `lints.clippy.assigning-clones` is deprecated in favor of `lints.clippy.assigning_clones` and will not work in a future edition
warning: crates/hs-swarm/Cargo.toml: `lints.clippy.cast-possible-truncation` is deprecated in favor of `lints.clippy.cast_possible_truncation` and will not work in a future edition
warning: crates/hs-swarm/Cargo.toml: `lints.clippy.cast-possible-wrap` is deprecated in favor of `lints.clippy.cast_possible_wrap` and will not work in a future edition
warning: crates/hs-swarm/Cargo.toml: `lints.clippy.cast-precision-loss` is deprecated in favor of `lints.clippy.cast_precision_loss` and will not work in a future edition
warning: crates/hs-swarm/Cargo.toml: `lints.clippy.cast-sign-loss` is deprecated in favor of `lints.clippy.cast_sign_loss` and will not work in a future edition
warning: crates/hs-swarm/Cargo.toml: `lints.clippy.default-trait-access` is deprecated in favor of `lints.clippy.default_trait_access` and will not work in a future edition
warning: crates/hs-swarm/Cargo.toml: `lints.clippy.float-cmp` is deprecated in favor of `lints.clippy.float_cmp` and will not work in a future edition
warning: crates/hs-swarm/Cargo.toml: `lints.clippy.format-collect` is deprecated in favor of `lints.clippy.format_collect` and will not work in a future edition
warning: crates/hs-swarm/Cargo.toml: `lints.clippy.format-push-string` is deprecated in favor of `lints.clippy.format_push_string` and will not work in a future edition
warning: crates/hs-swarm/Cargo.toml: `lints.clippy.items-after-statements` is deprecated in favor of `lints.clippy.items_after_statements` and will not work in a future edition
warning: crates/hs-swarm/Cargo.toml: `lints.clippy.manual-let-else` is deprecated in favor of `lints.clippy.manual_let_else` and will not work in a future edition
warning: crates/hs-swarm/Cargo.toml: `lints.clippy.many-single-char-names` is deprecated in favor of `lints.clippy.many_single_char_names` and will not work in a future edition
warning: crates/hs-swarm/Cargo.toml: `lints.clippy.match-wildcard-for-single-variants` is deprecated in favor of `lints.clippy.match_wildcard_for_single_variants` and will not work in a future edition
warning: crates/hs-swarm/Cargo.toml: `lints.clippy.missing-errors-doc` is deprecated in favor of `lints.clippy.missing_errors_doc` and will not work in a future edition
warning: crates/hs-swarm/Cargo.toml: `lints.clippy.missing-panics-doc` is deprecated in favor of `lints.clippy.missing_panics_doc` and will not work in a future edition
warning: crates/hs-swarm/Cargo.toml: `lints.clippy.must-use-candidate` is deprecated in favor of `lints.clippy.must_use_candidate` and will not work in a future edition
warning: crates/hs-swarm/Cargo.toml: `lints.clippy.needless-continue` is deprecated in favor of `lints.clippy.needless_continue` and will not work in a future edition
warning: crates/hs-swarm/Cargo.toml: `lints.clippy.needless-pass-by-value` is deprecated in favor of `lints.clippy.needless_pass_by_value` and will not work in a future edition
warning: crates/hs-swarm/Cargo.toml: `lints.clippy.similar-names` is deprecated in favor of `lints.clippy.similar_names` and will not work in a future edition
warning: crates/hs-swarm/Cargo.toml: `lints.clippy.struct-field-names` is deprecated in favor of `lints.clippy.struct_field_names` and will not work in a future edition
warning: crates/hs-swarm/Cargo.toml: `lints.clippy.too-many-lines` is deprecated in favor of `lints.clippy.too_many_lines` and will not work in a future edition
warning: crates/hs-swarm/Cargo.toml: `lints.clippy.trivially-copy-pass-by-ref` is deprecated in favor of `lints.clippy.trivially_copy_pass_by_ref` and will not work in a future edition
warning: crates/hs-swarm/Cargo.toml: `lints.clippy.wildcard-enum-match-arm` is deprecated in favor of `lints.clippy.wildcard_enum_match_arm` and will not work in a future edition
warning: `hs-swarm` (manifest) generated 23 warnings
warning: crates/hs-loop/Cargo.toml: `lints.clippy.assigning-clones` is deprecated in favor of `lints.clippy.assigning_clones` and will not work in a future edition
warning: crates/hs-loop/Cargo.toml: `lints.clippy.cast-possible-truncation` is deprecated in favor of `lints.clippy.cast_possible_truncation` and will not work in a future edition
warning: crates/hs-loop/Cargo.toml: `lints.clippy.cast-possible-wrap` is deprecated in favor of `lints.clippy.cast_possible_wrap` and will not work in a future edition
warning: crates/hs-loop/Cargo.toml: `lints.clippy.cast-precision-loss` is deprecated in favor of `lints.clippy.cast_precision_loss` and will not work in a future edition
warning: crates/hs-loop/Cargo.toml: `lints.clippy.cast-sign-loss` is deprecated in favor of `lints.clippy.cast_sign_loss` and will not work in a future edition
warning: crates/hs-loop/Cargo.toml: `lints.clippy.default-trait-access` is deprecated in favor of `lints.clippy.default_trait_access` and will not work in a future edition
warning: crates/hs-loop/Cargo.toml: `lints.clippy.float-cmp` is deprecated in favor of `lints.clippy.float_cmp` and will not work in a future edition
warning: crates/hs-loop/Cargo.toml: `lints.clippy.format-collect` is deprecated in favor of `lints.clippy.format_collect` and will not work in a future edition
warning: crates/hs-loop/Cargo.toml: `lints.clippy.format-push-string` is deprecated in favor of `lints.clippy.format_push_string` and will not work in a future edition
warning: crates/hs-loop/Cargo.toml: `lints.clippy.items-after-statements` is deprecated in favor of `lints.clippy.items_after_statements` and will not work in a future edition
warning: crates/hs-loop/Cargo.toml: `lints.clippy.manual-let-else` is deprecated in favor of `lints.clippy.manual_let_else` and will not work in a future edition
warning: crates/hs-loop/Cargo.toml: `lints.clippy.many-single-char-names` is deprecated in favor of `lints.clippy.many_single_char_names` and will not work in a future edition
warning: crates/hs-loop/Cargo.toml: `lints.clippy.match-wildcard-for-single-variants` is deprecated in favor of `lints.clippy.match_wildcard_for_single_variants` and will not work in a future edition
warning: crates/hs-loop/Cargo.toml: `lints.clippy.missing-errors-doc` is deprecated in favor of `lints.clippy.missing_errors_doc` and will not work in a future edition
warning: crates/hs-loop/Cargo.toml: `lints.clippy.missing-panics-doc` is deprecated in favor of `lints.clippy.missing_panics_doc` and will not work in a future edition
warning: crates/hs-loop/Cargo.toml: `lints.clippy.must-use-candidate` is deprecated in favor of `lints.clippy.must_use_candidate` and will not work in a future edition
warning: crates/hs-loop/Cargo.toml: `lints.clippy.needless-continue` is deprecated in favor of `lints.clippy.needless_continue` and will not work in a future edition
warning: crates/hs-loop/Cargo.toml: `lints.clippy.needless-pass-by-value` is deprecated in favor of `lints.clippy.needless_pass_by_value` and will not work in a future edition
warning: crates/hs-loop/Cargo.toml: `lints.clippy.similar-names` is deprecated in favor of `lints.clippy.similar_names` and will not work in a future edition
warning: crates/hs-loop/Cargo.toml: `lints.clippy.struct-field-names` is deprecated in favor of `lints.clippy.struct_field_names` and will not work in a future edition
warning: crates/hs-loop/Cargo.toml: `lints.clippy.too-many-lines` is deprecated in favor of `lints.clippy.too_many_lines` and will not work in a future edition
warning: crates/hs-loop/Cargo.toml: `lints.clippy.trivially-copy-pass-by-ref` is deprecated in favor of `lints.clippy.trivially_copy_pass_by_ref` and will not work in a future edition
warning: crates/hs-loop/Cargo.toml: `lints.clippy.wildcard-enum-match-arm` is deprecated in favor of `lints.clippy.wildcard_enum_match_arm` and will not work in a future edition
warning: `hs-loop` (manifest) generated 23 warnings
warning: crates/hs-bench/Cargo.toml: `lints.clippy.assigning-clones` is deprecated in favor of `lints.clippy.assigning_clones` and will not work in a future edition
warning: crates/hs-bench/Cargo.toml: `lints.clippy.cast-possible-truncation` is deprecated in favor of `lints.clippy.cast_possible_truncation` and will not work in a future edition
warning: crates/hs-bench/Cargo.toml: `lints.clippy.cast-possible-wrap` is deprecated in favor of `lints.clippy.cast_possible_wrap` and will not work in a future edition
warning: crates/hs-bench/Cargo.toml: `lints.clippy.cast-precision-loss` is deprecated in favor of `lints.clippy.cast_precision_loss` and will not work in a future edition
warning: crates/hs-bench/Cargo.toml: `lints.clippy.cast-sign-loss` is deprecated in favor of `lints.clippy.cast_sign_loss` and will not work in a future edition
warning: crates/hs-bench/Cargo.toml: `lints.clippy.default-trait-access` is deprecated in favor of `lints.clippy.default_trait_access` and will not work in a future edition
warning: crates/hs-bench/Cargo.toml: `lints.clippy.float-cmp` is deprecated in favor of `lints.clippy.float_cmp` and will not work in a future edition
warning: crates/hs-bench/Cargo.toml: `lints.clippy.format-collect` is deprecated in favor of `lints.clippy.format_collect` and will not work in a future edition
warning: crates/hs-bench/Cargo.toml: `lints.clippy.format-push-string` is deprecated in favor of `lints.clippy.format_push_string` and will not work in a future edition
warning: crates/hs-bench/Cargo.toml: `lints.clippy.items-after-statements` is deprecated in favor of `lints.clippy.items_after_statements` and will not work in a future edition
warning: crates/hs-bench/Cargo.toml: `lints.clippy.manual-let-else` is deprecated in favor of `lints.clippy.manual_let_else` and will not work in a future edition
warning: crates/hs-bench/Cargo.toml: `lints.clippy.many-single-char-names` is deprecated in favor of `lints.clippy.many_single_char_names` and will not work in a future edition
warning: crates/hs-bench/Cargo.toml: `lints.clippy.match-wildcard-for-single-variants` is deprecated in favor of `lints.clippy.match_wildcard_for_single_variants` and will not work in a future edition
warning: crates/hs-bench/Cargo.toml: `lints.clippy.missing-errors-doc` is deprecated in favor of `lints.clippy.missing_errors_doc` and will not work in a future edition
warning: crates/hs-bench/Cargo.toml: `lints.clippy.missing-panics-doc` is deprecated in favor of `lints.clippy.missing_panics_doc` and will not work in a future edition
warning: crates/hs-bench/Cargo.toml: `lints.clippy.must-use-candidate` is deprecated in favor of `lints.clippy.must_use_candidate` and will not work in a future edition
warning: crates/hs-bench/Cargo.toml: `lints.clippy.needless-continue` is deprecated in favor of `lints.clippy.needless_continue` and will not work in a future edition
warning: crates/hs-bench/Cargo.toml: `lints.clippy.needless-pass-by-value` is deprecated in favor of `lints.clippy.needless_pass_by_value` and will not work in a future edition
warning: crates/hs-bench/Cargo.toml: `lints.clippy.similar-names` is deprecated in favor of `lints.clippy.similar_names` and will not work in a future edition
warning: crates/hs-bench/Cargo.toml: `lints.clippy.struct-field-names` is deprecated in favor of `lints.clippy.struct_field_names` and will not work in a future edition
warning: crates/hs-bench/Cargo.toml: `lints.clippy.too-many-lines` is deprecated in favor of `lints.clippy.too_many_lines` and will not work in a future edition
warning: crates/hs-bench/Cargo.toml: `lints.clippy.trivially-copy-pass-by-ref` is deprecated in favor of `lints.clippy.trivially_copy_pass_by_ref` and will not work in a future edition
warning: crates/hs-bench/Cargo.toml: `lints.clippy.wildcard-enum-match-arm` is deprecated in favor of `lints.clippy.wildcard_enum_match_arm` and will not work in a future edition
warning: `hs-bench` (manifest) generated 23 warnings
warning: crates/hs-log/Cargo.toml: `lints.clippy.assigning-clones` is deprecated in favor of `lints.clippy.assigning_clones` and will not work in a future edition
warning: crates/hs-log/Cargo.toml: `lints.clippy.cast-possible-truncation` is deprecated in favor of `lints.clippy.cast_possible_truncation` and will not work in a future edition
warning: crates/hs-log/Cargo.toml: `lints.clippy.cast-possible-wrap` is deprecated in favor of `lints.clippy.cast_possible_wrap` and will not work in a future edition
warning: crates/hs-log/Cargo.toml: `lints.clippy.cast-precision-loss` is deprecated in favor of `lints.clippy.cast_precision_loss` and will not work in a future edition
warning: crates/hs-log/Cargo.toml: `lints.clippy.cast-sign-loss` is deprecated in favor of `lints.clippy.cast_sign_loss` and will not work in a future edition
warning: crates/hs-log/Cargo.toml: `lints.clippy.default-trait-access` is deprecated in favor of `lints.clippy.default_trait_access` and will not work in a future edition
warning: crates/hs-log/Cargo.toml: `lints.clippy.float-cmp` is deprecated in favor of `lints.clippy.float_cmp` and will not work in a future edition
warning: crates/hs-log/Cargo.toml: `lints.clippy.format-collect` is deprecated in favor of `lints.clippy.format_collect` and will not work in a future edition
warning: crates/hs-log/Cargo.toml: `lints.clippy.format-push-string` is deprecated in favor of `lints.clippy.format_push_string` and will not work in a future edition
warning: crates/hs-log/Cargo.toml: `lints.clippy.items-after-statements` is deprecated in favor of `lints.clippy.items_after_statements` and will not work in a future edition
warning: crates/hs-log/Cargo.toml: `lints.clippy.manual-let-else` is deprecated in favor of `lints.clippy.manual_let_else` and will not work in a future edition
warning: crates/hs-log/Cargo.toml: `lints.clippy.many-single-char-names` is deprecated in favor of `lints.clippy.many_single_char_names` and will not work in a future edition
warning: crates/hs-log/Cargo.toml: `lints.clippy.match-wildcard-for-single-variants` is deprecated in favor of `lints.clippy.match_wildcard_for_single_variants` and will not work in a future edition
warning: crates/hs-log/Cargo.toml: `lints.clippy.missing-errors-doc` is deprecated in favor of `lints.clippy.missing_errors_doc` and will not work in a future edition
warning: crates/hs-log/Cargo.toml: `lints.clippy.missing-panics-doc` is deprecated in favor of `lints.clippy.missing_panics_doc` and will not work in a future edition
warning: crates/hs-log/Cargo.toml: `lints.clippy.must-use-candidate` is deprecated in favor of `lints.clippy.must_use_candidate` and will not work in a future edition
warning: crates/hs-log/Cargo.toml: `lints.clippy.needless-continue` is deprecated in favor of `lints.clippy.needless_continue` and will not work in a future edition
warning: crates/hs-log/Cargo.toml: `lints.clippy.needless-pass-by-value` is deprecated in favor of `lints.clippy.needless_pass_by_value` and will not work in a future edition
warning: crates/hs-log/Cargo.toml: `lints.clippy.similar-names` is deprecated in favor of `lints.clippy.similar_names` and will not work in a future edition
warning: crates/hs-log/Cargo.toml: `lints.clippy.struct-field-names` is deprecated in favor of `lints.clippy.struct_field_names` and will not work in a future edition
warning: crates/hs-log/Cargo.toml: `lints.clippy.too-many-lines` is deprecated in favor of `lints.clippy.too_many_lines` and will not work in a future edition
warning: crates/hs-log/Cargo.toml: `lints.clippy.trivially-copy-pass-by-ref` is deprecated in favor of `lints.clippy.trivially_copy_pass_by_ref` and will not work in a future edition
warning: crates/hs-log/Cargo.toml: `lints.clippy.wildcard-enum-match-arm` is deprecated in favor of `lints.clippy.wildcard_enum_match_arm` and will not work in a future edition
warning: `hs-log` (manifest) generated 23 warnings
warning: crates/hs-core/Cargo.toml: `lints.clippy.assigning-clones` is deprecated in favor of `lints.clippy.assigning_clones` and will not work in a future edition
warning: crates/hs-core/Cargo.toml: `lints.clippy.cast-possible-truncation` is deprecated in favor of `lints.clippy.cast_possible_truncation` and will not work in a future edition
warning: crates/hs-core/Cargo.toml: `lints.clippy.cast-possible-wrap` is deprecated in favor of `lints.clippy.cast_possible_wrap` and will not work in a future edition
warning: crates/hs-core/Cargo.toml: `lints.clippy.cast-precision-loss` is deprecated in favor of `lints.clippy.cast_precision_loss` and will not work in a future edition
warning: crates/hs-core/Cargo.toml: `lints.clippy.cast-sign-loss` is deprecated in favor of `lints.clippy.cast_sign_loss` and will not work in a future edition
warning: crates/hs-core/Cargo.toml: `lints.clippy.default-trait-access` is deprecated in favor of `lints.clippy.default_trait_access` and will not work in a future edition
warning: crates/hs-core/Cargo.toml: `lints.clippy.float-cmp` is deprecated in favor of `lints.clippy.float_cmp` and will not work in a future edition
warning: crates/hs-core/Cargo.toml: `lints.clippy.format-collect` is deprecated in favor of `lints.clippy.format_collect` and will not work in a future edition
warning: crates/hs-core/Cargo.toml: `lints.clippy.format-push-string` is deprecated in favor of `lints.clippy.format_push_string` and will not work in a future edition
warning: crates/hs-core/Cargo.toml: `lints.clippy.items-after-statements` is deprecated in favor of `lints.clippy.items_after_statements` and will not work in a future edition
warning: crates/hs-core/Cargo.toml: `lints.clippy.manual-let-else` is deprecated in favor of `lints.clippy.manual_let_else` and will not work in a future edition
warning: crates/hs-core/Cargo.toml: `lints.clippy.many-single-char-names` is deprecated in favor of `lints.clippy.many_single_char_names` and will not work in a future edition
warning: crates/hs-core/Cargo.toml: `lints.clippy.match-wildcard-for-single-variants` is deprecated in favor of `lints.clippy.match_wildcard_for_single_variants` and will not work in a future edition
warning: crates/hs-core/Cargo.toml: `lints.clippy.missing-errors-doc` is deprecated in favor of `lints.clippy.missing_errors_doc` and will not work in a future edition
warning: crates/hs-core/Cargo.toml: `lints.clippy.missing-panics-doc` is deprecated in favor of `lints.clippy.missing_panics_doc` and will not work in a future edition
warning: crates/hs-core/Cargo.toml: `lints.clippy.must-use-candidate` is deprecated in favor of `lints.clippy.must_use_candidate` and will not work in a future edition
warning: crates/hs-core/Cargo.toml: `lints.clippy.needless-continue` is deprecated in favor of `lints.clippy.needless_continue` and will not work in a future edition
warning: crates/hs-core/Cargo.toml: `lints.clippy.needless-pass-by-value` is deprecated in favor of `lints.clippy.needless_pass_by_value` and will not work in a future edition
warning: crates/hs-core/Cargo.toml: `lints.clippy.similar-names` is deprecated in favor of `lints.clippy.similar_names` and will not work in a future edition
warning: crates/hs-core/Cargo.toml: `lints.clippy.struct-field-names` is deprecated in favor of `lints.clippy.struct_field_names` and will not work in a future edition
warning: crates/hs-core/Cargo.toml: `lints.clippy.too-many-lines` is deprecated in favor of `lints.clippy.too_many_lines` and will not work in a future edition
warning: crates/hs-core/Cargo.toml: `lints.clippy.trivially-copy-pass-by-ref` is deprecated in favor of `lints.clippy.trivially_copy_pass_by_ref` and will not work in a future edition
warning: crates/hs-core/Cargo.toml: `lints.clippy.wildcard-enum-match-arm` is deprecated in favor of `lints.clippy.wildcard_enum_match_arm` and will not work in a future edition
warning: `hs-core` (manifest) generated 23 warnings
warning: crates/hs-scorer/Cargo.toml: `lints.clippy.assigning-clones` is deprecated in favor of `lints.clippy.assigning_clones` and will not work in a future edition
warning: crates/hs-scorer/Cargo.toml: `lints.clippy.cast-possible-truncation` is deprecated in favor of `lints.clippy.cast_possible_truncation` and will not work in a future edition
warning: crates/hs-scorer/Cargo.toml: `lints.clippy.cast-possible-wrap` is deprecated in favor of `lints.clippy.cast_possible_wrap` and will not work in a future edition
warning: crates/hs-scorer/Cargo.toml: `lints.clippy.cast-precision-loss` is deprecated in favor of `lints.clippy.cast_precision_loss` and will not work in a future edition
warning: crates/hs-scorer/Cargo.toml: `lints.clippy.cast-sign-loss` is deprecated in favor of `lints.clippy.cast_sign_loss` and will not work in a future edition
warning: crates/hs-scorer/Cargo.toml: `lints.clippy.default-trait-access` is deprecated in favor of `lints.clippy.default_trait_access` and will not work in a future edition
warning: crates/hs-scorer/Cargo.toml: `lints.clippy.float-cmp` is deprecated in favor of `lints.clippy.float_cmp` and will not work in a future edition
warning: crates/hs-scorer/Cargo.toml: `lints.clippy.format-collect` is deprecated in favor of `lints.clippy.format_collect` and will not work in a future edition
warning: crates/hs-scorer/Cargo.toml: `lints.clippy.format-push-string` is deprecated in favor of `lints.clippy.format_push_string` and will not work in a future edition
warning: crates/hs-scorer/Cargo.toml: `lints.clippy.items-after-statements` is deprecated in favor of `lints.clippy.items_after_statements` and will not work in a future edition
warning: crates/hs-scorer/Cargo.toml: `lints.clippy.manual-let-else` is deprecated in favor of `lints.clippy.manual_let_else` and will not work in a future edition
warning: crates/hs-scorer/Cargo.toml: `lints.clippy.many-single-char-names` is deprecated in favor of `lints.clippy.many_single_char_names` and will not work in a future edition
warning: crates/hs-scorer/Cargo.toml: `lints.clippy.match-wildcard-for-single-variants` is deprecated in favor of `lints.clippy.match_wildcard_for_single_variants` and will not work in a future edition
warning: crates/hs-scorer/Cargo.toml: `lints.clippy.missing-errors-doc` is deprecated in favor of `lints.clippy.missing_errors_doc` and will not work in a future edition
warning: crates/hs-scorer/Cargo.toml: `lints.clippy.missing-panics-doc` is deprecated in favor of `lints.clippy.missing_panics_doc` and will not work in a future edition
warning: crates/hs-scorer/Cargo.toml: `lints.clippy.must-use-candidate` is deprecated in favor of `lints.clippy.must_use_candidate` and will not work in a future edition
warning: crates/hs-scorer/Cargo.toml: `lints.clippy.needless-continue` is deprecated in favor of `lints.clippy.needless_continue` and will not work in a future edition
warning: crates/hs-scorer/Cargo.toml: `lints.clippy.needless-pass-by-value` is deprecated in favor of `lints.clippy.needless_pass_by_value` and will not work in a future edition
warning: crates/hs-scorer/Cargo.toml: `lints.clippy.similar-names` is deprecated in favor of `lints.clippy.similar_names` and will not work in a future edition
warning: crates/hs-scorer/Cargo.toml: `lints.clippy.struct-field-names` is deprecated in favor of `lints.clippy.struct_field_names` and will not work in a future edition
warning: crates/hs-scorer/Cargo.toml: `lints.clippy.too-many-lines` is deprecated in favor of `lints.clippy.too_many_lines` and will not work in a future edition
warning: crates/hs-scorer/Cargo.toml: `lints.clippy.trivially-copy-pass-by-ref` is deprecated in favor of `lints.clippy.trivially_copy_pass_by_ref` and will not work in a future edition
warning: crates/hs-scorer/Cargo.toml: `lints.clippy.wildcard-enum-match-arm` is deprecated in favor of `lints.clippy.wildcard_enum_match_arm` and will not work in a future edition
warning: `hs-scorer` (manifest) generated 23 warnings
warning: crates/hs-memory/Cargo.toml: `lints.clippy.assigning-clones` is deprecated in favor of `lints.clippy.assigning_clones` and will not work in a future edition
warning: crates/hs-memory/Cargo.toml: `lints.clippy.cast-possible-truncation` is deprecated in favor of `lints.clippy.cast_possible_truncation` and will not work in a future edition
warning: crates/hs-memory/Cargo.toml: `lints.clippy.cast-possible-wrap` is deprecated in favor of `lints.clippy.cast_possible_wrap` and will not work in a future edition
warning: crates/hs-memory/Cargo.toml: `lints.clippy.cast-precision-loss` is deprecated in favor of `lints.clippy.cast_precision_loss` and will not work in a future edition
warning: crates/hs-memory/Cargo.toml: `lints.clippy.cast-sign-loss` is deprecated in favor of `lints.clippy.cast_sign_loss` and will not work in a future edition
warning: crates/hs-memory/Cargo.toml: `lints.clippy.default-trait-access` is deprecated in favor of `lints.clippy.default_trait_access` and will not work in a future edition
warning: crates/hs-memory/Cargo.toml: `lints.clippy.float-cmp` is deprecated in favor of `lints.clippy.float_cmp` and will not work in a future edition
warning: crates/hs-memory/Cargo.toml: `lints.clippy.format-collect` is deprecated in favor of `lints.clippy.format_collect` and will not work in a future edition
warning: crates/hs-memory/Cargo.toml: `lints.clippy.format-push-string` is deprecated in favor of `lints.clippy.format_push_string` and will not work in a future edition
warning: crates/hs-memory/Cargo.toml: `lints.clippy.items-after-statements` is deprecated in favor of `lints.clippy.items_after_statements` and will not work in a future edition
warning: crates/hs-memory/Cargo.toml: `lints.clippy.manual-let-else` is deprecated in favor of `lints.clippy.manual_let_else` and will not work in a future edition
warning: crates/hs-memory/Cargo.toml: `lints.clippy.many-single-char-names` is deprecated in favor of `lints.clippy.many_single_char_names` and will not work in a future edition
warning: crates/hs-memory/Cargo.toml: `lints.clippy.match-wildcard-for-single-variants` is deprecated in favor of `lints.clippy.match_wildcard_for_single_variants` and will not work in a future edition
warning: crates/hs-memory/Cargo.toml: `lints.clippy.missing-errors-doc` is deprecated in favor of `lints.clippy.missing_errors_doc` and will not work in a future edition
warning: crates/hs-memory/Cargo.toml: `lints.clippy.missing-panics-doc` is deprecated in favor of `lints.clippy.missing_panics_doc` and will not work in a future edition
warning: crates/hs-memory/Cargo.toml: `lints.clippy.must-use-candidate` is deprecated in favor of `lints.clippy.must_use_candidate` and will not work in a future edition
warning: crates/hs-memory/Cargo.toml: `lints.clippy.needless-continue` is deprecated in favor of `lints.clippy.needless_continue` and will not work in a future edition
warning: crates/hs-memory/Cargo.toml: `lints.clippy.needless-pass-by-value` is deprecated in favor of `lints.clippy.needless_pass_by_value` and will not work in a future edition
warning: crates/hs-memory/Cargo.toml: `lints.clippy.similar-names` is deprecated in favor of `lints.clippy.similar_names` and will not work in a future edition
warning: crates/hs-memory/Cargo.toml: `lints.clippy.struct-field-names` is deprecated in favor of `lints.clippy.struct_field_names` and will not work in a future edition
warning: crates/hs-memory/Cargo.toml: `lints.clippy.too-many-lines` is deprecated in favor of `lints.clippy.too_many_lines` and will not work in a future edition
warning: crates/hs-memory/Cargo.toml: `lints.clippy.trivially-copy-pass-by-ref` is deprecated in favor of `lints.clippy.trivially_copy_pass_by_ref` and will not work in a future edition
warning: crates/hs-memory/Cargo.toml: `lints.clippy.wildcard-enum-match-arm` is deprecated in favor of `lints.clippy.wildcard_enum_match_arm` and will not work in a future edition
warning: `hs-memory` (manifest) generated 23 warnings
warning: crates/hs-selfmod/Cargo.toml: `lints.clippy.assigning-clones` is deprecated in favor of `lints.clippy.assigning_clones` and will not work in a future edition
warning: crates/hs-selfmod/Cargo.toml: `lints.clippy.cast-possible-truncation` is deprecated in favor of `lints.clippy.cast_possible_truncation` and will not work in a future edition
warning: crates/hs-selfmod/Cargo.toml: `lints.clippy.cast-possible-wrap` is deprecated in favor of `lints.clippy.cast_possible_wrap` and will not work in a future edition
warning: crates/hs-selfmod/Cargo.toml: `lints.clippy.cast-precision-loss` is deprecated in favor of `lints.clippy.cast_precision_loss` and will not work in a future edition
warning: crates/hs-selfmod/Cargo.toml: `lints.clippy.cast-sign-loss` is deprecated in favor of `lints.clippy.cast_sign_loss` and will not work in a future edition
warning: crates/hs-selfmod/Cargo.toml: `lints.clippy.default-trait-access` is deprecated in favor of `lints.clippy.default_trait_access` and will not work in a future edition
warning: crates/hs-selfmod/Cargo.toml: `lints.clippy.float-cmp` is deprecated in favor of `lints.clippy.float_cmp` and will not work in a future edition
warning: crates/hs-selfmod/Cargo.toml: `lints.clippy.format-collect` is deprecated in favor of `lints.clippy.format_collect` and will not work in a future edition
warning: crates/hs-selfmod/Cargo.toml: `lints.clippy.format-push-string` is deprecated in favor of `lints.clippy.format_push_string` and will not work in a future edition
warning: crates/hs-selfmod/Cargo.toml: `lints.clippy.items-after-statements` is deprecated in favor of `lints.clippy.items_after_statements` and will not work in a future edition
warning: crates/hs-selfmod/Cargo.toml: `lints.clippy.manual-let-else` is deprecated in favor of `lints.clippy.manual_let_else` and will not work in a future edition
warning: crates/hs-selfmod/Cargo.toml: `lints.clippy.many-single-char-names` is deprecated in favor of `lints.clippy.many_single_char_names` and will not work in a future edition
warning: crates/hs-selfmod/Cargo.toml: `lints.clippy.match-wildcard-for-single-variants` is deprecated in favor of `lints.clippy.match_wildcard_for_single_variants` and will not work in a future edition
warning: crates/hs-selfmod/Cargo.toml: `lints.clippy.missing-errors-doc` is deprecated in favor of `lints.clippy.missing_errors_doc` and will not work in a future edition
warning: crates/hs-selfmod/Cargo.toml: `lints.clippy.missing-panics-doc` is deprecated in favor of `lints.clippy.missing_panics_doc` and will not work in a future edition
warning: crates/hs-selfmod/Cargo.toml: `lints.clippy.must-use-candidate` is deprecated in favor of `lints.clippy.must_use_candidate` and will not work in a future edition
warning: crates/hs-selfmod/Cargo.toml: `lints.clippy.needless-continue` is deprecated in favor of `lints.clippy.needless_continue` and will not work in a future edition
warning: crates/hs-selfmod/Cargo.toml: `lints.clippy.needless-pass-by-value` is deprecated in favor of `lints.clippy.needless_pass_by_value` and will not work in a future edition
warning: crates/hs-selfmod/Cargo.toml: `lints.clippy.similar-names` is deprecated in favor of `lints.clippy.similar_names` and will not work in a future edition
warning: crates/hs-selfmod/Cargo.toml: `lints.clippy.struct-field-names` is deprecated in favor of `lints.clippy.struct_field_names` and will not work in a future edition
warning: crates/hs-selfmod/Cargo.toml: `lints.clippy.too-many-lines` is deprecated in favor of `lints.clippy.too_many_lines` and will not work in a future edition
warning: crates/hs-selfmod/Cargo.toml: `lints.clippy.trivially-copy-pass-by-ref` is deprecated in favor of `lints.clippy.trivially_copy_pass_by_ref` and will not work in a future edition
warning: crates/hs-selfmod/Cargo.toml: `lints.clippy.wildcard-enum-match-arm` is deprecated in favor of `lints.clippy.wildcard_enum_match_arm` and will not work in a future edition
warning: `hs-selfmod` (manifest) generated 23 warnings
warning: crates/hs-world/Cargo.toml: `lints.clippy.assigning-clones` is deprecated in favor of `lints.clippy.assigning_clones` and will not work in a future edition
warning: crates/hs-world/Cargo.toml: `lints.clippy.cast-possible-truncation` is deprecated in favor of `lints.clippy.cast_possible_truncation` and will not work in a future edition
warning: crates/hs-world/Cargo.toml: `lints.clippy.cast-possible-wrap` is deprecated in favor of `lints.clippy.cast_possible_wrap` and will not work in a future edition
warning: crates/hs-world/Cargo.toml: `lints.clippy.cast-precision-loss` is deprecated in favor of `lints.clippy.cast_precision_loss` and will not work in a future edition
warning: crates/hs-world/Cargo.toml: `lints.clippy.cast-sign-loss` is deprecated in favor of `lints.clippy.cast_sign_loss` and will not work in a future edition
warning: crates/hs-world/Cargo.toml: `lints.clippy.default-trait-access` is deprecated in favor of `lints.clippy.default_trait_access` and will not work in a future edition
warning: crates/hs-world/Cargo.toml: `lints.clippy.float-cmp` is deprecated in favor of `lints.clippy.float_cmp` and will not work in a future edition
warning: crates/hs-world/Cargo.toml: `lints.clippy.format-collect` is deprecated in favor of `lints.clippy.format_collect` and will not work in a future edition
warning: crates/hs-world/Cargo.toml: `lints.clippy.format-push-string` is deprecated in favor of `lints.clippy.format_push_string` and will not work in a future edition
warning: crates/hs-world/Cargo.toml: `lints.clippy.items-after-statements` is deprecated in favor of `lints.clippy.items_after_statements` and will not work in a future edition
warning: crates/hs-world/Cargo.toml: `lints.clippy.manual-let-else` is deprecated in favor of `lints.clippy.manual_let_else` and will not work in a future edition
warning: crates/hs-world/Cargo.toml: `lints.clippy.many-single-char-names` is deprecated in favor of `lints.clippy.many_single_char_names` and will not work in a future edition
warning: crates/hs-world/Cargo.toml: `lints.clippy.match-wildcard-for-single-variants` is deprecated in favor of `lints.clippy.match_wildcard_for_single_variants` and will not work in a future edition
warning: crates/hs-world/Cargo.toml: `lints.clippy.missing-errors-doc` is deprecated in favor of `lints.clippy.missing_errors_doc` and will not work in a future edition
warning: crates/hs-world/Cargo.toml: `lints.clippy.missing-panics-doc` is deprecated in favor of `lints.clippy.missing_panics_doc` and will not work in a future edition
warning: crates/hs-world/Cargo.toml: `lints.clippy.must-use-candidate` is deprecated in favor of `lints.clippy.must_use_candidate` and will not work in a future edition
warning: crates/hs-world/Cargo.toml: `lints.clippy.needless-continue` is deprecated in favor of `lints.clippy.needless_continue` and will not work in a future edition
warning: crates/hs-world/Cargo.toml: `lints.clippy.needless-pass-by-value` is deprecated in favor of `lints.clippy.needless_pass_by_value` and will not work in a future edition
warning: crates/hs-world/Cargo.toml: `lints.clippy.similar-names` is deprecated in favor of `lints.clippy.similar_names` and will not work in a future edition
warning: crates/hs-world/Cargo.toml: `lints.clippy.struct-field-names` is deprecated in favor of `lints.clippy.struct_field_names` and will not work in a future edition
warning: crates/hs-world/Cargo.toml: `lints.clippy.too-many-lines` is deprecated in favor of `lints.clippy.too_many_lines` and will not work in a future edition
warning: crates/hs-world/Cargo.toml: `lints.clippy.trivially-copy-pass-by-ref` is deprecated in favor of `lints.clippy.trivially_copy_pass_by_ref` and will not work in a future edition
warning: crates/hs-world/Cargo.toml: `lints.clippy.wildcard-enum-match-arm` is deprecated in favor of `lints.clippy.wildcard_enum_match_arm` and will not work in a future edition
warning: `hs-world` (manifest) generated 23 warnings
warning: crates/hs-kernel/Cargo.toml: `lints.clippy.assigning-clones` is deprecated in favor of `lints.clippy.assigning_clones` and will not work in a future edition
warning: crates/hs-kernel/Cargo.toml: `lints.clippy.cast-possible-truncation` is deprecated in favor of `lints.clippy.cast_possible_truncation` and will not work in a future edition
warning: crates/hs-kernel/Cargo.toml: `lints.clippy.cast-possible-wrap` is deprecated in favor of `lints.clippy.cast_possible_wrap` and will not work in a future edition
warning: crates/hs-kernel/Cargo.toml: `lints.clippy.cast-precision-loss` is deprecated in favor of `lints.clippy.cast_precision_loss` and will not work in a future edition
warning: crates/hs-kernel/Cargo.toml: `lints.clippy.cast-sign-loss` is deprecated in favor of `lints.clippy.cast_sign_loss` and will not work in a future edition
warning: crates/hs-kernel/Cargo.toml: `lints.clippy.default-trait-access` is deprecated in favor of `lints.clippy.default_trait_access` and will not work in a future edition
warning: crates/hs-kernel/Cargo.toml: `lints.clippy.float-cmp` is deprecated in favor of `lints.clippy.float_cmp` and will not work in a future edition
warning: crates/hs-kernel/Cargo.toml: `lints.clippy.format-collect` is deprecated in favor of `lints.clippy.format_collect` and will not work in a future edition
warning: crates/hs-kernel/Cargo.toml: `lints.clippy.format-push-string` is deprecated in favor of `lints.clippy.format_push_string` and will not work in a future edition
warning: crates/hs-kernel/Cargo.toml: `lints.clippy.items-after-statements` is deprecated in favor of `lints.clippy.items_after_statements` and will not work in a future edition
warning: crates/hs-kernel/Cargo.toml: `lints.clippy.manual-let-else` is deprecated in favor of `lints.clippy.manual_let_else` and will not work in a future edition
warning: crates/hs-kernel/Cargo.toml: `lints.clippy.many-single-char-names` is deprecated in favor of `lints.clippy.many_single_char_names` and will not work in a future edition
warning: crates/hs-kernel/Cargo.toml: `lints.clippy.match-wildcard-for-single-variants` is deprecated in favor of `lints.clippy.match_wildcard_for_single_variants` and will not work in a future edition
warning: crates/hs-kernel/Cargo.toml: `lints.clippy.missing-errors-doc` is deprecated in favor of `lints.clippy.missing_errors_doc` and will not work in a future edition
warning: crates/hs-kernel/Cargo.toml: `lints.clippy.missing-panics-doc` is deprecated in favor of `lints.clippy.missing_panics_doc` and will not work in a future edition
warning: crates/hs-kernel/Cargo.toml: `lints.clippy.must-use-candidate` is deprecated in favor of `lints.clippy.must_use_candidate` and will not work in a future edition
warning: crates/hs-kernel/Cargo.toml: `lints.clippy.needless-continue` is deprecated in favor of `lints.clippy.needless_continue` and will not work in a future edition
warning: crates/hs-kernel/Cargo.toml: `lints.clippy.needless-pass-by-value` is deprecated in favor of `lints.clippy.needless_pass_by_value` and will not work in a future edition
warning: crates/hs-kernel/Cargo.toml: `lints.clippy.similar-names` is deprecated in favor of `lints.clippy.similar_names` and will not work in a future edition
warning: crates/hs-kernel/Cargo.toml: `lints.clippy.struct-field-names` is deprecated in favor of `lints.clippy.struct_field_names` and will not work in a future edition
warning: crates/hs-kernel/Cargo.toml: `lints.clippy.too-many-lines` is deprecated in favor of `lints.clippy.too_many_lines` and will not work in a future edition
warning: crates/hs-kernel/Cargo.toml: `lints.clippy.trivially-copy-pass-by-ref` is deprecated in favor of `lints.clippy.trivially_copy_pass_by_ref` and will not work in a future edition
warning: crates/hs-kernel/Cargo.toml: `lints.clippy.wildcard-enum-match-arm` is deprecated in favor of `lints.clippy.wildcard_enum_match_arm` and will not work in a future edition
warning: `hs-kernel` (manifest) generated 23 warnings
warning: crates/hs-cli/Cargo.toml: `lints.clippy.assigning-clones` is deprecated in favor of `lints.clippy.assigning_clones` and will not work in a future edition
warning: crates/hs-cli/Cargo.toml: `lints.clippy.cast-possible-truncation` is deprecated in favor of `lints.clippy.cast_possible_truncation` and will not work in a future edition
warning: crates/hs-cli/Cargo.toml: `lints.clippy.cast-possible-wrap` is deprecated in favor of `lints.clippy.cast_possible_wrap` and will not work in a future edition
warning: crates/hs-cli/Cargo.toml: `lints.clippy.cast-precision-loss` is deprecated in favor of `lints.clippy.cast_precision_loss` and will not work in a future edition
warning: crates/hs-cli/Cargo.toml: `lints.clippy.cast-sign-loss` is deprecated in favor of `lints.clippy.cast_sign_loss` and will not work in a future edition
warning: crates/hs-cli/Cargo.toml: `lints.clippy.default-trait-access` is deprecated in favor of `lints.clippy.default_trait_access` and will not work in a future edition
warning: crates/hs-cli/Cargo.toml: `lints.clippy.float-cmp` is deprecated in favor of `lints.clippy.float_cmp` and will not work in a future edition
warning: crates/hs-cli/Cargo.toml: `lints.clippy.format-collect` is deprecated in favor of `lints.clippy.format_collect` and will not work in a future edition
warning: crates/hs-cli/Cargo.toml: `lints.clippy.format-push-string` is deprecated in favor of `lints.clippy.format_push_string` and will not work in a future edition
warning: crates/hs-cli/Cargo.toml: `lints.clippy.items-after-statements` is deprecated in favor of `lints.clippy.items_after_statements` and will not work in a future edition
warning: crates/hs-cli/Cargo.toml: `lints.clippy.manual-let-else` is deprecated in favor of `lints.clippy.manual_let_else` and will not work in a future edition
warning: crates/hs-cli/Cargo.toml: `lints.clippy.many-single-char-names` is deprecated in favor of `lints.clippy.many_single_char_names` and will not work in a future edition
warning: crates/hs-cli/Cargo.toml: `lints.clippy.match-wildcard-for-single-variants` is deprecated in favor of `lints.clippy.match_wildcard_for_single_variants` and will not work in a future edition
warning: crates/hs-cli/Cargo.toml: `lints.clippy.missing-errors-doc` is deprecated in favor of `lints.clippy.missing_errors_doc` and will not work in a future edition
warning: crates/hs-cli/Cargo.toml: `lints.clippy.missing-panics-doc` is deprecated in favor of `lints.clippy.missing_panics_doc` and will not work in a future edition
warning: crates/hs-cli/Cargo.toml: `lints.clippy.must-use-candidate` is deprecated in favor of `lints.clippy.must_use_candidate` and will not work in a future edition
warning: crates/hs-cli/Cargo.toml: `lints.clippy.needless-continue` is deprecated in favor of `lints.clippy.needless_continue` and will not work in a future edition
warning: crates/hs-cli/Cargo.toml: `lints.clippy.needless-pass-by-value` is deprecated in favor of `lints.clippy.needless_pass_by_value` and will not work in a future edition
warning: crates/hs-cli/Cargo.toml: `lints.clippy.similar-names` is deprecated in favor of `lints.clippy.similar_names` and will not work in a future edition
warning: crates/hs-cli/Cargo.toml: `lints.clippy.struct-field-names` is deprecated in favor of `lints.clippy.struct_field_names` and will not work in a future edition
warning: crates/hs-cli/Cargo.toml: `lints.clippy.too-many-lines` is deprecated in favor of `lints.clippy.too_many_lines` and will not work in a future edition
warning: crates/hs-cli/Cargo.toml: `lints.clippy.trivially-copy-pass-by-ref` is deprecated in favor of `lints.clippy.trivially_copy_pass_by_ref` and will not work in a future edition
warning: crates/hs-cli/Cargo.toml: `lints.clippy.wildcard-enum-match-arm` is deprecated in favor of `lints.clippy.wildcard_enum_match_arm` and will not work in a future edition
warning: `hs-cli` (manifest) generated 23 warnings
warning: unused attribute
   --> crates/hs-loop/src/appback.rs:148:1
    |
148 | #[must_use]
    | ^^^^^^^^^^^ help: remove this attribute
    |
note: attribute also specified here
   --> crates/hs-loop/src/appback.rs:144:1
    |
144 | #[must_use]
    | ^^^^^^^^^^^
    = warning: this was previously accepted by the compiler but is being phased out; it will become a hard error in a future release!
    = note: `#[warn(unused_attributes)]` (part of `#[warn(unused)]`) on by default

warning: use of deprecated method `std::sync::atomic::Atomic::<usize>::fetch_update`: renamed to `try_update` for consistency
   --> crates/hs-loop/src/repexec.rs:239:10
    |
239 |         .fetch_update(
    |          ^^^^^^^^^^^^
    |
    = note: `#[warn(deprecated)]` on by default
help: replace the use of the deprecated method
    |
239 -         .fetch_update(
239 +         .try_update(
    |

warning: `hs-loop` (lib) generated 2 warnings (run `cargo fix --lib -p hs-loop` to apply 2 suggestions)
   Compiling hs-swarm v0.1.0 (/tmp/hs/crates/hs-swarm)
   Compiling hs-loop v0.1.0 (/tmp/hs/crates/hs-loop)
warning: unused return value of `hs_loop::goal_state::call` that must be used
  --> crates/hs-loop/tests/goal_tool_red.rs:23:5
   |
23 |     call(d.path(), &json!({"op":"create","objective":"a"}));
   |     ^^^^^^^^^^^^^^^^^^^^^^^^^^^^^^^^^^^^^^^^^^^^^^^^^^^^^^^
   |
   = note: `#[warn(unused_must_use)]` (part of `#[warn(unused)]`) on by default
help: use `let _ = ...` to ignore the resulting value
   |
23 |     let _ = call(d.path(), &json!({"op":"create","objective":"a"}));
   |     +++++++

warning: `hs-loop` (test "goal_tool_red") generated 1 warning
warning: `hs-loop` (lib test) generated 2 warnings (2 duplicates)
warning: unused return value of `workflow` that must be used
   --> crates/hs-loop/tests/engine_red.rs:144:5
    |
144 |     hs_loop::tools2::workflow(wd.path(), &serde_json::json!({"op":"define","name":"two","steps":["step one","step two"]}));
    |     ^^^^^^^^^^^^^^^^^^^^^^^^^^^^^^^^^^^^^^^^^^^^^^^^^^^^^^^^^^^^^^^^^^^^^^^^^^^^^^^^^^^^^^^^^^^^^^^^^^^^^^^^^^^^^^^^^^^^^^
    |
    = note: `#[warn(unused_must_use)]` (part of `#[warn(unused)]`) on by default
help: use `let _ = ...` to ignore the resulting value
    |
144 |     let _ = hs_loop::tools2::workflow(wd.path(), &serde_json::json!({"op":"define","name":"two","steps":["step one","step two"]}));
    |     +++++++

warning: `hs-loop` (test "engine_red") generated 1 warning
    Finished `test` profile [unoptimized] target(s) in 41.12s
     Running unittests src/lib.rs (target/debug/deps/hs_applypatch-c6f7cb0c75c1c8ff)

running 32 tests
test apply::tests::test_context_not_found_returns_error ... ok
test apply::tests::test_end_of_file_marker_handling ... ok
test apply::tests::test_interleaved_changes ... ok
test apply::tests::test_multiple_chunks_in_single_file ... ok
test apply::tests::test_old_lines_not_found_returns_error ... ok
test apply::tests::test_pure_addition_then_removal ... ok
test apply::tests::test_unicode_dash_matching ... ok
test apply::tests::test_update_file_modifies_content ... ok
test parser::tests::test_parse_one_hunk_bad_header ... ok
test parser::tests::test_parse_patch_add_file_with_whitespace_around_markers ... ok
test parser::tests::test_parse_patch_all_hunk_types ... ok
test parser::tests::test_parse_patch_bad_first_line ... ok
test parser::tests::test_parse_patch_bad_last_line ... ok
test parser::tests::test_parse_patch_empty_hunks ... ok
test parser::tests::test_parse_patch_empty_update_hunk ... ok
test parser::tests::test_parse_patch_lenient_heredoc_variants ... ok
test parser::tests::test_parse_patch_public_api ... ok
test parser::tests::test_parse_patch_update_followed_by_add ... ok
test parser::tests::test_parse_patch_update_without_explicit_context_marker ... ok
test parser::tests::test_update_file_chunk_bad_diff_line ... ok
test parser::tests::test_update_file_chunk_bad_start ... ok
test parser::tests::test_update_file_chunk_empty_after_context ... ok
test parser::tests::test_update_file_chunk_eof_with_no_lines ... ok
test parser::tests::test_update_file_chunk_with_context_and_diff_lines ... ok
test parser::tests::test_update_file_chunk_with_eof_marker ... ok
test seek_sequence::tests::test_empty_pattern_returns_start ... ok
test seek_sequence::tests::test_eof_flag_searches_from_end ... ok
test seek_sequence::tests::test_exact_match_finds_sequence ... ok
test seek_sequence::tests::test_pattern_longer_than_input_returns_none ... ok
test seek_sequence::tests::test_rstrip_match_ignores_trailing_whitespace ... ok
test seek_sequence::tests::test_trim_match_ignores_leading_and_trailing_whitespace ... ok
test seek_sequence::tests::test_unicode_normalise_matches_typographic_dashes ... ok

test result: ok. 32 passed; 0 failed; 0 ignored; 0 measured; 0 filtered out; finished in 0.00s

     Running unittests src/lib.rs (target/debug/deps/hs_bench-1f17884e787ce51f)

running 0 tests

test result: ok. 0 passed; 0 failed; 0 ignored; 0 measured; 0 filtered out; finished in 0.00s

     Running tests/bench_prep_proof.rs (target/debug/deps/bench_prep_proof-51af8516464ced53)

running 4 tests
test loader_parses_swebench_verified_jsonl ... ok
test budget_burn_is_killed_and_scored_unresolved ... ok
test report_is_swebench_shaped ... ok
test offline_pipeline_gold_resolves_wrong_fails ... ok

test result: ok. 4 passed; 0 failed; 0 ignored; 0 measured; 0 filtered out; finished in 0.02s

     Running tests/mission_adapter_proof.rs (target/debug/deps/mission_adapter_proof-a8b45871757603a3)

running 4 tests
test empty_patch_leaves_tests_failing ... ok
test gold_patch_applies_and_flips_fail_to_pass ... ok
test prep_workspace_clones_and_checks_out_base_commit ... ok
test malformed_patch_is_no_apply_not_a_test_failure ... ok

test result: ok. 4 passed; 0 failed; 0 ignored; 0 measured; 0 filtered out; finished in 0.10s

     Running tests/mission_prompt_proof.rs (target/debug/deps/mission_prompt_proof-a9d5c85447f9426b)

running 2 tests
test prompt_carries_statement_layout_and_contract ... ok
test contract_round_trips_through_extractor ... ok

test result: ok. 2 passed; 0 failed; 0 ignored; 0 measured; 0 filtered out; finished in 0.01s

     Running tests/orchestrator_proof.rs (target/debug/deps/orchestrator_proof-d70fd99d2d3cfc75)

running 2 tests
test uncapped_run_completes_everything ... ok
test run_cap_stops_launching_and_marks_not_run ... ok

test result: ok. 2 passed; 0 failed; 0 ignored; 0 measured; 0 filtered out; finished in 0.00s

     Running tests/patch_artifact_proof.rs (target/debug/deps/patch_artifact_proof-1c124dae3f5c47b6)

running 2 tests
test failed_apply_also_leaves_no_artifact ... ok
test apply_leaves_no_artifact_in_workspace ... ok

test result: ok. 2 passed; 0 failed; 0 ignored; 0 measured; 0 filtered out; finished in 0.01s

     Running tests/patch_extract_proof.rs (target/debug/deps/patch_extract_proof-fc42f9a35db4ece4)

running 5 tests
test extracts_fenced_diff ... ok
test extracts_bare_unified_diff ... ok
test picks_the_diff_not_other_fences ... ok
test prose_only_yields_no_patch ... ok
test preserves_trailing_blank_context_line ... ok

test result: ok. 5 passed; 0 failed; 0 ignored; 0 measured; 0 filtered out; finished in 0.02s

     Running unittests src/lib.rs (target/debug/deps/hs_cli-b255a2365adfe3c5)

running 0 tests

test result: ok. 0 passed; 0 failed; 0 ignored; 0 measured; 0 filtered out; finished in 0.00s

     Running unittests src/bin/hs-demo.rs (target/debug/deps/hs_demo-e70483a336e1a472)

running 0 tests

test result: ok. 0 passed; 0 failed; 0 ignored; 0 measured; 0 filtered out; finished in 0.00s

     Running unittests src/bin/hs-gate2-driver.rs (target/debug/deps/hs_gate2_driver-59ac6ed78d2bff6d)

running 0 tests

test result: ok. 0 passed; 0 failed; 0 ignored; 0 measured; 0 filtered out; finished in 0.00s

     Running unittests src/bin/hs-log-cli.rs (target/debug/deps/hs_log_cli-899c92389cf97924)

running 0 tests

test result: ok. 0 passed; 0 failed; 0 ignored; 0 measured; 0 filtered out; finished in 0.00s

     Running unittests src/bin/hs-plugin-echo.rs (target/debug/deps/hs_plugin_echo-26a0ec0321b999b9)

running 0 tests

test result: ok. 0 passed; 0 failed; 0 ignored; 0 measured; 0 filtered out; finished in 0.00s

     Running unittests src/bin/hs-plugin-fakemodel.rs (target/debug/deps/hs_plugin_fakemodel-30dfd08eb522b30e)

running 0 tests

test result: ok. 0 passed; 0 failed; 0 ignored; 0 measured; 0 filtered out; finished in 0.00s

     Running unittests src/bin/hs-plugin-fakemodel2.rs (target/debug/deps/hs_plugin_fakemodel2-183d0cf586dcd448)

running 0 tests

test result: ok. 0 passed; 0 failed; 0 ignored; 0 measured; 0 filtered out; finished in 0.00s

     Running unittests src/bin/hs-plugin-upper.rs (target/debug/deps/hs_plugin_upper-9bcb97e98a3cf93b)

running 0 tests

test result: ok. 0 passed; 0 failed; 0 ignored; 0 measured; 0 filtered out; finished in 0.00s

     Running tests/atif.rs (target/debug/deps/atif-5609919d15ebf27a)

running 2 tests
test unpaired_model_call_is_reported_not_exported ... ok
test trajectory_has_required_atif_fields_and_correlated_tool_results ... ok

test result: ok. 2 passed; 0 failed; 0 ignored; 0 measured; 0 filtered out; finished in 0.01s

     Running tests/gate1_proof.rs (target/debug/deps/gate1_proof-4ae1b940ca8a9bb2)

running 4 tests
test gate1_determinism_two_runs_identical ... ok
test gate1_proof_2_rewind_and_replay_to_identical_state ... ok
test gate1_proof_3_corrupted_byte_is_caught ... ok
test gate1_proof_1_kill_mid_run_resume_zero_loss ... ok

test result: ok. 4 passed; 0 failed; 0 ignored; 0 measured; 0 filtered out; finished in 0.29s

     Running tests/gate2_proof.rs (target/debug/deps/gate2_proof-189e8da9d6c6a3ec)

running 1 test
test gate2_proof_add_tool_and_model_by_config_only ... ok

test result: ok. 1 passed; 0 failed; 0 ignored; 0 measured; 0 filtered out; finished in 0.13s

     Running tests/log_dump_truncate_red.rs (target/debug/deps/log_dump_truncate_red-29d2140da411c654)

running 3 tests
test dump_payloads_truncation_respects_char_boundaries ... ok
test dump_payloads_actually_truncates_oversize_payloads ... ok
test trace_truncation_respects_char_boundaries ... ok

test result: ok. 3 passed; 0 failed; 0 ignored; 0 measured; 0 filtered out; finished in 0.03s

     Running tests/log_trace_red.rs (target/debug/deps/log_trace_red-206b4333ccc75119)

running 2 tests
test trace_replay_prints_reasoning_in_order_and_skips_non_model_events ... ok
test trace_follow_emits_events_appended_after_start ... ok

test result: ok. 2 passed; 0 failed; 0 ignored; 0 measured; 0 filtered out; finished in 0.51s

     Running tests/otlp.rs (target/debug/deps/otlp-b9187f62447f025c)

running 4 tests
test duplicate_identity_is_reported_not_arbitrarily_priced ... ok
test nested_critic_rounds_export_without_double_counting_checker_cost ... ok
test unmatched_start_and_legacy_call_are_not_success ... ok
test real_kernel_export_counts_once_and_pairs_errors ... ok

test result: ok. 4 passed; 0 failed; 0 ignored; 0 measured; 0 filtered out; finished in 0.04s

     Running unittests src/lib.rs (target/debug/deps/hs_core-d45bc8742423dc46)

running 0 tests

test result: ok. 0 passed; 0 failed; 0 ignored; 0 measured; 0 filtered out; finished in 0.00s

     Running tests/capability_change_red.rs (target/debug/deps/capability_change_red-2c0ea285051f025d)

running 1 test
test capability_change_kind_exists_at_a_stable_tag_and_roundtrips ... ok

test result: ok. 1 passed; 0 failed; 0 ignored; 0 measured; 0 filtered out; finished in 0.00s

     Running tests/decode_option_tags_red.rs (target/debug/deps/decode_option_tags_red-755193ad5bf63874)

running 2 tests
test decode_rejects_noncanonical_snap_option_tag ... ok
test decode_rejects_noncanonical_parent_option_tag ... ok

test result: ok. 2 passed; 0 failed; 0 ignored; 0 measured; 0 filtered out; finished in 0.00s

     Running tests/event_schema.rs (target/debug/deps/event_schema-dedef5182b470718)

running 8 tests
test cost_is_decimal_micros_not_float ... ok
test encoding_is_deterministic ... ok
test changing_any_field_breaks_verify ... ok
test hash_is_sha256_over_canonical_encoding_without_hash_field ... ok
test every_spec_kind_exists_and_roundtrips_through_encoding ... ok
test reserved_kinds_for_gates_7_and_8_are_in_kind_space ... ok
test payload_variants_roundtrip ... ok
test unknown_kind_tag_is_rejected_not_silently_mapped ... ok

test result: ok. 8 passed; 0 failed; 0 ignored; 0 measured; 0 filtered out; finished in 0.00s

     Running unittests src/lib.rs (target/debug/deps/hs_goal-f9ddbc0e9d2ef38a)

running 0 tests

test result: ok. 0 passed; 0 failed; 0 ignored; 0 measured; 0 filtered out; finished in 0.00s

     Running unittests src/bin/hs-plugin-costmodel.rs (target/debug/deps/hs_plugin_costmodel-7af99175de9cb0e4)

running 0 tests

test result: ok. 0 passed; 0 failed; 0 ignored; 0 measured; 0 filtered out; finished in 0.00s

     Running unittests src/bin/hs-plugin-costtool.rs (target/debug/deps/hs_plugin_costtool-bdaee4986ef26062)

running 0 tests

test result: ok. 0 passed; 0 failed; 0 ignored; 0 measured; 0 filtered out; finished in 0.00s

     Running unittests src/bin/hs-plugin-goalanswer.rs (target/debug/deps/hs_plugin_goalanswer-39a982de319fb56d)

running 0 tests

test result: ok. 0 passed; 0 failed; 0 ignored; 0 measured; 0 filtered out; finished in 0.00s

     Running unittests src/bin/hs-plugin-goalchecker.rs (target/debug/deps/hs_plugin_goalchecker-f5a757b267f16196)

running 0 tests

test result: ok. 0 passed; 0 failed; 0 ignored; 0 measured; 0 filtered out; finished in 0.00s

     Running unittests src/bin/hs-plugin-goalmodel.rs (target/debug/deps/hs_plugin_goalmodel-81a19e5a1ffb0436)

running 0 tests

test result: ok. 0 passed; 0 failed; 0 ignored; 0 measured; 0 filtered out; finished in 0.00s

     Running tests/gate4_proof.rs (target/debug/deps/gate4_proof-40ddab7c7c2620e5)

running 1 test
test gate4_proof_false_completion_plants ... ok

test result: ok. 1 passed; 0 failed; 0 ignored; 0 measured; 0 filtered out; finished in 0.36s

     Running tests/outer_loop.rs (target/debug/deps/outer_loop-c26c512508a105ee)

running 7 tests
test budget_exceeded_checkpoints_and_stops ... ok
test gateway_cancel_mid_run_leaves_progress_intact ... ok
test gateway_redirect_mid_run_retargets_without_losing_history ... ok
test independent_mode_catches_every_false_completion ... ok
test hybrid_mode_catches_false_completion_but_passes_honest_work ... ok
test independent_mode_still_passes_honest_work ... ok
test self_mode_accepts_a_false_completion_and_it_is_counted ... ok

test result: ok. 7 passed; 0 failed; 0 ignored; 0 measured; 0 filtered out; finished in 0.31s

     Running tests/tool_cost_red.rs (target/debug/deps/tool_cost_red-233b85957ac36e65)

running 1 test
test tool_call_events_carry_their_cost_in_the_canonical_field ... ok

test result: ok. 1 passed; 0 failed; 0 ignored; 0 measured; 0 filtered out; finished in 0.04s

     Running unittests src/lib.rs (target/debug/deps/hs_hashline-9f80d489870316c1)

running 157 tests
test anchor::tests::generate_for_content_roundtrip ... ok
test anchor::tests::find_shifted_in_content_found ... ok
test anchor::tests::split_lines_basic ... ok
test anchor::tests::split_lines_empty ... ok
test anchor::tests::split_lines_single_newline ... ok
test anchor::tests::split_lines_trailing_newline ... ok
test anchor::tests::validate_against_content_stale ... ok
test anchor::tests::validate_against_content_valid ... ok
test config::tests::chunk_size_zero_rejected ... ok
test config::tests::content_only_builds ... ok
test config::tests::content_only_ignores_chunk_size ... ok
test config::tests::custom_chunk_params ... ok
test config::tests::default_builds_chunk_scheme ... ok
test config::tests::deserializes_from_json ... ok
test config::tests::hash_len_five_rejected ... ok
test config::tests::hash_len_zero_rejected ... ok
test config::tests::render_description_chunk_3 ... ok
test config::tests::render_description_content_only_2 ... ok
test config::tests::render_does_not_panic_on_invalid_hash_len ... ok
test config::tests::render_grep_examples_chunk ... ok
test config::tests::render_grep_examples_content_only ... ok
test config::tests::unknown_scheme_rejected ... ok
test edit::apply::tests::arrow_content_stripped_from_anchor ... ok
test edit::apply::tests::ambiguous_recovery_with_repetitive_content ... ok
test edit::apply::tests::batch_ordering_bottom_up ... ok
test edit::apply::tests::batch_overlap_identifies_conflicting_edits ... ok
test edit::apply::tests::batch_stale_anchor_rejects_all_and_identifies_failing_edit ... ok
test edit::apply::tests::delete_via_empty_content ... ok
test edit::apply::tests::detect_anchor_prefix_in_content_works ... ok
test edit::apply::tests::edit_details_empty_for_write_op ... ok
test edit::apply::tests::edit_details_empty_on_error ... ok
test edit::apply::tests::deterministic_shifted_recovery_with_full_anchor ... ok
test edit::apply::tests::edit_details_for_delete_has_empty_new_text ... ok
test edit::apply::tests::edit_details_for_insert_has_empty_old_text ... ok
test edit::apply::tests::edit_details_for_multi_edit_with_shift ... ok
test edit::apply::tests::edit_details_for_range_replace_captures_full_range ... ok
test edit::apply::tests::edit_details_for_single_replace ... ok
test edit::apply::tests::end_before_start_error ... ok
test edit::apply::tests::eof_insert_no_extra_blank_line_trailing_newline ... ok
test edit::apply::tests::eof_insert_no_trailing_newline ... ok
test edit::apply::tests::format_hint_chunk_scheme_shows_two_hashes ... ok
test edit::apply::tests::format_hint_content_only_scheme_shows_single_hash ... ok
test edit::apply::tests::format_hint_respects_hash_len ... ok
test edit::apply::tests::format_hint_used_in_malformed_anchor_error ... ok
test edit::apply::tests::hash_only_anchor_recovered_when_unique ... ok
test edit::apply::tests::hash_only_anchor_rejected_when_ambiguous ... ok
test edit::apply::tests::hash_only_anchor_rejected_when_no_match ... ok
test edit::apply::tests::insert_after_anchor ... ok
test edit::apply::tests::insert_after_bof ... ok
test edit::apply::tests::insert_after_empty_content_inserts_blank_line ... ok
test edit::apply::tests::insert_after_eof ... ok
test edit::apply::tests::insert_after_rejects_content_with_anchor_prefix ... ok
test edit::apply::tests::edit_details_for_scattered_edits_are_compact ... ok
test edit::apply::tests::insert_at_exclusive_end_of_replace_range_allowed ... ok
test edit::apply::tests::insert_at_start_of_replace_range_rejected ... ok
test edit::apply::tests::insert_before_replace_range_allowed ... ok
test edit::apply::tests::insert_inside_replace_range_rejected ... ok
test edit::apply::tests::malformed_anchor_error ... ok
test edit::apply::tests::large_range_produces_warning ... ok
test edit::apply::tests::medium_range_warns ... ok
test edit::apply::tests::nearby_batch_produces_contiguous_snippet ... ok
test edit::apply::tests::no_recovery_when_content_changed ... ok
test edit::apply::tests::out_of_range_anchor_error ... ok
test edit::apply::tests::overlapping_edits_error ... ok
test edit::apply::tests::point_replace ... ok
test edit::apply::tests::range_replace ... ok
test edit::apply::tests::replace_rejects_content_with_anchor_prefix ... ok
test edit::apply::tests::same_anchor_inserts_preserve_request_order ... ok
test edit::apply::tests::scattered_batch_produces_per_region_snippets ... ok
test edit::apply::tests::shifted_anchor_is_usable ... ok
test edit::apply::tests::shifted_recovery_after_delete_above ... ok
test edit::apply::tests::scattered_mixed_ops_delete_insert_replace ... ok
test edit::apply::tests::shifted_recovery_after_insert_above ... ok
test edit::apply::tests::small_range_no_warning ... ok
test edit::apply::tests::snippet_has_fresh_anchors ... ok
test edit::apply::tests::stale_anchor_error ... ok
test edit::apply::tests::stale_error_has_context_snippet ... ok
test edit::apply::tests::success_includes_scheme_name ... ok
test edit::apply::tests::write_rejects_content_with_anchor_prefix ... ok
test edit::apply::tests::write_replaces_entire_file ... ok
test edit::range_policy::tests::classification ... ok
test edit::range_policy::tests::empty_range_no_warning ... ok
test edit::range_policy::tests::large_range_warns ... ok
test edit::range_policy::tests::medium_range_warns ... ok
test edit::range_policy::tests::small_range_no_warning ... ok
test edit::types::tests::deserialize_edits_from_array ... ok
test edit::types::tests::deserialize_edits_from_bare_object ... ok
test edit::types::tests::deserialize_edits_from_double_encoded_empty_array ... ok
test edit::types::tests::deserialize_edits_from_double_encoded_string ... ok
test edit::types::tests::deserialize_edits_rejects_non_array_string ... ok
test edit::types::tests::deserialize_edits_rejects_number ... ok
test hash::tests::encode_hash_deterministic ... ok
test hash::tests::encode_hash_different_hashes_differ ... ok
test hash::tests::encode_hash_length ... ok
test hash::tests::encode_hash_lowercase_letters ... ok
test hash::tests::encode_hash_zero_len_panics - should panic ... ok
test hash::tests::encode_hash_five_len_panics - should panic ... ok
test hash::tests::fnv1a_32_deterministic ... ok
test hash::tests::fnv1a_32_different_inputs_differ ... ok
test hash::tests::fnv1a_32_empty ... ok
test hash::tests::line_hash_content_changes_differ ... ok
test hash::tests::line_hash_deterministic ... ok
test hash::tests::line_hash_empty_line ... ok
test hash::tests::line_hash_preserves_token_boundaries ... ok
test hash::tests::line_hash_whitespace_normalization_indentation ... ok
test hash::tests::line_hash_whitespace_normalization_internal_collapse ... ok
test hash::tests::line_hash_whitespace_normalization_trailing ... ok
test mutate::tests::boilerplate_insert ... ok
test mutate::tests::delete_past_end_clamped ... ok
test mutate::tests::delete_lines ... ok
test mutate::tests::edit_line ... ok
test mutate::tests::insert_at_end ... ok
test mutate::tests::insert_lines_above ... ok
test mutate::tests::range_rewrite ... ok
test mutate::tests::range_rewrite_expand ... ok
test mutate::tests::reindent_line ... ok
test scheme::tests::anchor_render_with_context ... ok
test scheme::tests::anchor_render_without_context ... ok
test scheme::tests::checkpoint_ambiguity_less_likely_with_repeated_lines ... ok
test scheme::tests::checkpoint_detects_upstream_edit ... ok
test scheme::tests::checkpoint_deterministic ... ok
test scheme::tests::checkpoint_find_shifted_after_insert_above ... ok
test scheme::tests::checkpoint_generates_context ... ok
test scheme::tests::checkpoint_invalid_hash_len - should panic ... ok
test scheme::tests::checkpoint_invalid_interval - should panic ... ok
test scheme::tests::checkpoint_rejects_anchor_without_context ... ok
test scheme::tests::checkpoint_validates_correct_anchor ... ok
test scheme::tests::chunk_ambiguity_with_repeated_lines ... ok
test scheme::tests::chunk_detects_stale_from_same_chunk_edit ... ok
test scheme::tests::chunk_deterministic ... ok
test scheme::tests::chunk_different_chunks_may_differ ... ok
test scheme::tests::chunk_find_shifted_after_insert_above ... ok
test scheme::tests::chunk_generates_context ... ok
test scheme::tests::chunk_invalid_chunk_size - should panic ... ok
test scheme::tests::chunk_invalid_hash_len - should panic ... ok
test scheme::tests::chunk_rejects_anchor_without_context ... ok
test scheme::tests::chunk_same_chunk_same_context ... ok
test scheme::tests::chunk_validates_correct_anchor ... ok
test scheme::tests::content_only_anchors_have_no_context ... ok
test scheme::tests::content_only_detects_stale_anchor ... ok
test scheme::tests::content_only_deterministic ... ok
test scheme::tests::content_only_generates_correct_count ... ok
test scheme::tests::content_only_invalid_hash_len_five - should panic ... ok
test scheme::tests::content_only_invalid_hash_len_zero - should panic ... ok
test scheme::tests::content_only_line_numbers_1based ... ok
test scheme::tests::content_only_out_of_range ... ok
test scheme::tests::content_only_survives_indentation_change ... ok
test scheme::tests::content_only_validates_correct_anchor ... ok
test scheme::tests::custom_hash_len_2 ... ok
test scheme::tests::find_shifted_after_insert_above ... ok
test scheme::tests::find_shifted_ambiguous_with_repeated_lines ... ok
test scheme::tests::find_shifted_not_found ... ok
test scheme::tests::parse_anchor_rejects_malformed ... ok
test scheme::tests::parse_anchor_roundtrip ... ok
test scheme::tests::parse_anchor_three_parts ... ok
test scheme::tests::parse_anchor_two_parts ... ok
test scheme::tests::scheme_names ... ok

test result: ok. 157 passed; 0 failed; 0 ignored; 0 measured; 0 filtered out; finished in 0.01s

     Running tests/eof_insert_empty_file_red.rs (target/debug/deps/eof_insert_empty_file_red-e59828eb456a7a0b)

running 1 test
test insert_after_eof_on_empty_file_has_no_leading_blank_line ... ok

test result: ok. 1 passed; 0 failed; 0 ignored; 0 measured; 0 filtered out; finished in 0.00s

     Running unittests src/lib.rs (target/debug/deps/hs_kernel-c45da9a886a68ebd)

running 0 tests

test result: ok. 0 passed; 0 failed; 0 ignored; 0 measured; 0 filtered out; finished in 0.00s

     Running unittests src/bin/hs-fixture-plugin.rs (target/debug/deps/hs_fixture_plugin-af9e86c763639aba)

running 0 tests

test result: ok. 0 passed; 0 failed; 0 ignored; 0 measured; 0 filtered out; finished in 0.00s

     Running tests/kernel_behavior.rs (target/debug/deps/kernel_behavior-9e5995233e7d3056)

running 14 tests
test calls_are_recorded_in_the_event_log ... ok
test config_loads_and_describes_plugins ... ok
test crashed_plugin_process_is_restarted ... ok
test describe_mismatch_is_rejected ... ok
test dropping_kernel_reaps_idle_tool_process ... ok
test hot_reload_adds_capability_without_restart ... ok
test lifecycle_pairs_have_ids_parents_and_error_ends ... ok
test model_call_returns_completion_counts_and_cost ... ok
test rail_failure_is_contained_and_logged ... ok
test rails_fire_in_priority_order_with_name_tiebreak ... ok
test tool_call_executes_and_returns_output ... ok
test tool_call_stamps_mission_run_dir ... ok
test unknown_tool_error_suggests_the_closest_valid_name ... ok
test visibility_gating_filters_by_subject ... ok

test result: ok. 14 passed; 0 failed; 0 ignored; 0 measured; 0 filtered out; finished in 0.39s

     Running tests/reload_semantics_red.rs (target/debug/deps/reload_semantics_red-505a1ab5f940d1dc)

running 3 tests
test hot_reload_respawns_when_a_command_changes ... ok
test removed_plugin_process_reaps_itself_on_stdin_eof ... ok
test tool_cost_lands_in_the_canonical_event_field ... ok

test result: ok. 3 passed; 0 failed; 0 ignored; 0 measured; 0 filtered out; finished in 0.94s

     Running tests/stderr_eof_red.rs (target/debug/deps/stderr_eof_red-131cabc95f7861cd)

running 1 test
test dead_plugins_stderr_tail_reaches_the_error ... ok

test result: ok. 1 passed; 0 failed; 0 ignored; 0 measured; 0 filtered out; finished in 0.02s

     Running tests/supervisor_red.rs (target/debug/deps/supervisor_red-6a7eae5b583b2b60)

running 5 tests
test app_errors_never_strike_and_never_kill_the_process ... ok
test crashed_plugin_recovers_and_serves ... ok
test dead_plugin_errors_with_name_and_bounded_attempts ... ok
test failed_out_slot_recovers_when_plugin_returns ... ok
test hung_plugin_is_killed_by_lease ... ok

test result: ok. 5 passed; 0 failed; 0 ignored; 0 measured; 0 filtered out; finished in 3.02s

     Running tests/wedge_visibility_red.rs (target/debug/deps/wedge_visibility_red-b6ad6c91fcd719d4)

running 2 tests
test plugin_stderr_is_captured_under_log_root ... ok
test wedged_call_is_logged_in_flight_before_lease_expiry ... ok

test result: ok. 2 passed; 0 failed; 0 ignored; 0 measured; 0 filtered out; finished in 24.06s

     Running unittests src/lib.rs (target/debug/deps/hs_log-c0817df7aca39861)

running 0 tests

test result: ok. 0 passed; 0 failed; 0 ignored; 0 measured; 0 filtered out; finished in 0.00s

     Running tests/log_behavior.rs (target/debug/deps/log_behavior-506e77dcb7269108)

running 7 tests
test append_assigns_seq_chain_and_hash ... ok
test clean_resume_continues_chain_without_rewrite ... ok
test deleted_and_bitflipped_blobs_are_caught ... ok
test corruption_is_caught_at_exact_seq ... ok
test deleted_middle_event_breaks_the_chain ... ok
test large_payload_is_stored_by_hash_and_reads_back ... ok
test torn_tail_from_kill_is_truncated_on_resume ... ok

test result: ok. 7 passed; 0 failed; 0 ignored; 0 measured; 0 filtered out; finished in 0.03s

     Running tests/log_red.rs (target/debug/deps/log_red-2aa1b18f5d28f114)

running 1 test
test write_blobs_bulk_roundtrips_and_dedups ... ok

test result: ok. 1 passed; 0 failed; 0 ignored; 0 measured; 0 filtered out; finished in 0.10s

     Running tests/resume_lock_regression.rs (target/debug/deps/resume_lock_regression-fb7c960f42692161)

running 1 test
test held_stream_cannot_be_truncated_during_resume ... ok

test result: ok. 1 passed; 0 failed; 0 ignored; 0 measured; 0 filtered out; finished in 0.01s

     Running tests/stream_registry_red.rs (target/debug/deps/stream_registry_red-73b9878fd46e1359)

running 2 tests
test v2_roles_are_path_safe_names_only ... ok
test v1_register_and_discover_a_stream_by_role ... ok

test result: ok. 2 passed; 0 failed; 0 ignored; 0 measured; 0 filtered out; finished in 0.00s

     Running unittests src/lib.rs (target/debug/deps/hs_loop-b879257885ee7b0c)

running 2 tests
test dshjobs::io_tests::framed_production_drain_reports_spill_failure ... ok
test dshjobs::io_tests::missing_payload_status_cannot_be_success ... ok

test result: ok. 2 passed; 0 failed; 0 ignored; 0 measured; 0 filtered out; finished in 0.00s

     Running unittests src/bin/hs-loopfix.rs (target/debug/deps/hs_loopfix-db3365fb5190b3ce)

running 0 tests

test result: ok. 0 passed; 0 failed; 0 ignored; 0 measured; 0 filtered out; finished in 0.00s

     Running unittests src/bin/hs-mcp-fixture.rs (target/debug/deps/hs_mcp_fixture-3787962c68e15eb7)

running 0 tests

test result: ok. 0 passed; 0 failed; 0 ignored; 0 measured; 0 filtered out; finished in 0.00s

     Running unittests src/bin/hs-meta-harness.rs (target/debug/deps/hs_meta_harness-df4288caeb08d247)

running 0 tests

test result: ok. 0 passed; 0 failed; 0 ignored; 0 measured; 0 filtered out; finished in 0.00s

     Running unittests src/bin/hs-plugin-agentlist.rs (target/debug/deps/hs_plugin_agentlist-0fc84a8ad7842589)

running 0 tests

test result: ok. 0 passed; 0 failed; 0 ignored; 0 measured; 0 filtered out; finished in 0.00s

     Running unittests src/bin/hs-plugin-agentsend.rs (target/debug/deps/hs_plugin_agentsend-f9fb67611785ef18)

running 0 tests

test result: ok. 0 passed; 0 failed; 0 ignored; 0 measured; 0 filtered out; finished in 0.00s

     Running unittests src/bin/hs-plugin-agentstop.rs (target/debug/deps/hs_plugin_agentstop-8f81a446c760699e)

running 0 tests

test result: ok. 0 passed; 0 failed; 0 ignored; 0 measured; 0 filtered out; finished in 0.00s

     Running unittests src/bin/hs-plugin-answer.rs (target/debug/deps/hs_plugin_answer-beb6ef4ea3efa83d)

running 0 tests

test result: ok. 0 passed; 0 failed; 0 ignored; 0 measured; 0 filtered out; finished in 0.00s

     Running unittests src/bin/hs-plugin-answersubmit.rs (target/debug/deps/hs_plugin_answersubmit-3bbaf7cea51497f4)

running 0 tests

test result: ok. 0 passed; 0 failed; 0 ignored; 0 measured; 0 filtered out; finished in 0.00s

     Running unittests src/bin/hs-plugin-applypatch.rs (target/debug/deps/hs_plugin_applypatch-c33a4ab395a14d1c)

running 0 tests

test result: ok. 0 passed; 0 failed; 0 ignored; 0 measured; 0 filtered out; finished in 0.00s

     Running unittests src/bin/hs-plugin-askuser.rs (target/debug/deps/hs_plugin_askuser-8fd8683d407e824a)

running 0 tests

test result: ok. 0 passed; 0 failed; 0 ignored; 0 measured; 0 filtered out; finished in 0.00s

     Running unittests src/bin/hs-plugin-benchmodel.rs (target/debug/deps/hs_plugin_benchmodel-db4a892efc743d19)

running 0 tests

test result: ok. 0 passed; 0 failed; 0 ignored; 0 measured; 0 filtered out; finished in 0.00s

     Running unittests src/bin/hs-plugin-bigread.rs (target/debug/deps/hs_plugin_bigread-9525b638ab6621eb)

running 0 tests

test result: ok. 0 passed; 0 failed; 0 ignored; 0 measured; 0 filtered out; finished in 0.00s

     Running unittests src/bin/hs-plugin-checker.rs (target/debug/deps/hs_plugin_checker-d70be602a7065764)

running 0 tests

test result: ok. 0 passed; 0 failed; 0 ignored; 0 measured; 0 filtered out; finished in 0.00s

     Running unittests src/bin/hs-plugin-critic.rs (target/debug/deps/hs_plugin_critic-19663930b408d548)

running 0 tests

test result: ok. 0 passed; 0 failed; 0 ignored; 0 measured; 0 filtered out; finished in 0.00s

     Running unittests src/bin/hs-plugin-deepseek.rs (target/debug/deps/hs_plugin_deepseek-2dc54fc0e1cedb2f)

running 0 tests

test result: ok. 0 passed; 0 failed; 0 ignored; 0 measured; 0 filtered out; finished in 0.00s

     Running unittests src/bin/hs-plugin-editanchor.rs (target/debug/deps/hs_plugin_editanchor-c4ec0a3f841448c3)

running 0 tests

test result: ok. 0 passed; 0 failed; 0 ignored; 0 measured; 0 filtered out; finished in 0.00s

     Running unittests src/bin/hs-plugin-editapply.rs (target/debug/deps/hs_plugin_editapply-4e54ef5f3b7689fc)

running 0 tests

test result: ok. 0 passed; 0 failed; 0 ignored; 0 measured; 0 filtered out; finished in 0.00s

     Running unittests src/bin/hs-plugin-fileread.rs (target/debug/deps/hs_plugin_fileread-4fb6218afcb87610)

running 0 tests

test result: ok. 0 passed; 0 failed; 0 ignored; 0 measured; 0 filtered out; finished in 0.00s

     Running unittests src/bin/hs-plugin-gatemodel.rs (target/debug/deps/hs_plugin_gatemodel-01cb3b0056025630)

running 0 tests

test result: ok. 0 passed; 0 failed; 0 ignored; 0 measured; 0 filtered out; finished in 0.00s

     Running unittests src/bin/hs-plugin-glm.rs (target/debug/deps/hs_plugin_glm-8c599151af0b15b7)

running 0 tests

test result: ok. 0 passed; 0 failed; 0 ignored; 0 measured; 0 filtered out; finished in 0.00s

     Running unittests src/bin/hs-plugin-glob.rs (target/debug/deps/hs_plugin_glob-3112eeaf61550ac0)

running 0 tests

test result: ok. 0 passed; 0 failed; 0 ignored; 0 measured; 0 filtered out; finished in 0.00s

     Running unittests src/bin/hs-plugin-goaltool.rs (target/debug/deps/hs_plugin_goaltool-990050650690c198)

running 0 tests

test result: ok. 0 passed; 0 failed; 0 ignored; 0 measured; 0 filtered out; finished in 0.00s

     Running unittests src/bin/hs-plugin-jobs.rs (target/debug/deps/hs_plugin_jobs-ad723958e364ec09)

running 0 tests

test result: ok. 0 passed; 0 failed; 0 ignored; 0 measured; 0 filtered out; finished in 0.00s

     Running unittests src/bin/hs-plugin-liechecker.rs (target/debug/deps/hs_plugin_liechecker-76103a863339682c)

running 0 tests

test result: ok. 0 passed; 0 failed; 0 ignored; 0 measured; 0 filtered out; finished in 0.00s

     Running unittests src/bin/hs-plugin-mcpcall.rs (target/debug/deps/hs_plugin_mcpcall-4b0e711217244d9c)

running 0 tests

test result: ok. 0 passed; 0 failed; 0 ignored; 0 measured; 0 filtered out; finished in 0.00s

     Running unittests src/bin/hs-plugin-notescratch.rs (target/debug/deps/hs_plugin_notescratch-4a16e1a8e52c5c1c)

running 0 tests

test result: ok. 0 passed; 0 failed; 0 ignored; 0 measured; 0 filtered out; finished in 0.00s

     Running unittests src/bin/hs-plugin-plan.rs (target/debug/deps/hs_plugin_plan-98e3510b808af8e8)

running 0 tests

test result: ok. 0 passed; 0 failed; 0 ignored; 0 measured; 0 filtered out; finished in 0.00s

     Running unittests src/bin/hs-plugin-policy.rs (target/debug/deps/hs_plugin_policy-134550c8bc9ffa69)

running 0 tests

test result: ok. 0 passed; 0 failed; 0 ignored; 0 measured; 0 filtered out; finished in 0.00s

     Running unittests src/bin/hs-plugin-present.rs (target/debug/deps/hs_plugin_present-1ca672506ae232fe)

running 0 tests

test result: ok. 0 passed; 0 failed; 0 ignored; 0 measured; 0 filtered out; finished in 0.00s

     Running unittests src/bin/hs-plugin-probe.rs (target/debug/deps/hs_plugin_probe-4725ebf8d5cd1502)

running 0 tests

test result: ok. 0 passed; 0 failed; 0 ignored; 0 measured; 0 filtered out; finished in 0.00s

     Running unittests src/bin/hs-plugin-provmodel.rs (target/debug/deps/hs_plugin_provmodel-3e5af2030326d3b5)

running 0 tests

test result: ok. 0 passed; 0 failed; 0 ignored; 0 measured; 0 filtered out; finished in 0.00s

     Running unittests src/bin/hs-plugin-readimage.rs (target/debug/deps/hs_plugin_readimage-41fa5f9aa43b2ca7)

running 0 tests

test result: ok. 0 passed; 0 failed; 0 ignored; 0 measured; 0 filtered out; finished in 0.00s

     Running unittests src/bin/hs-plugin-recmodel.rs (target/debug/deps/hs_plugin_recmodel-4f4a954f79cea49d)

running 0 tests

test result: ok. 0 passed; 0 failed; 0 ignored; 0 measured; 0 filtered out; finished in 0.00s

     Running unittests src/bin/hs-plugin-repoexec.rs (target/debug/deps/hs_plugin_repoexec-24140c3045329305)

running 0 tests

test result: ok. 0 passed; 0 failed; 0 ignored; 0 measured; 0 filtered out; finished in 0.00s

     Running unittests src/bin/hs-plugin-reposearch.rs (target/debug/deps/hs_plugin_reposearch-b1ae73581ee3b4ee)

running 0 tests

test result: ok. 0 passed; 0 failed; 0 ignored; 0 measured; 0 filtered out; finished in 0.00s

     Running unittests src/bin/hs-plugin-schedule.rs (target/debug/deps/hs_plugin_schedule-32b7b27d147ffa90)

running 0 tests

test result: ok. 0 passed; 0 failed; 0 ignored; 0 measured; 0 filtered out; finished in 0.00s

     Running unittests src/bin/hs-plugin-scripted.rs (target/debug/deps/hs_plugin_scripted-cc5f51657f672c22)

running 0 tests

test result: ok. 0 passed; 0 failed; 0 ignored; 0 measured; 0 filtered out; finished in 0.00s

     Running unittests src/bin/hs-plugin-selfcheck.rs (target/debug/deps/hs_plugin_selfcheck-df937cabc1d210e4)

running 0 tests

test result: ok. 0 passed; 0 failed; 0 ignored; 0 measured; 0 filtered out; finished in 0.00s

     Running unittests src/bin/hs-plugin-seqmodel.rs (target/debug/deps/hs_plugin_seqmodel-6097f2c3966e106d)

running 0 tests

test result: ok. 0 passed; 0 failed; 0 ignored; 0 measured; 0 filtered out; finished in 0.00s

     Running unittests src/bin/hs-plugin-shell-supervisor.rs (target/debug/deps/hs_plugin_shell_supervisor-8ac5d05d4b3b1aae)

running 0 tests

test result: ok. 0 passed; 0 failed; 0 ignored; 0 measured; 0 filtered out; finished in 0.00s

     Running unittests src/bin/hs-plugin-speak.rs (target/debug/deps/hs_plugin_speak-d47f1d7989f4063b)

running 0 tests

test result: ok. 0 passed; 0 failed; 0 ignored; 0 measured; 0 filtered out; finished in 0.00s

     Running unittests src/bin/hs-plugin-swecheck.rs (target/debug/deps/hs_plugin_swecheck-19bf192d8f22500c)

running 0 tests

test result: ok. 0 passed; 0 failed; 0 ignored; 0 measured; 0 filtered out; finished in 0.00s

     Running unittests src/bin/hs-plugin-sweexec.rs (target/debug/deps/hs_plugin_sweexec-a26d852fdb98f7d7)

running 0 tests

test result: ok. 0 passed; 0 failed; 0 ignored; 0 measured; 0 filtered out; finished in 0.00s

     Running unittests src/bin/hs-plugin-swemcp.rs (target/debug/deps/hs_plugin_swemcp-4f29144c840009bf)

running 0 tests

test result: ok. 0 passed; 0 failed; 0 ignored; 0 measured; 0 filtered out; finished in 0.00s

     Running unittests src/bin/hs-plugin-swemodel.rs (target/debug/deps/hs_plugin_swemodel-8b0fa16249a39094)

running 0 tests

test result: ok. 0 passed; 0 failed; 0 ignored; 0 measured; 0 filtered out; finished in 0.00s

     Running unittests src/bin/hs-plugin-swereader.rs (target/debug/deps/hs_plugin_swereader-021cff2be913bab1)

running 0 tests

test result: ok. 0 passed; 0 failed; 0 ignored; 0 measured; 0 filtered out; finished in 0.00s

     Running unittests src/bin/hs-plugin-termexec.rs (target/debug/deps/hs_plugin_termexec-faf65ae2b9b13a38)

running 0 tests

test result: ok. 0 passed; 0 failed; 0 ignored; 0 measured; 0 filtered out; finished in 0.00s

     Running unittests src/bin/hs-plugin-todo.rs (target/debug/deps/hs_plugin_todo-91c2b329ccdb56cc)

running 0 tests

test result: ok. 0 passed; 0 failed; 0 ignored; 0 measured; 0 filtered out; finished in 0.00s

     Running unittests src/bin/hs-plugin-vfmodel.rs (target/debug/deps/hs_plugin_vfmodel-9406b647dabfdccc)

running 0 tests

test result: ok. 0 passed; 0 failed; 0 ignored; 0 measured; 0 filtered out; finished in 0.00s

     Running unittests src/bin/hs-plugin-webfetch.rs (target/debug/deps/hs_plugin_webfetch-b4e5e03c53f7062c)

running 0 tests

test result: ok. 0 passed; 0 failed; 0 ignored; 0 measured; 0 filtered out; finished in 0.00s

     Running unittests src/bin/hs-plugin-websearch.rs (target/debug/deps/hs_plugin_websearch-5a99ee617d031ce2)

running 0 tests

test result: ok. 0 passed; 0 failed; 0 ignored; 0 measured; 0 filtered out; finished in 0.00s

     Running unittests src/bin/hs-plugin-workflow.rs (target/debug/deps/hs_plugin_workflow-730e5d2b0ce4f8eb)

running 0 tests

test result: ok. 0 passed; 0 failed; 0 ignored; 0 measured; 0 filtered out; finished in 0.00s

     Running unittests src/bin/hs-promote.rs (target/debug/deps/hs_promote-5175b32bc42a0606)

running 0 tests

test result: ok. 0 passed; 0 failed; 0 ignored; 0 measured; 0 filtered out; finished in 0.00s

     Running unittests src/bin/hs-repl.rs (target/debug/deps/hs_repl-4a06c3491b92b267)

running 1 test
test tui_bin_tests::resume_choice_maps_entry_to_stream ... ok

test result: ok. 1 passed; 0 failed; 0 ignored; 0 measured; 0 filtered out; finished in 0.01s

     Running unittests src/bin/hs-swe-run.rs (target/debug/deps/hs_swe_run-172e6537db45598b)

running 0 tests

test result: ok. 0 passed; 0 failed; 0 ignored; 0 measured; 0 filtered out; finished in 0.00s

     Running unittests src/bin/hs-tb-run.rs (target/debug/deps/hs_tb_run-e4029be9d9034523)

running 0 tests

test result: ok. 0 passed; 0 failed; 0 ignored; 0 measured; 0 filtered out; finished in 0.00s

     Running tests/agentctl_red.rs (target/debug/deps/agentctl_red-e986ae9b701e817b)

running 4 tests
test a2_send_appends_to_the_child_inbox_and_interrupt_sets_the_flag ... ok
test a1_list_reports_running_and_done_children ... ok
test a3_guards ... ok
test a4_wired ... ok

test result: ok. 4 passed; 0 failed; 0 ignored; 0 measured; 0 filtered out; finished in 0.00s

     Running tests/anchor_red.rs (target/debug/deps/anchor_red-955f6890e3268ce4)

running 6 tests
test anchor_insert_after_and_write_ops ... ok
test anchor_edits_then_submit_git_apply_clean ... ok
test anchor_rejects_escaping_paths ... ok
test anchor_replace_applies_and_returns_fresh_anchors_and_cumulative ... ok
test anchored_read_renders_line_hash_prefixes ... ok
test anchor_stale_or_wrong_named_error_candidate_untouched ... ok

test result: ok. 6 passed; 0 failed; 0 ignored; 0 measured; 0 filtered out; finished in 0.10s

     Running tests/answer_path_red.rs (target/debug/deps/answer_path_red-8914ad9bf29681a6)

running 2 tests
test answer_path_lives_under_the_session_project_root ... ok
test engine_mission_writes_its_answer_dir_inside_the_project_folder ... ok

test result: ok. 2 passed; 0 failed; 0 ignored; 0 measured; 0 filtered out; finished in 0.13s

     Running tests/answer_submit_inline_checks_red.rs (target/debug/deps/answer_submit_inline_checks_red-e0e9fb64431c5405)

running 6 tests
test declare_checks_persists_and_refuses_empty ... ok
test inline_checks_are_really_executed_no_bypass ... ok
test inline_checks_persisted_before_checker_and_mission_goes_green ... ok
test raw_schema_advertises_optional_checks ... ok
test submit_without_checks_still_refused ... ok
test ten_step_research_mission_shape_goes_green_within_the_original_cap ... ok

test result: ok. 6 passed; 0 failed; 0 ignored; 0 measured; 0 filtered out; finished in 1.43s

     Running tests/answer_submit_schema_red.rs (target/debug/deps/answer_submit_schema_red-beb913a496e0509c)

running 3 tests
test registry_path_serves_summary_in_raw_mode ... ok
test raw_mode_requires_summary ... ok
test swe_mode_stays_path_only ... ok

test result: ok. 3 passed; 0 failed; 0 ignored; 0 measured; 0 filtered out; finished in 0.00s

     Running tests/appback_red.rs (target/debug/deps/appback_red-bfe4d038ed7428dd)

running 11 tests
test a1_question_protocol_pending_then_answered ... ok
test a2_trajectory_counts_a_real_session ... ok
test a3_sessions_carry_title_and_age ... ok
test a4_slash_menu_lists_and_runs ... ok
test a6_plugins_list_from_config_and_settings_roundtrip ... ok
test browse_lists_only_visible_subfolders_sorted ... ok
test project_dir_setting_validates_and_persists ... ok
test project_status_flags_an_empty_folder_and_lists_a_populated_one ... ok
test switching_workspace_sets_the_project_folder_only_for_registered_ones ... ok
test workspaces_register_real_folders_dedupe_and_remove ... ok
test a5_queue_while_busy_runs_in_order ... ok

test result: ok. 11 passed; 0 failed; 0 ignored; 0 measured; 0 filtered out; finished in 0.24s

     Running tests/applypatch_red.rs (target/debug/deps/applypatch_red-f706c51d25d0d9c9)

running 6 tests
test answer_submit_empty_candidate_named_error_no_file_written ... ok
test edit_patch_add_and_delete_file ... ok
test answer_submit_writes_git_apply_clean_diff_including_new_files ... ok
test edit_patch_rejects_escaping_paths ... ok
test edit_patch_update_applies_to_candidate_and_returns_cumulative_diff ... ok
test edit_patch_wrong_context_named_error_candidate_untouched ... ok

test result: ok. 6 passed; 0 failed; 0 ignored; 0 measured; 0 filtered out; finished in 0.10s

     Running tests/argcoerce_red.rs (target/debug/deps/argcoerce_red-da92c57860cb06e3)

running 4 tests
test coerces_exact_string_scalars ... ok
test coerces_json_string_containers_and_nested_fields ... ok
test never_guesses_or_loses_information ... ok
test loop_coerces_string_args_before_dispatch ... ok

test result: ok. 4 passed; 0 failed; 0 ignored; 0 measured; 0 filtered out; finished in 0.04s

     Running tests/ask_user_red.rs (target/debug/deps/ask_user_red-68083b89011ff196)

running 3 tests
test a1_question_is_published_and_the_answer_comes_back ... ok
test a3_requires_a_question_and_is_wired ... ok
test a2_timeout_is_a_clean_error ... ok

test result: ok. 3 passed; 0 failed; 0 ignored; 0 measured; 0 filtered out; finished in 1.02s

     Running tests/assembler_red.rs (target/debug/deps/assembler_red-47ce8a49487ce054)

running 5 tests
test t1_no_context_wipe_50_steps ... ok
test d1_handoff_summary_four_elements ... ok
test t8_ledger_summary_bounded_at_200_steps ... ok
test w2_budget_from_verified_context ... ok
test t2_dup_read_flagged_with_prior_seq ... ok

test result: ok. 5 passed; 0 failed; 0 ignored; 0 measured; 0 filtered out; finished in 6.95s

     Running tests/assembler_utf8_red.rs (target/debug/deps/assembler_utf8_red-7cc8db7c93699e20)

running 2 tests
test assemble_messages_truncates_multibyte_content_without_panicking ... ok
test assemble_truncates_multibyte_line_without_panicking ... ok

test result: ok. 2 passed; 0 failed; 0 ignored; 0 measured; 0 filtered out; finished in 0.01s

     Running tests/assembly_probe.rs (target/debug/deps/assembly_probe-818e259f87ecfa2a)

running 1 test
test assembly_cost_vs_transcript_growth ... ok

test result: ok. 1 passed; 0 failed; 0 ignored; 0 measured; 0 filtered out; finished in 4.42s

     Running tests/autocompact_red.rs (target/debug/deps/autocompact_red-ba10578724270c1a)

running 1 test
test repl_compacts_at_the_configured_models_window ... ok

test result: ok. 1 passed; 0 failed; 0 ignored; 0 measured; 0 filtered out; finished in 0.17s

     Running tests/autocomplete_red.rs (target/debug/deps/autocomplete_red-3be9533e1aa31189)

running 3 tests
test r2_bare_colon_and_non_commands ... ok
test r1_command_prefix_completions ... ok
test r3_rustyline_completer_replaces_from_colon ... ok

test result: ok. 3 passed; 0 failed; 0 ignored; 0 measured; 0 filtered out; finished in 0.00s

     Running tests/best_of_n_red.rs (target/debug/deps/best_of_n_red-2e0f68d480005d55)

running 3 tests
test v2_strengthened_isolates_flip_the_envelope_verdict_to_lose ... ok
test v1_envelope_semantics_and_published_artifact ... ok
test v3_specialist_draw_flips_the_envelope_verdict_to_win ... ok

test result: ok. 3 passed; 0 failed; 0 ignored; 0 measured; 0 filtered out; finished in 7.49s

     Running tests/blind_mode_red.rs (target/debug/deps/blind_mode_red-7dab05953c72bf40)

running 2 tests
test b1_blind_mission_never_sees_f2p_and_grades_externally ... ok
test b2_blind_mission_with_failing_self_checks_does_not_pass ... ok

test result: ok. 2 passed; 0 failed; 0 ignored; 0 measured; 0 filtered out; finished in 0.44s

     Running tests/blob_scope_red.rs (target/debug/deps/blob_scope_red-dab98ba3ab23f2f4)

running 2 tests
test session_anchors_repo_tools_at_work_area_not_run_root ... ok
test repo_read_cannot_reach_harness_state_under_run_root ... ok

test result: ok. 2 passed; 0 failed; 0 ignored; 0 measured; 0 filtered out; finished in 0.08s

     Running tests/budget.rs (target/debug/deps/budget-86f8a8095d9ec377)

running 2 tests
test mission_is_killed_at_budget_cap ... ok
test mission_under_budget_runs_normally ... ok

test result: ok. 2 passed; 0 failed; 0 ignored; 0 measured; 0 filtered out; finished in 0.14s

     Running tests/budget_binding_red.rs (target/debug/deps/budget_binding_red-9ad7364133bf16b1)

running 3 tests
test explicit_set_budget_overrides_config ... ok
test session_without_budget_config_binds_no_cap ... ok
test session_binds_budget_from_config_run_stanza ... ok

test result: ok. 3 passed; 0 failed; 0 ignored; 0 measured; 0 filtered out; finished in 0.14s

     Running tests/budget_dual_red.rs (target/debug/deps/budget_dual_red-d58af0221d21d73d)

running 2 tests
test ledger_model_call_events_book_both_figures ... ok
test guard_binds_conservative_and_both_figures_book ... ok

test result: ok. 2 passed; 0 failed; 0 ignored; 0 measured; 0 filtered out; finished in 0.08s

     Running tests/budget_guard_mode_red.rs (target/debug/deps/budget_guard_mode_red-00c92efdabe72ff0)

running 4 tests
test kill_event_records_the_guard_that_fired ... ok
test default_mode_stays_conservative_for_benchmark_arms ... ok
test provider_mode_spares_mission_whose_real_spend_is_under_cap ... ok
test repl_sessions_arm_provider_reported_guard ... ok

test result: ok. 4 passed; 0 failed; 0 ignored; 0 measured; 0 filtered out; finished in 0.23s

     Running tests/candidate_artifact_red.rs (target/debug/deps/candidate_artifact_red-e059ea27e82aac34)

running 3 tests
test cumulative_diff_never_contains_eval_artifact ... ok
test artifact_state_stable_across_calls ... ok
test untracked_artifact_copy_stays_out_of_diff ... ok

test result: ok. 3 passed; 0 failed; 0 ignored; 0 measured; 0 filtered out; finished in 0.06s

     Running tests/cap_change_red.rs (target/debug/deps/cap_change_red-f16e6c4528ff613f)

running 2 tests
test c1_model_picker_books_capability_change ... ok
test c2_one_live_writer_per_stream ... ok

test result: ok. 2 passed; 0 failed; 0 ignored; 0 measured; 0 filtered out; finished in 0.10s

     Running tests/caps_default_red.rs (target/debug/deps/caps_default_red-8417aeae70b6051e)

running 4 tests
test fresh_rig_arms_no_caps ... ok
test setup_caps_answers_apply_to_config ... ok
test caps_off_disarms_and_persists ... ok
test whole_dollar_budget_survives_restart ... ok

test result: ok. 4 passed; 0 failed; 0 ignored; 0 measured; 0 filtered out; finished in 0.15s

     Running tests/caps_persist_red.rs (target/debug/deps/caps_persist_red-8fba2174ad3fd191)

running 5 tests
test config_cap_readers ... ok
test explicit_cli_max_steps_beats_config ... ok
test persisted_caps_arm_on_load ... ok
test toml_upsert_creates_replaces_and_preserves ... ok
test set_cap_persists_and_survives_reload ... ok

test result: ok. 5 passed; 0 failed; 0 ignored; 0 measured; 0 filtered out; finished in 0.12s

     Running tests/checker_cost_red.rs (target/debug/deps/checker_cost_red-8495473ecb318d71)

running 1 test
test checker_cost_is_booked_once_and_survives_session_resume ... ok

test result: ok. 1 passed; 0 failed; 0 ignored; 0 measured; 0 filtered out; finished in 0.05s

     Running tests/checker_idempotent_red.rs (target/debug/deps/checker_idempotent_red-d910097314e672d3)

running 2 tests
test rejudge_same_answer_stays_green ... ok
test failed_attempt_leaves_no_untracked_residue ... ok

test result: ok. 2 passed; 0 failed; 0 ignored; 0 measured; 0 filtered out; finished in 0.05s

     Running tests/compact_red.rs (target/debug/deps/compact_red-451b44fc52cb83aa)

running 3 tests
test c1_forced_compact_shrinks_budget_unforced_does_not ... ok
test c3_compact_is_a_repl_command ... ok
test c2_request_is_one_shot_state ... ok

test result: ok. 3 passed; 0 failed; 0 ignored; 0 measured; 0 filtered out; finished in 0.03s

     Running tests/compaction_red.rs (target/debug/deps/compaction_red-4f8372712e0f947a)

running 2 tests
test no_pressure_no_compaction ... ok
test pressure_compacts_oldest_with_audit_refs_and_records_context_inject ... ok

test result: ok. 2 passed; 0 failed; 0 ignored; 0 measured; 0 filtered out; finished in 0.20s

     Running tests/context_verify_red.rs (target/debug/deps/context_verify_red-2d6d415a044304b7)

running 1 test
test v1_pressure_compaction_is_booked_with_why_and_source_range ... ok

test result: ok. 1 passed; 0 failed; 0 ignored; 0 measured; 0 filtered out; finished in 0.17s

     Running tests/critic_key_red.rs (target/debug/deps/critic_key_red-176981f5261e0a39)

running 2 tests
test critic_key_falls_back_to_config_dir ... ok
test critic_error_names_setup_when_no_key ... ok

test result: ok. 2 passed; 0 failed; 0 ignored; 0 measured; 0 filtered out; finished in 0.00s

     Running tests/critic_no_call_kill_red.rs (target/debug/deps/critic_no_call_kill_red-360390424bd5bb12)

running 1 test
test slow_critic_response_survives_old_watchdog ... ok

test result: ok. 1 passed; 0 failed; 0 ignored; 0 measured; 0 filtered out; finished in 1.24s

     Running tests/critic_red.rs (target/debug/deps/critic_red-0af9b4e84e777c4b)

running 20 tests
test critic_parse_retry_twice_unparseable_fails_closed ... ok
test critic_records_paired_model_scopes_even_on_error ... ok
test t10_critic_mode_prompt_discloses_critic ... ok
test critic_parse_retry_recovers_verdict ... ok
test t11_critic_refutes_special_casing_and_author_is_told ... ok
test t7_critic_refutation_blocks_green_author_checks ... ok
test t11_critic_model_env_selection ... ok
test t8_critic_clean_lets_green_mission_pass ... ok
test u1_refuted_fails_with_reason ... ok
test u2_clean_verdict_passes ... ok
test u3_tool_calls_execute_and_feed_back ... ok
test u4_step_cap_fails_closed ... ok
test u4b_final_step_is_reserved_for_verdict ... ok
test u4c_final_step_refusing_verdict_terminates_cleanly ... ok
test u5_malformed_verdict_fails_closed ... ok
test u6_model_error_fails_closed ... ok
test u7_critic_model_selection ... ok
test u8_clean_verdict_without_probes_fails_closed ... ok
test u9_refuted_verdict_without_probes_still_fails ... ok
test t9_red_author_checks_never_reach_critic ... ok

test result: ok. 20 passed; 0 failed; 0 ignored; 0 measured; 0 filtered out; finished in 0.80s

     Running tests/critic_shell_red.rs (target/debug/deps/critic_shell_red-ec138239ab755736)

running 7 tests
test r1_readonly_refuses_mutation ... FAILED
test r2_readonly_reads_task_files ... FAILED
test r3_readonly_tmp_scratch_works ... FAILED
test r4_prompt_matches_mechanism ... ok
test r5_critic_loop_cannot_mutate_submission ... ok
test r6_readonly_fails_closed_without_root ... ok
test p1_premise_root_surface_could_mutate ... ok

failures:

---- r1_readonly_refuses_mutation stdout ----

thread 'r1_readonly_refuses_mutation' (667134) panicked at crates/hs-loop/tests/critic_shell_red.rs:49:5:
assertion `left != right` failed: write must fail: {"$error":"run_readonly requires root to drop privileges (setuid nobody); refusing to run unenforced"}
  left: 0
 right: 0
note: run with `RUST_BACKTRACE=1` environment variable to display a backtrace

---- r2_readonly_reads_task_files stdout ----

thread 'r2_readonly_reads_task_files' (667136) panicked at crates/hs-loop/tests/critic_shell_red.rs:66:5:
assertion `left == right` failed: {"$error":"run_readonly requires root to drop privileges (setuid nobody); refusing to run unenforced"}
  left: Null
 right: 0

---- r3_readonly_tmp_scratch_works stdout ----

thread 'r3_readonly_tmp_scratch_works' (667137) panicked at crates/hs-loop/tests/critic_shell_red.rs:81:5:
assertion `left == right` failed: {"$error":"run_readonly requires root to drop privileges (setuid nobody); refusing to run unenforced"}
  left: Null
 right: 0


failures:
    r1_readonly_refuses_mutation
    r2_readonly_reads_task_files
    r3_readonly_tmp_scratch_works

test result: FAILED. 4 passed; 3 failed; 0 ignored; 0 measured; 0 filtered out; finished in 0.05s

error: test failed, to rerun pass `-p hs-loop --test critic_shell_red`
     Running tests/critic_tui_red.rs (target/debug/deps/critic_tui_red-6df4bc1dfbaede16)

running 2 tests
test close_books_intervention_detection_repair_accounting ... ok
test tui_default_path_runs_independent_critic_and_records_mode ... ok

test result: ok. 2 passed; 0 failed; 0 ignored; 0 measured; 0 filtered out; finished in 0.56s

     Running tests/critic_usage_red.rs (target/debug/deps/critic_usage_red-9139ec838e89dafb)

running 1 test
test critic_rounds_book_exact_usage_and_end_time ... ok

test result: ok. 1 passed; 0 failed; 0 ignored; 0 measured; 0 filtered out; finished in 0.00s

     Running tests/critic_wire_max_tokens_red.rs (target/debug/deps/critic_wire_max_tokens_red-44b076551cbfb4a8)

running 2 tests
test critic_requests_full_flash_output_budget_on_wire ... ok
test messages_critic_preserves_native_parallel_history_and_served_identity ... ok

test result: ok. 2 passed; 0 failed; 0 ignored; 0 measured; 0 filtered out; finished in 0.01s

     Running tests/ctx_order_red.rs (target/debug/deps/ctx_order_red-1cddffdbec053531)

running 1 test
test ctx_layout_keeps_stable_prefix_first ... ok

test result: ok. 1 passed; 0 failed; 0 ignored; 0 measured; 0 filtered out; finished in 0.12s

     Running tests/deepseek_toolchoice_red.rs (target/debug/deps/deepseek_toolchoice_red-58677744cba1a72f)

running 3 tests
test build_body_honors_tool_choice_contract ... ok
test build_body_messages_honors_tool_choice_contract ... ok
test provider_carries_tool_choice_contract ... ok

test result: ok. 3 passed; 0 failed; 0 ignored; 0 measured; 0 filtered out; finished in 0.00s

     Running tests/dsh_dispatch_red.rs (target/debug/deps/dsh_dispatch_red-9c68285a74f00897)

running 10 tests
test goal_dispatch_denies_unattested_turn_even_with_forged_human_argument ... ok
test file_dispatch_obeys_project_plan_gate ... ok
test internal_file_tools_execute_and_log_without_legacy_plugins ... ok
test idle_owner_receives_completion_followup_once ... ok
test managed_bash_and_jobs_dispatch_log_and_promote ... ok
test native_search_output_shape_has_no_rendering_extra ... ok
test native_todo_exact_dispatch_without_legacy_plugin ... ok
test native_search_dispatch_is_logged_without_legacy_plugin ... ok
test unreserved_round_cannot_claim_goal_authority ... ok
test shell_history_is_model_render_not_struct_dump ... ok

test result: ok. 10 passed; 0 failed; 0 ignored; 0 measured; 0 filtered out; finished in 0.17s

     Running tests/dsh_goal_core_red.rs (target/debug/deps/dsh_goal_core_red-58db1a91cab0dccd)

running 9 tests
test fork_has_same_durable_goal_but_no_continuation_authority ... ok
test cas_authority_and_disarmed_replay ... ok
test host_goal_controls_resume_paused_without_model_permission ... ok
test invalid_updates_do_not_mutate_and_terminal_not_checker_pass ... ok
test round_identity_threshold_and_budget ... ok
test round_admission_replay_cannot_skip_or_change_source ... ok
test round_limit_blocks_and_corrupt_replay_fails_closed ... ok
test source_claims_in_arguments_never_create_human_authority ... ok
test terminal_round_wrapup_is_not_pass_and_disarm_stops_driver ... ok

test result: ok. 9 passed; 0 failed; 0 ignored; 0 measured; 0 filtered out; finished in 0.00s

     Running tests/dsh_goal_session_red.rs (target/debug/deps/dsh_goal_session_red-6022862abcaae1b6)

running 4 tests
test durable_fold_rejects_revision_and_shape_corruption ... ok
test automatic_round_is_persisted_then_exhaustion_blocks_and_resume_disarms ... ok
test host_controls_paused_resume_and_clear_survive_replay ... ok
test human_creates_goal_and_resume_is_disarmed_external_followup_denied ... ok

test result: ok. 4 passed; 0 failed; 0 ignored; 0 measured; 0 filtered out; finished in 0.17s

     Running tests/dsh_jobs_red.rs (target/debug/deps/dsh_jobs_red-4b1f39816238a58a)

running 27 tests
test cancellation_reason_is_retained_in_job_detail ... ok
test background_wait_timeout_leaves_alive_and_kill_settles ... ok
test completed_output_must_be_collected_before_final ... ok
test cancellation_settles_even_when_term_is_ignored ... ok
test completion_notice_once_unless_awaited_or_cancelled ... ok
test equal_sandbox_mode_runs_without_escalation_ask ... ok
test failed_notice_delivery_remains_retryable ... ok
test foreground_returns_separate_output_and_fresh_shell ... ok
test foreground_signal_is_not_laundered_into_exit_code ... ok
test four_exact_schemas_match_capture ... ok
test framed_command_output_cannot_spoof_payload_status ... ok
test immediate_cancel_settles_bootstrap_descendants ... ok
test installer_includes_payload_status_supervisor ... ok
test invalid_args_escalation_workdir_escape_fail_closed ... ok
test large_output_is_bounded_and_full_stream_spills ... ok
test managed_environment_identifies_stable_session_without_ambient_values ... ok
test model_render_uses_dsh_status_and_foreground_markers ... ok
test ordinary_exit_143_is_not_a_signal ... ok
test owner_isolation_and_job_id_traversal_denied ... ok
test owner_session_id_and_profile_are_explicit_not_process_global ... ok
test spill_directory_symlink_cannot_escape_root ... ok
test spill_preparation_failure_does_not_launch_command ... ok
test dropping_session_cancels_owned_background_work ... ok
test teardown_waits_until_owned_processes_are_reaped ... ok
test timeout_promotes_without_killing_and_output_is_incremental ... ok
test split_utf8_output_is_consumed_only_when_complete ... ok
test utf8_tail_never_invents_replacement_characters ... ok

test result: ok. 27 passed; 0 failed; 0 ignored; 0 measured; 0 filtered out; finished in 0.69s

     Running tests/dsh_ledger_red.rs (target/debug/deps/dsh_ledger_red-4cbba2384c885912)

running 4 tests
test launch_and_delta_collection_evidence_survives ... ok
test native_foreground_records_exit_and_stream_evidence ... ok
test native_jobs_record_only_collected_settled_evidence ... ok
test promoted_background_and_failed_launch_do_not_count ... ok

test result: ok. 4 passed; 0 failed; 0 ignored; 0 measured; 0 filtered out; finished in 0.00s

     Running tests/dsh_mutation_red.rs (target/debug/deps/dsh_mutation_red-59f5b75332e275c1)

running 11 tests
test creates_missing_parent_dirs_inside_project ... ok
test edit_restores_crlf_and_deletes_literal ... ok
test file_mutations_are_classified_by_permission_and_plan_gates ... ok
test edit_unique_all_and_noop_errors ... ok
test invalid_and_escalation_args_do_not_mutate ... ok
test read_then_write_and_stale_guards ... ok
test mode_preserved_and_symlink_escape_denied ... ok
test symlink_inside_project_points_to_real_file_without_replacing_link ... ok
test schemas_match_wire ... ok
test write_and_edit_return_before_after_for_rendering ... ok
test write_creates_but_cannot_clobber_unread_file ... ok

test result: ok. 11 passed; 0 failed; 0 ignored; 0 measured; 0 filtered out; finished in 0.01s

     Running tests/dsh_read_red.rs (target/debug/deps/dsh_read_red-f2d1264fe4835ed9)

running 7 tests
test past_eof_is_error_but_empty_file_offset_one_is_valid ... ok
test read_cannot_follow_outside_symlink ... ok
test exact_read_schema_matches_captured_wire ... ok
test read_has_numbered_window_and_eof ... ok
test read_rejects_invalid_types_unknown_fields_and_escapes ... ok
test utf8_errors_outside_selected_window_are_not_hidden ... ok
test read_caps_utf16_line_length_and_bytes ... ok

test result: ok. 7 passed; 0 failed; 0 ignored; 0 measured; 0 filtered out; finished in 0.00s

     Running tests/dsh_search_red.rs (target/debug/deps/dsh_search_red-e6d6c11a5f8299ad)

running 19 tests
test final_budget_spill_failure_keeps_inline_success ... ok
test final_search_budget_preserves_tail_and_complete_formatted_recovery ... ok
test flags_are_data_and_config_preprocessor_is_disabled ... ok
test capped_glob_retains_full_result_spill_and_model_head ... ok
test formatted_spill_failure_preserves_narrowing_notice_without_escape ... ok
test glob_basename_searches_hidden_ignored_files_and_excludes_vcs ... ok
test grep_model_render_groups_and_labels_lines ... ok
test grep_over_cap_keeps250_matches_and_spills_previewed_complete_list ... ok
test grep_preview_caps_utf8_line_without_corrupting_it ... ok
test glob_sort_is_modified_time_not_lexicographic ... ok
test metadata_glob_caps_and_preserves_empty_valid_card ... ok
test grep_regex_grouping_and_include ... ok
test nested_symlinks_do_not_read_outside_workspace ... ok
test metadata_groups_first_seen_and_keeps_one_large_group ... ok
test packaged_search_with_hostile_path ... ok
test packaged_helper_parallel_materialization_and_cleanup ... ok
test raw_overflow_fails_instead_of_parsing_partial_matches ... ok
test search_escape_and_invalid_pattern_fail_closed ... ok
test presentation_meta_is_bounded_and_marks_capped_results ... ok

test result: ok. 19 passed; 0 failed; 0 ignored; 0 measured; 0 filtered out; finished in 1.84s

     Running tests/dsh_todo_red.rs (target/debug/deps/dsh_todo_red-e5a1a2f449f05d75)

running 5 tests
test exact_replacement_counts_parallel_and_trim ... ok
test invalid_shape_and_trimmed_duplicates_do_not_change_state ... ok
test reset_is_null_and_sessions_are_isolated ... ok
test history_render_is_summary_not_raw_dump ... ok
test session_snapshot_event_and_new_turn_reset ... ok

test result: ok. 5 passed; 0 failed; 0 ignored; 0 measured; 0 filtered out; finished in 0.17s

     Running tests/dsh_wire_red.rs (target/debug/deps/dsh_wire_red-bbf04c2858e7e467)

running 2 tests
test read_and_edits_keep_checker_ledger_grounded ... ok
test repl_offers_exact_file_schemas_and_persists_audit ... ok

test result: ok. 2 passed; 0 failed; 0 ignored; 0 measured; 0 filtered out; finished in 0.06s

     Running tests/editorbox_red.rs (target/debug/deps/editorbox_red-f8cb4c2a653a0889)

running 5 tests
test r2_composer_top_plain ... ok
test r3_composer_bottom ... ok
test r4_separator_rule ... ok
test r1_composer_top_frames_label ... ok
test r5_editor_prompt ... ok

test result: ok. 5 passed; 0 failed; 0 ignored; 0 measured; 0 filtered out; finished in 0.00s

     Running tests/editsplice_red.rs (target/debug/deps/editsplice_red-c466f5a62080c398)

running 9 tests
test plugin_retires_raw_diff_with_steering_error ... ok
test plugin_applies_edits_blocks ... ok
test splice_ambiguous_old_demands_more_context ... ok
test splice_accumulates_across_calls_and_survives_reentry ... ok
test splice_old_not_found_is_clean_feedback_and_candidate_unchanged ... ok
test splice_path_escape_rejected ... ok
test splice_multi_file_one_call_all_or_nothing ... ok
test splice_single_block_applies_and_live_ws_untouched ... ok
test splice_whitespace_fallback_applies_on_unique_fuzzy_match ... ok

test result: ok. 9 passed; 0 failed; 0 ignored; 0 measured; 0 filtered out; finished in 0.17s

     Running tests/edittools_red.rs (target/debug/deps/edittools_red-5e035ded6b80a27c)

running 4 tests
test edit_apply_bad_diff_is_clean_feedback_and_candidate_unchanged ... ok
test edit_apply_accumulates_across_calls_and_survives_reentry ... ok
test notes_scratch_write_append_read_across_restarts ... ok
test edit_apply_returns_cumulative_diff_and_live_ws_untouched ... ok

test result: ok. 4 passed; 0 failed; 0 ignored; 0 measured; 0 filtered out; finished in 0.07s

     Running tests/egress_red.rs (target/debug/deps/egress_red-966ef0bd467f3bd1)

running 5 tests
test host_eval_unwrapped_by_default ... ok
test host_eval_wraps_unshare_net_when_egress_off ... ok
test prompt_states_network_off_when_egress_off ... ok
test sandbox_omits_share_net_when_egress_off ... ok
test sandbox_shares_net_by_default ... ok

test result: ok. 5 passed; 0 failed; 0 ignored; 0 measured; 0 filtered out; finished in 0.00s

     Running tests/engine_red.rs (target/debug/deps/engine_red-12b824cc3be21068)

running 8 tests
test e1_mission_streams_json_events_and_returns_json_result ... ok
test e3_ui_event_wire_shapes ... ok
test e2_sessions_vitals_models_are_json ... ok
test e4_export_session_zip ... ok
test e5_schedule_firing_loop_runs_due_prompts_once ... ok
test e6_run_workflow_runs_steps_in_order ... ok
test e7_modes_narrow_and_restore_the_tool_surface ... ok
test e_resume_reopens_the_same_stream_and_knows_its_workspace ... ok

test result: ok. 8 passed; 0 failed; 0 ignored; 0 measured; 0 filtered out; finished in 0.45s

     Running tests/evolution_red.rs (target/debug/deps/evolution_red-ee1aae2cd5d6a41c)

running 1 test
test d7_promote_only_verified_winners_reject_losers_rewind_restores ... ok

test result: ok. 1 passed; 0 failed; 0 ignored; 0 measured; 0 filtered out; finished in 0.37s

     Running tests/exec_guard_red.rs (target/debug/deps/exec_guard_red-61f77f5bf918bfc8)

running 1 test
test exec_without_patch_states_the_precondition_plainly ... ok

test result: ok. 1 passed; 0 failed; 0 ignored; 0 measured; 0 filtered out; finished in 0.00s

     Running tests/exec_spill_red.rs (target/debug/deps/exec_spill_red-cc7f9b4902c0d403)

running 2 tests
test short_output_has_no_spill_fields ... ok
test long_output_spills_full_text_and_returns_path ... ok

test result: ok. 2 passed; 0 failed; 0 ignored; 0 measured; 0 filtered out; finished in 0.09s

     Running tests/exo_pi_runtime_hierarchy_red.rs (target/debug/deps/exo_pi_runtime_hierarchy_red-530ba799a15e35a3)

running 2 tests
test pi_reasoning_is_not_wrapped_in_an_extra_heavy_box ... ok
test exo_runtime_hierarchy_has_distinct_transcript_and_titled_input_boundaries ... ok

test result: ok. 2 passed; 0 failed; 0 ignored; 0 measured; 0 filtered out; finished in 0.01s

     Running tests/export_red.rs (target/debug/deps/export_red-6fd3ae7c46815d2c)

running 2 tests
test x2_missing_source_is_an_error ... ok
test x1_zip_contains_all_files_and_verifies ... ok

test result: ok. 2 passed; 0 failed; 0 ignored; 0 measured; 0 filtered out; finished in 0.03s

     Running tests/faithful_loop.rs (target/debug/deps/faithful_loop-d9a89f7cca921c77)

running 1 test
test tool_results_reach_the_next_step_and_checker_runs_only_after_write ... ok

test result: ok. 1 passed; 0 failed; 0 ignored; 0 measured; 0 filtered out; finished in 0.08s

     Running tests/feedback_integrity_red.rs (target/debug/deps/feedback_integrity_red-255c332af42fb6d0)

running 10 tests
test convergence_nudge_offers_no_prose_exit ... ok
test audited_pass_is_labeled_verified ... ok
test doom_loop_after_refute_offers_no_submit_hatch ... ok
test ledger_marks_pre_restore_runs ... ok
test ledger_records_bounded_output_tail ... ok
test feedback_leads_artifact_in_tail ... ok
test mission_prompt_makes_feedback_repair_binding ... ok
test malfunction_pass_is_labeled_verifier_malfunction ... ok
test ratchet_cap_close_is_labeled_and_never_a_pass ... ok
test refute_feedback_carries_no_round_counter ... ok

test result: ok. 10 passed; 0 failed; 0 ignored; 0 measured; 0 filtered out; finished in 1.49s

     Running tests/first_run_gate_red.rs (target/debug/deps/first_run_gate_red-121dfabcb29f7a70)

running 4 tests
test g1_nontty_deepseek_default_without_key_refuses_before_any_mission ... ok
test g2_scripted_default_passes_the_gate ... ok
test g4_resolve_project_root_matrix ... ok
test g3_env_key_passes_the_gate ... ok

test result: ok. 4 passed; 0 failed; 0 ignored; 0 measured; 0 filtered out; finished in 0.04s

     Running tests/fixlist2_red.rs (target/debug/deps/fixlist2_red-d44eca42e383ee32)

running 10 tests
test env_failure_classified_from_exec_result ... ok
test edit_gate_steer_names_class_and_shows_example ... ok
test escalator_silent_on_first_fire_then_escalates ... ok
test goal_verdict_enum_covers_env_limited ... ok
test gate_output_yields_class_for_escalation ... ok
test parse_response_captures_reasoning_content ... ok
test parse_response_reasoning_content_absent_is_empty ... ok
test real_test_failure_is_not_env_limited ... ok
test violation_classes ... ok
test resolve_plugin_bin_sibling_or_loud_error ... ok

test result: ok. 10 passed; 0 failed; 0 ignored; 0 measured; 0 filtered out; finished in 0.00s

     Running tests/fixture_honesty_red.rs (target/debug/deps/fixture_honesty_red-4ee093a91b942215)

running 2 tests
test r1_mission_passes_honestly ... ok
test r2_exhausted_script_still_lands ... ok

test result: ok. 2 passed; 0 failed; 0 ignored; 0 measured; 0 filtered out; finished in 0.20s

     Running tests/fork_red.rs (target/debug/deps/fork_red-1a39f6b4736d1c28)

running 2 tests
test f1_unit_fork_mission_carries_context ... ok
test f2_agent_fork_spawns_a_booked_child ... ok

test result: ok. 2 passed; 0 failed; 0 ignored; 0 measured; 0 filtered out; finished in 8.24s

     Running tests/gate3_proof.rs (target/debug/deps/gate3_proof-0b574e61759e125c)

running 1 test
test gate3_proof_feedback_ablation ... ok

test result: ok. 1 passed; 0 failed; 0 ignored; 0 measured; 0 filtered out; finished in 2.17s

     Running tests/gateway_add_red.rs (target/debug/deps/gateway_add_red-46bf66a8369d7881)

running 1 test
test g1_task_added_mid_run_is_booked_queued_and_run ... ok

test result: ok. 1 passed; 0 failed; 0 ignored; 0 measured; 0 filtered out; finished in 3.19s

     Running tests/glob_red.rs (target/debug/deps/glob_red-1ca517c0b2c0d4c3)

running 3 tests
test g1_matches_patterns_sorted_and_respects_gitignore ... ok
test g2_guards_and_cap ... ok
test g3_wired ... ok

test result: ok. 3 passed; 0 failed; 0 ignored; 0 measured; 0 filtered out; finished in 0.03s

     Running tests/goal_host_red.rs (target/debug/deps/goal_host_red-d542f392f241b5ae)

running 3 tests
test goal_passes_when_acceptance_command_exits_zero ... ok
test goal_fails_red_not_env_limited_when_acceptance_command_fails ... ok
test goal_runs_command_whose_interpreter_lives_under_home ... ok

test result: ok. 3 passed; 0 failed; 0 ignored; 0 measured; 0 filtered out; finished in 0.18s

     Running tests/goal_tool_red.rs (target/debug/deps/goal_tool_red-f9b423dd114fedf8)

running 3 tests
test g2_guards ... ok
test g1_create_get_update_lifecycle ... ok
test g3_wired ... ok

test result: ok. 3 passed; 0 failed; 0 ignored; 0 measured; 0 filtered out; finished in 0.00s

     Running tests/grok_live_ux_red.rs (target/debug/deps/grok_live_ux_red-33672ca9b163135b)

running 7 tests
test escape_interrupts_an_active_run_like_the_live_reference ... ok
test model_picker_has_the_same_search_first_hierarchy ... ok
test completed_tool_rows_stay_compact_without_raw_payload_dump ... ok
test narrow_home_does_not_clip_an_instruction_banner ... ok
test prompt_is_quiet_borderless_row_not_a_large_box ... ok
test typing_slash_opens_centered_searchable_command_discovery ... ok
test slash_help_opens_searchable_overlay_instead_of_appending_a_wall_of_text ... ok

test result: ok. 7 passed; 0 failed; 0 ignored; 0 measured; 0 filtered out; finished in 0.01s

     Running tests/grok_tui_fidelity_red.rs (target/debug/deps/grok_tui_fidelity_red-d2ea1f5bc2865fb6)

running 4 tests
test empty_home_centers_identity_and_prompt_instead_of_showing_an_empty_dashboard ... ok
test active_session_has_one_header_message_canvas_prompt_and_contextual_footer ... ok
test normal_surface_does_not_render_the_internal_loop_rail_or_session_counters ... ok
test tool_activity_stays_inline_and_never_opens_a_permanent_machine_dashboard ... ok

test result: ok. 4 passed; 0 failed; 0 ignored; 0 measured; 0 filtered out; finished in 0.00s

     Running tests/idle_headless_red.rs (target/debug/deps/idle_headless_red-a8cb83c06f8db6ef)

running 2 tests
test headless_goal_drives_exact_budget_without_fabricating_pass ... ok
test headless_delivers_settled_job_followup_before_exit ... ok

test result: ok. 2 passed; 0 failed; 0 ignored; 0 measured; 0 filtered out; finished in 0.39s

     Running tests/idle_pipe_red.rs (target/debug/deps/idle_pipe_red-5ac89dcb69124a41)

running 2 tests
test eof_and_quit_exit_without_waiting_for_pending_job ... ok
test open_pipe_delivers_one_idle_job_followup_without_more_input ... ok

test result: ok. 2 passed; 0 failed; 0 ignored; 0 measured; 0 filtered out; finished in 2.01s

     Running tests/inner_loop.rs (target/debug/deps/inner_loop-0a8749f19ff4d088)

running 4 tests
test feedback_off_never_repairs ... ok
test events_tell_the_two_arms_apart ... ok
test feedback_on_repairs_repairable_task_in_two_steps ... ok
test unrepairable_failure_class_fails_even_with_feedback_on ... ok

test result: ok. 4 passed; 0 failed; 0 ignored; 0 measured; 0 filtered out; finished in 0.17s

     Running tests/installer_env_red.rs (target/debug/deps/installer_env_red-d0eb980db0a84a11)

running 1 test
test fresh_install_sources_the_rustup_env_from_cargo_home ... ok

test result: ok. 1 passed; 0 failed; 0 ignored; 0 measured; 0 filtered out; finished in 0.15s

     Running tests/installer_path_red.rs (target/debug/deps/installer_path_red-b043e832beab4708)

running 1 test
test fresh_install_without_binlink_on_path_resolves_on_a_login_shell ... ok

test result: ok. 1 passed; 0 failed; 0 ignored; 0 measured; 0 filtered out; finished in 0.27s

     Running tests/isolation_red.rs (target/debug/deps/isolation_red-10700d0a8cdabd0f)

running 8 tests
test answer_submit_outside_project_is_refused ... ok
test dotdot_escape_outside_project_is_blocked ... ok
test absolute_read_outside_project_is_blocked ... ok
test missing_sandbox_fails_closed ... ok
test project_root_resolution_prefers_flag_over_default ... ok
test workdir_outside_project_is_refused ... ok
test harness_env_is_not_visible_inside_mission_shell ... ok
test writes_inside_project_persist ... ok

test result: ok. 8 passed; 0 failed; 0 ignored; 0 measured; 0 filtered out; finished in 0.11s

     Running tests/jobs_red.rs (target/debug/deps/jobs_red-6b9fb9e7a68b6415)

running 4 tests
test j2_kill_stops_a_long_job ... ok
test j3_unknown_job_and_tail_cap ... ok
test j4_wired_schema_install_config ... ok
test j1_start_returns_immediately_and_output_and_exit_code_are_recorded ... ok

test result: ok. 4 passed; 0 failed; 0 ignored; 0 measured; 0 filtered out; finished in 1.01s

     Running tests/json_booking_red.rs (target/debug/deps/json_booking_red-5805430e64e443a9)

running 2 tests
test j2_capability_change_books_valid_json ... ok
test j1_gateway_goal_with_control_char_books_valid_json ... ok

test result: ok. 2 passed; 0 failed; 0 ignored; 0 measured; 0 filtered out; finished in 0.11s

     Running tests/ledger_read_evidence_red.rs (target/debug/deps/ledger_read_evidence_red-e1cac95ae1ab4fd5)

running 1 test
test repo_read_records_bounded_content_evidence ... ok

test result: ok. 1 passed; 0 failed; 0 ignored; 0 measured; 0 filtered out; finished in 0.00s

     Running tests/lineediting_red.rs (target/debug/deps/lineediting_red-6925517e1a3046ea)

running 1 test
scripted · 0 missions · 0 steps · 0 calls · $0.0000 · 0s · bd30a175
scripted · 0 missions · 0 steps · 0 calls · $0.0007 · 0s · bd30a175
test interactive_history_persists_and_preloads_across_restarts ... ok

test result: ok. 1 passed; 0 failed; 0 ignored; 0 measured; 0 filtered out; finished in 0.10s

     Running tests/live_smoke.rs (target/debug/deps/live_smoke-8c600523d599e8c4)

running 1 test
test live_glm_round_trip ... ok

test result: ok. 1 passed; 0 failed; 0 ignored; 0 measured; 0 filtered out; finished in 0.01s

     Running tests/loop_level_red.rs (target/debug/deps/loop_level_red-a198b37ce8877aaa)

running 11 tests
test answer_write_rejected_until_the_model_has_verified ... ok
test answer_write_allowed_untested_on_the_last_step ... ok
test convergence_nudge_at_half_and_three_quarter_steps_when_no_test_ran ... ok
test dead_non_answer_tool_degrades_and_mission_continues ... ok
test doom_loop_nudge_on_repeated_calls_once_then_escalation_only ... ok
test mission_aborts_as_harness_error_when_answer_path_plugin_dies ... ok
test progress_checkpointed_every_step_even_without_answer_writes ... ok
test progress_json_checkpointed_per_step ... ok
test repeat_calls_to_dead_tool_short_circuit_without_respawn ... ok
test wall_kill_books_partial_from_checkpoint ... ok
test step_header_carries_step_wall_and_cost_budgets ... ok

test result: ok. 11 passed; 0 failed; 0 ignored; 0 measured; 0 filtered out; finished in 0.39s

     Running tests/markdown_red.rs (target/debug/deps/markdown_red-5dc851bd33cd6abe)

running 4 tests
test r1_constructs_get_semantic_color ... ok
test r3_plain_mode_strips_markers_no_ansi ... ok
test r2_chunk_split_invariance ... ok
test r4_partial_line_flushes_at_finish ... ok

test result: ok. 4 passed; 0 failed; 0 ignored; 0 measured; 0 filtered out; finished in 0.00s

     Running tests/mcp_plugin_roots_red.rs (target/debug/deps/mcp_plugin_roots_red-8f984fd2cbbe8779)

running 6 tests
test p1_absolute_path_outside_roots_refused ... ok
test p3_plain_string_passes ... ok
test p2_in_root_path_passes ... ok
test p5_traversal_refused ... ok
test p4_url_string_passes ... ok
test p6_nested_path_refused ... ok

test result: ok. 6 passed; 0 failed; 0 ignored; 0 measured; 0 filtered out; finished in 0.10s

     Running tests/mcp_web_seam_red.rs (target/debug/deps/mcp_web_seam_red-d48b54daa42e311c)

running 2 tests
test t1_tb_runner_registers_mcp_tools ... ok
test t2_repl_mcp_tool_callable_and_advertised ... ok

test result: ok. 2 passed; 0 failed; 0 ignored; 0 measured; 0 filtered out; finished in 0.32s

     Running tests/mcpbridge_red.rs (target/debug/deps/mcpbridge_red-82d6e03732162825)

running 5 tests
test allowed_roots_enforced_on_path_args ... ok
test empty_allowed_roots_means_no_paths ... ok
test malformed_mcp_config_errors ... ok
test tool_names_are_namespaced_per_server ... ok
test parses_mcp_servers_config ... ok

test result: ok. 5 passed; 0 failed; 0 ignored; 0 measured; 0 filtered out; finished in 0.01s

     Running tests/mcpcall_red.rs (target/debug/deps/mcpcall_red-f3fb0ba2955ca874)

running 4 tests
test list_discovers_namespaced_tools ... ok
test call_round_trips_through_real_mcp_protocol ... ok
test path_args_outside_allowed_roots_are_rejected_before_spawning ... ok
test unknown_server_and_unknown_tool_error_cleanly ... ok

test result: ok. 4 passed; 0 failed; 0 ignored; 0 measured; 0 filtered out; finished in 0.02s

     Running tests/memory_goal_red.rs (target/debug/deps/memory_goal_red-7cfe2f1da77570e9)

running 2 tests
test t7_goal_evaluator_stops_green_refuses_red ... ok
test t6_memory_roundtrip_across_missions ... ok

test result: ok. 2 passed; 0 failed; 0 ignored; 0 measured; 0 filtered out; finished in 0.31s

     Running tests/memory_k_red.rs (target/debug/deps/memory_k_red-60dcf9f27ea76bc4)

running 6 tests
test k1b_memory_recall_without_store_is_a_clean_error ... ok
test k1_memory_recall_serves_k_records_to_the_model ... ok
test k2_prefetch_booked_with_hit_and_token_cost ... ok
test k4_memory_recall_schema_shape ... ok
test k3_predictor_retires_below_the_cost_crossover ... ok
test k6_within_session_distillation_is_mission_scoped ... ok

test result: ok. 6 passed; 0 failed; 0 ignored; 0 measured; 0 filtered out; finished in 0.24s

     Running tests/messages_api_red.rs (target/debug/deps/messages_api_red-4f6154e9c492db35)

running 14 tests
test author_rejects_multiple_native_calls_instead_of_silently_discarding_them ... ok
test deepseek_defaults_match_dsh_messages_route ... ok
test incomplete_and_in_band_error_streams_are_not_success ... ok
test full_stream_tool_fragments_and_cache_usage_are_assembled ... ok
test malformed_or_orphan_tool_history_fails_closed ... ok
test messages_response_normalizes_tools_cache_and_served_identity ... ok
test messages_stream_exposes_protocol_completion_without_http_eof ... ok
test native_assistant_thinking_signature_and_tools_are_preserved ... ok
test parallel_tool_results_share_one_immediately_following_user_message ... ok
test request_matches_messages_shape_and_preserves_tool_pairs ... ok
test stream_rejects_delta_before_start_and_malformed_tool_json ... ok
test streaming_mock_preserves_fragments_and_no_watchdog ... ok
test messages_mock_checks_path_auth_body_and_real_model_identity ... ok
test streaming_returns_at_message_stop_while_server_keeps_connection_open ... ok

test result: ok. 14 passed; 0 failed; 0 ignored; 0 measured; 0 filtered out; finished in 0.04s

     Running tests/meta_harness_cli_red.rs (target/debug/deps/meta_harness_cli_red-c30aea78bdc02cd7)

running 1 test
test cli_runs_normal_proposer_evaluator_path_and_resumes ... ok

test result: ok. 1 passed; 0 failed; 0 ignored; 0 measured; 0 filtered out; finished in 0.20s

     Running tests/meta_harness_red.rs (target/debug/deps/meta_harness_red-157b06b3365a94b7)

running 4 tests
test candidate_and_task_paths_cannot_escape_history_root ... ok
test corrupt_or_missing_trial_evidence_fails_closed_and_resume_never_erases_history ... ok
test full_history_filesystem_drives_later_proposals_and_external_scores_choose_frontier ... ok
test resume_rejects_a_different_search_protocol ... ok

test result: ok. 4 passed; 0 failed; 0 ignored; 0 measured; 0 filtered out; finished in 0.00s

     Running tests/mission_env_hint_red.rs (target/debug/deps/mission_env_hint_red-88bf50d1bd7e907c)

running 3 tests
test repl_mission_message_carries_env_hint ... ok
test env_hint_explains_tar_quirk ... ok
test swe_templates_tell_the_truth ... ok

test result: ok. 3 passed; 0 failed; 0 ignored; 0 measured; 0 filtered out; finished in 0.00s

     Running tests/mission_path_red.rs (target/debug/deps/mission_path_red-9836d3e29f1dad5f)

running 3 tests
test m2_absolute_mission_id_refused ... ok
test m1_traversal_mission_id_refused_and_writes_nothing_outside ... ok
test m3_normal_mission_id_still_runs ... ok

test result: ok. 3 passed; 0 failed; 0 ignored; 0 measured; 0 filtered out; finished in 0.05s

     Running tests/mission_resume_red.rs (target/debug/deps/mission_resume_red-7a471bb43f5501a5)

running 4 tests
test dead_mission_continues_after_session_resume ... ok
test dead_mission_same_goal_continues_same_mission ... ok
test different_goal_same_slug_starts_fresh ... ok
test passed_mission_same_goal_starts_fresh ... ok

test result: ok. 4 passed; 0 failed; 0 ignored; 0 measured; 0 filtered out; finished in 0.36s

     Running tests/mission_time_red.rs (target/debug/deps/mission_time_red-82c8d896efded235)

running 2 tests
test v1_synthetic_log_decomposes_exactly ... ok
test v2_live_mission_decomposes_and_publishes ... ok

test result: ok. 2 passed; 0 failed; 0 ignored; 0 measured; 0 filtered out; finished in 0.16s

     Running tests/mission_truth_red.rs (target/debug/deps/mission_truth_red-c04a65412ec1f401)

running 3 tests
test artifact_section_is_labeled_as_the_graded_answer_file ... ok
test mission_prompt_carries_the_sandbox_f2p_command_not_a_host_path ... ok
test repoexec_description_states_fresh_sandbox_semantics ... ok

test result: ok. 3 passed; 0 failed; 0 ignored; 0 measured; 0 filtered out; finished in 0.00s

     Running tests/model_persist_red.rs (target/debug/deps/model_persist_red-bfe0a85fb7ca3e13)

running 2 tests
test set_default_model_flips_exactly_one ... ok
test model_pick_persists_and_arms_on_load ... ok

test result: ok. 2 passed; 0 failed; 0 ignored; 0 measured; 0 filtered out; finished in 0.01s

     Running tests/native_tools_red.rs (target/debug/deps/native_tools_red-962e28c8892fb6f7)

running 7 tests
test builtin_tool_schemas_cover_the_mission_surface ... ok
test no_tool_calls_is_an_error_not_a_text_fallback ... ok
test native_tool_call_roundtrip_parses ... ok
test prompt_has_no_handrolled_tool_markup ... ok
test request_body_carries_native_tools ... ok
test wire_names_are_provider_legal_and_round_trip ... ok
test search_repo_honors_ignore_files ... ok

test result: ok. 7 passed; 0 failed; 0 ignored; 0 measured; 0 filtered out; finished in 0.02s

     Running tests/offered_surface_red.rs (target/debug/deps/offered_surface_red-771edc935d2c6dd7)

running 1 test
test offered_tool_names_are_unique_when_config_registers_delegation ... ok

test result: ok. 1 passed; 0 failed; 0 ignored; 0 measured; 0 filtered out; finished in 0.17s

     Running tests/parent_links_red.rs (target/debug/deps/parent_links_red-da1e72e30e97706f)

running 1 test
test every_mission_event_links_to_the_mission_root ... ok

test result: ok. 1 passed; 0 failed; 0 ignored; 0 measured; 0 filtered out; finished in 0.26s

     Running tests/permission_red.rs (target/debug/deps/permission_red-5e3216b5ecc336b4)

running 2 tests
test q2_no_answer_times_out_as_denied ... ok
test q1_ask_blocks_until_allowed_then_runs_and_deny_refuses ... ok

test result: ok. 2 passed; 0 failed; 0 ignored; 0 measured; 0 filtered out; finished in 1.18s

     Running tests/plan_mode_red.rs (target/debug/deps/plan_mode_red-4b02a25c36125e4b)

running 3 tests
test p2_jobs_start_blocked_but_list_allowed ... ok
test p3_wired_schema_install_config ... ok
test p1_gate_blocks_mutation_only_while_on ... ok

test result: ok. 3 passed; 0 failed; 0 ignored; 0 measured; 0 filtered out; finished in 0.14s

     Running tests/policy_rsi_red.rs (target/debug/deps/policy_rsi_red-32b564294e682225)

running 6 tests
test k2_tui_mission_prompt_is_policy ... ok
test k1_kernel_stamps_run_dir_and_policy_plugin_records ... ok
test k3_promotion_driver_proposal_to_overlay_journal_rewind ... ok
test k3b_promotion_preserves_sibling_prompt_entries ... ok
test k4_live_overlay_resolution ... ok
test k5_repl_mission_records_proposal_under_mission_dir ... ok

test result: ok. 6 passed; 0 failed; 0 ignored; 0 measured; 0 filtered out; finished in 0.40s

     Running tests/policy_wire_red.rs (target/debug/deps/policy_wire_red-8c07657328463a89)

running 1 test
test policy_tool_answers_tool_call_frames ... ok

test result: ok. 1 passed; 0 failed; 0 ignored; 0 measured; 0 filtered out; finished in 0.00s

     Running tests/prefetch_knobs_red.rs (target/debug/deps/prefetch_knobs_red-839b588df25037a8)

running 1 test
test v3_promoted_knobs_drive_retirement_not_the_constants ... ok

test result: ok. 1 passed; 0 failed; 0 ignored; 0 measured; 0 filtered out; finished in 0.14s

     Running tests/provider_429_red.rs (target/debug/deps/provider_429_red-6e3e61ff6bdfa6ef)

running 3 tests
test ceiling_429_message_is_not_retryable_but_plain_429_is ... ok
test ordinary_429_and_html_bodies_are_plain_text ... ok
test spend_ceiling_429_is_clear_and_says_retry_is_futile ... ok

test result: ok. 3 passed; 0 failed; 0 ignored; 0 measured; 0 filtered out; finished in 0.00s

     Running tests/provider_by_name_red.rs (target/debug/deps/provider_by_name_red-6ae7c0c351eee931)

running 4 tests
test builtin_names_still_resolve ... ok
test critic_resolves_through_the_same_path ... ok
test unknown_provider_error_names_it ... ok
test toml_fallback_resolves_openrouter ... ok

test result: ok. 4 passed; 0 failed; 0 ignored; 0 measured; 0 filtered out; finished in 0.01s

     Running tests/provider_config_red.rs (target/debug/deps/provider_config_red-27a346bad74e0b71)

running 7 tests
test builtin_glm_matches_toml_equivalent ... ok
test loads_providers_from_toml ... ok
test lookup_by_name_and_unknown_name_errors ... ok
test malformed_toml_is_an_error_not_a_panic ... ok
test extra_body_json_from_toml_reaches_the_request ... ok
test missing_key_is_fill_only_error ... ok
test toml_provider_becomes_working_provider_and_env_wins ... ok

test result: ok. 7 passed; 0 failed; 0 ignored; 0 measured; 0 filtered out; finished in 0.04s

     Running tests/publication_can_lose_red.rs (target/debug/deps/publication_can_lose_red-029567b438a9d8cc)

running 2 tests
test c2_lose_verdict_renders_verbatim_in_report_lines ... ok
test c1_strengthened_incumbent_flips_the_verdict_to_lose ... ok

test result: ok. 2 passed; 0 failed; 0 ignored; 0 measured; 0 filtered out; finished in 0.32s

     Running tests/publication_red.rs (target/debug/deps/publication_red-4ef1dbda4000f6df)

running 1 test
test v1_two_arm_publication_is_priced_in_terms_and_published ... ok

test result: ok. 1 passed; 0 failed; 0 ignored; 0 measured; 0 filtered out; finished in 1.12s

     Running tests/realbench.rs (target/debug/deps/realbench-d68fb84a54e0f86d)

running 5 tests
test concurrent_appends_never_interleave ... ok
test real_ablation_deepseek ... ok
test real_ablation_glm ... ok
test progress_done_roundtrip_per_model_arm ... ok
test shard_parsing_variants ... ok

test result: ok. 5 passed; 0 failed; 0 ignored; 0 measured; 0 filtered out; finished in 0.03s

     Running tests/realmodel.rs (target/debug/deps/realmodel-d9a11a38cee37b8e)

running 6 tests
test extract_json_from_wrapped_output ... ok
test adapters_against_mock_server ... ok
test incomplete_stream_is_provider_error ... ok
test load_key_falls_back_to_config_dir_key_file ... ok
test provider_error_body_is_surfaced ... ok
test slow_provider_response_survives_old_watchdog ... ok

test result: ok. 6 passed; 0 failed; 0 ignored; 0 measured; 0 filtered out; finished in 1.24s

     Running tests/reasoning_passback_red.rs (target/debug/deps/reasoning_passback_red-e9dd72488df5baad)

running 5 tests
test assemble_orphan_toolcall_has_no_reasoning_field ... ok
test assemble_pairs_reasoning_from_owning_modelcall ... ok
test exchange_pair_carries_reasoning_when_present ... ok
test exchange_pair_omits_reasoning_when_empty ... ok
test assemble_preserves_native_messages_blocks_and_provider_tool_id ... ok

test result: ok. 5 passed; 0 failed; 0 ignored; 0 measured; 0 filtered out; finished in 0.01s

     Running tests/recovery_bc_red.rs (target/debug/deps/recovery_bc_red-ef70049a5e631011)

running 3 tests
test v1_snapshot_restore_books_recovery_on_the_mission_stream ... ok
test v3_repl_commands_parse ... ok
test v2_cold_recreate_from_the_substrate_alone ... ok

test result: ok. 3 passed; 0 failed; 0 ignored; 0 measured; 0 filtered out; finished in 0.21s

     Running tests/repexec_editguard_red.rs (target/debug/deps/repexec_editguard_red-5148256eee0ee036)

running 9 tests
test diff_mode_and_answer_mode_are_gated_too ... ok
test gate_allows_normal_shell_and_reads ... ok
test gate_flags_git_apply_invocations ... ok
test gate_flags_raw_diff_file_writes ... ok
test allowed_command_still_executes_end_to_end ... ok
test prompt_steers_edits_only_via_edit_apply ... ok
test sandbox_gates_diff_writes_before_any_work ... ok
test sandbox_rejects_b7s_verbatim_git_apply_payload ... ok
test mission_git_apply_payload_is_steered_not_executed ... ok

test result: ok. 9 passed; 0 failed; 0 ignored; 0 measured; 0 filtered out; finished in 0.19s

     Running tests/repexec_inline_red.rs (target/debug/deps/repexec_inline_red-f688f5eddfda5ca9)

running 5 tests
test inline_diff_bad_patch_is_clean_feedback_not_machinery_error ... ok
test inline_diff_accepts_fenced_or_raw ... ok
test inline_diff_runs_before_first_answer_write ... ok
test plugin_inline_diff_beats_stale_answer_path_when_both_given ... ok
test plugin_accepts_args_diff_without_any_answer_path ... ok

test result: ok. 5 passed; 0 failed; 0 ignored; 0 measured; 0 filtered out; finished in 0.17s

     Running tests/repexec_red.rs (target/debug/deps/repexec_red-fac661b29e66b91f)

running 5 tests
test exec_applies_patch_in_scratch_and_runs_command ... ok
test exec_cleans_up_scratch ... ok
test exec_preflight_reports_unappliable_patch_without_running ... ok
test exec_without_answer_is_clean_feedback ... ok
test exec_enforces_timeout ... ok

test result: ok. 5 passed; 0 failed; 0 ignored; 0 measured; 0 filtered out; finished in 2.11s

     Running tests/repexec_sandbox_red.rs (target/debug/deps/repexec_sandbox_red-4a65272eb0a5626e)

running 12 tests
test sandbox_blesses_standard_toolchain_caches ... FAILED
test sandbox_allows_writes_inside_workspace_and_tmp ... ok
test sandbox_denies_writes_and_deletes_outside_workspace ... ok
test sandbox_env_is_scrubbed ... ok
test sandbox_hides_host_filesystem_secrets_and_live_ws ... ok
test sandbox_builds_language_envs_inside_workspace ... FAILED
test sandbox_is_a_readable_machine_with_a_writable_workspace ... FAILED
test sandbox_network_is_on_for_missions ... ok
test sandbox_runs_any_command_open_shell ... ok
test sandbox_still_hides_host_secrets ... FAILED
test sandbox_kills_memory_bombs ... ok
test sandbox_timeout_and_cleanup_still_hold ... ok

failures:

---- sandbox_blesses_standard_toolchain_caches stdout ----

thread 'sandbox_blesses_standard_toolchain_caches' (671079) panicked at crates/hs-loop/tests/repexec_sandbox_red.rs:364:9:
/root/.cache writable: RO /root/.cache
RO /root/.cargo
RO /root/.npm
RO /root/.local
RO /root/go
RO /root

note: run with `RUST_BACKTRACE=1` environment variable to display a backtrace

---- sandbox_builds_language_envs_inside_workspace stdout ----

thread 'sandbox_builds_language_envs_inside_workspace' (671116) panicked at crates/hs-loop/tests/repexec_sandbox_red.rs:341:5:
uv venv in workspace: error: Failed to initialize cache at `/root/.cache/uv`
  cause: failed to create directory `/root/.cache/uv`: Permission denied (os error 13)


---- sandbox_is_a_readable_machine_with_a_writable_workspace stdout ----

thread 'sandbox_is_a_readable_machine_with_a_writable_workspace' (671195) panicked at crates/hs-loop/tests/repexec_sandbox_red.rs:142:5:
missions run as root in the sandbox: UID=1001
USRLOCAL-RO
HAVE-python3
HAVE-apt-get
HOME=/root
PATH=/root/.cargo/bin:/usr/local/cargo/bin:/usr/local/bin:/usr/bin:/bin


---- sandbox_still_hides_host_secrets stdout ----

thread 'sandbox_still_hides_host_secrets' (671270) panicked at crates/hs-loop/tests/repexec_sandbox_red.rs:165:4:
called `Result::unwrap()` on an `Err` value: Os { code: 13, kind: PermissionDenied, message: "Permission denied" }


failures:
    sandbox_blesses_standard_toolchain_caches
    sandbox_builds_language_envs_inside_workspace
    sandbox_is_a_readable_machine_with_a_writable_workspace
    sandbox_still_hides_host_secrets

test result: FAILED. 8 passed; 4 failed; 0 ignored; 0 measured; 0 filtered out; finished in 3.07s

error: test failed, to rerun pass `-p hs-loop --test repexec_sandbox_red`
     Running tests/repexec_scratch_red.rs (target/debug/deps/repexec_scratch_red-8bbba29a5c83b2a2)

running 3 tests
test mission_model_may_use_repoexec_as_general_shell ... ok
test scratch_shell_runs_general_commands_against_pristine_clone ... ok
test scratch_shell_enforces_timeout ... ok

test result: ok. 3 passed; 0 failed; 0 ignored; 0 measured; 0 filtered out; finished in 2.20s

     Running tests/repexec_stress_red.rs (target/debug/deps/repexec_stress_red-a241d3f0182b2fc4)

running 3 tests
test r3_scratch_tags_never_repeat_under_threaded_minting ... ok
test transient_git_spawn_failure_is_retried_not_surfaced ... ok
test stress_run_sandboxed_never_hits_a_machinery_arm_under_load ... ok

test result: ok. 3 passed; 0 failed; 0 ignored; 0 measured; 0 filtered out; finished in 2.32s

     Running tests/repl_native_tools_red.rs (target/debug/deps/repl_native_tools_red-b878897073706598)

running 1 test
test repl_delivers_native_schemas_builtin_and_mcp ... ok

test result: ok. 1 passed; 0 failed; 0 ignored; 0 measured; 0 filtered out; finished in 0.19s

     Running tests/repl_red.rs (target/debug/deps/repl_red-f11ed90bab50d4a4)

running 4 tests
test r1b_goal_slug ... ok
test r1_parse_command ... ok
test r2_one_shot_goal_end_to_end ... ok
test r3_session_reuse ... ok

test result: ok. 4 passed; 0 failed; 0 ignored; 0 measured; 0 filtered out; finished in 0.20s

     Running tests/repl_shipped_rig_red.rs (target/debug/deps/repl_shipped_rig_red-90a5448e01641cb8)

running 1 test
test r1_shipped_tb_rig_passes_a_mission_end_to_end ... ok

test result: ok. 1 passed; 0 failed; 0 ignored; 0 measured; 0 filtered out; finished in 0.32s

     Running tests/repl_surface_red.rs (target/debug/deps/repl_surface_red-30935db6f42f038c)

running 3 tests
test repl_advertises_exactly_the_registered_tools_plus_internals ... ok
test dispatch_normalizes_demangled_names_and_unknown_errors_teach ... ok
test tools_audit_contains_the_final_interactive_surface ... ok

test result: ok. 3 passed; 0 failed; 0 ignored; 0 measured; 0 filtered out; finished in 0.23s

     Running tests/replay_red.rs (target/debug/deps/replay_red-b1ec6f862bc2abd0)

running 3 tests
test replay_8609_empty_fence_is_unsubmittable_on_new_path ... ok
test replay_3314_old_path_reproduces_corrupt_at_line_44 ... ok
test replay_8619_old_path_reproduces_corrupt_at_line_19 ... ok

test result: ok. 3 passed; 0 failed; 0 ignored; 0 measured; 0 filtered out; finished in 0.02s

     Running tests/repotools.rs (target/debug/deps/repotools-7fb2f411aeeaa0e8)

running 15 tests
test large_files_are_capped_and_marked ... ok
test missing_file_is_a_clean_error ... ok
test not_found_in_an_empty_project_says_it_is_empty ... ok
test reads_a_file_inside_the_workspace ... ok
test rejects_absolute_path ... ok
test not_found_names_the_project_root_and_lists_top_level ... ok
test rejects_dotdot_escape ... ok
test search_finds_matches_with_locations ... ok
test search_no_matches_is_empty_not_error ... ok
test search_rejects_empty_pattern ... ok
test symlink_escape_is_rejected ... ok
test windowed_read_last_page_is_not_truncated ... ok
test windowed_read_past_end_is_empty_not_an_error ... ok
test windowed_read_returns_requested_lines ... ok
test search_skips_git_dir_and_caps_results ... ok

test result: ok. 15 passed; 0 failed; 0 ignored; 0 measured; 0 filtered out; finished in 0.27s

     Running tests/resume_accounting_red.rs (target/debug/deps/resume_accounting_red-f1777683cf717343)

running 1 test
test resume_restores_session_accounting ... ok

test result: ok. 1 passed; 0 failed; 0 ignored; 0 measured; 0 filtered out; finished in 0.13s

     Running tests/resume_red.rs (target/debug/deps/resume_red-3fd3080e483b8a02)

running 2 tests
test forked_session_branches_history_and_leaves_parent_intact ... ok
test resumed_session_continues_stream_and_history ... ok

test result: ok. 2 passed; 0 failed; 0 ignored; 0 measured; 0 filtered out; finished in 0.37s

     Running tests/resumepicker_red.rs (target/debug/deps/resumepicker_red-c0381069d8f269c6)

running 5 tests
test r2_pick_session ... ok
test r3_session_line ... ok
test r1_lists_sessions_newest_first ... ok
test r4_load_session_resume_adopts_stream ... ok
test r5_mission_records_its_workspace ... ok

test result: ok. 5 passed; 0 failed; 0 ignored; 0 measured; 0 filtered out; finished in 1.51s

     Running tests/retrace_red.rs (target/debug/deps/retrace_red-6bbf693db375fdcc)

running 2 tests
test backward_pass_never_sees_the_issue_and_mismatch_returns_guidance ... ok
test match_verdict_or_model_failure_lets_the_submission_through ... ok

test result: ok. 2 passed; 0 failed; 0 ignored; 0 measured; 0 filtered out; finished in 0.01s

     Running tests/retry_backoff_red.rs (target/debug/deps/retry_backoff_red-6f18124a7f7f4fa6)

running 5 tests
test fatal_4xx_fails_immediately ... ok
test generous_default_attempt_budget ... ok
test exponential_backoff_without_retry_after ... ok
test max_attempts_env_bounds_retries ... ok
test retry_after_header_is_honored ... ok

test result: ok. 5 passed; 0 failed; 0 ignored; 0 measured; 0 filtered out; finished in 5.06s

     Running tests/rmm_ledger_red.rs (target/debug/deps/rmm_ledger_red-680464d05c09db64)

running 1 test
test recall_citations_score_the_ledger_at_close ... ok

test result: ok. 1 passed; 0 failed; 0 ignored; 0 measured; 0 filtered out; finished in 0.09s

     Running tests/search_ui_red.rs (target/debug/deps/search_ui_red-46e5df5432429c4b)

running 2 tests
test search_projection_reaches_desktop_line_and_fullscreen ... ok
test native_search_session_emits_projection_and_logs_raw_value ... ok

test result: ok. 2 passed; 0 failed; 0 ignored; 0 measured; 0 filtered out; finished in 0.16s

     Running tests/seatbelt_profile_red.rs (target/debug/deps/seatbelt_profile_red-a2717fe6e0eaac0c)

running 8 tests
test b1_write_inside_root_ok_outside_refused ... ok
test b2_environment_is_scrubbed ... ok
test b4_platform_probe_passes_on_this_dev_box ... ok
test b3_verifier_cannot_write_task_files_but_keeps_scratch ... ok
test p1_profile_denies_all_writes_then_allows_root_and_tmp ... ok
test p2_verifier_profile_denies_the_root_last ... ok
test p3_profile_escapes_sbpl_string_metachars ... ok
test b5_author_scratch_persists_across_termexec_calls ... ok

test result: ok. 8 passed; 0 failed; 0 ignored; 0 measured; 0 filtered out; finished in 0.31s

     Running tests/selfcheck_direct_red.rs (target/debug/deps/selfcheck_direct_red-d08293f81298ff87)

running 1 test
test d10_candidate_surface_checker_sees_declared_checks ... ok

test result: ok. 1 passed; 0 failed; 0 ignored; 0 measured; 0 filtered out; finished in 0.17s

     Running tests/selfcheck_feedback_red.rs (target/debug/deps/selfcheck_feedback_red-0987a57a8e2f89ba)

running 4 tests
test command_not_found_is_labelled_environment_and_still_fails ... ok
test a_pass_clears_the_repeat_counter ... ok
test identical_failure_repeats_are_counted_and_called_out ... ok
test ordinary_test_failure_is_not_labelled_environment ... ok

test result: ok. 4 passed; 0 failed; 0 ignored; 0 measured; 0 filtered out; finished in 0.51s

     Running tests/selfcheck_same_env_red.rs (target/debug/deps/selfcheck_same_env_red-48fe3ba5f7bff736)

running 2 tests
test declared_check_sees_the_models_shell_environment ... ok
test failing_check_still_fails_in_the_shared_env ... ok

test result: ok. 2 passed; 0 failed; 0 ignored; 0 measured; 0 filtered out; finished in 0.15s

     Running tests/selfinstruct_red.rs (target/debug/deps/selfinstruct_red-0f323cce400faaa0)

running 5 tests
test default_template_when_no_policy_overlay ... ok
test malformed_overlay_is_an_error_not_a_silent_default ... ok
test overlay_missing_mission_key_falls_back_to_builtin ... ok
test policy_overlay_overrides_mission_prompt ... ok
test proposal_is_recorded_versioned_and_does_not_mutate_running_prompt ... ok

test result: ok. 5 passed; 0 failed; 0 ignored; 0 measured; 0 filtered out; finished in 0.01s

     Running tests/sessions_workspace_red.rs (target/debug/deps/sessions_workspace_red-bf94dea09cdff60b)

running 5 tests
test overview_lists_every_session_under_its_workspace ... ok
test picker_line_names_the_workspace ... ok
test groups_by_workspace_newest_group_first_and_newest_within ... ok
test unknown_workspace_has_its_own_group_label ... ok
test record_then_list_round_trips_the_workspace ... ok

test result: ok. 5 passed; 0 failed; 0 ignored; 0 measured; 0 filtered out; finished in 0.00s

     Running tests/setup_providers_toml_red.rs (target/debug/deps/setup_providers_toml_red-fddbe5726a81423e)

running 3 tests
test readiness_gate_lists_toml_providers ... ok
test save_key_accepts_a_toml_provider ... ok
test toml_provider_does_not_duplicate_a_builtin ... ok

test result: ok. 3 passed; 0 failed; 0 ignored; 0 measured; 0 filtered out; finished in 0.01s

     Running tests/skill_index_red.rs (target/debug/deps/skill_index_red-89e19b40e5c95262)

running 1 test
test installed_skill_is_indexed_in_prompt_and_viewable ... ok

test result: ok. 1 passed; 0 failed; 0 ignored; 0 measured; 0 filtered out; finished in 0.06s

     Running tests/statusbar_red.rs (target/debug/deps/statusbar_red-b353f5d77d47a6cf)

running 3 tests
test r1_vitals_snapshot_of_fresh_session ... ok
test r3_painter_status_line ... ok
test r2_vitals_accumulate_across_missions ... ok

test result: ok. 3 passed; 0 failed; 0 ignored; 0 measured; 0 filtered out; finished in 0.13s

     Running tests/steering_red.rs (target/debug/deps/steering_red-d4b75079a4d580d3)

running 2 tests
test steering_line_lands_in_next_step_prompt ... ok
test interrupt_file_stops_mission_cleanly ... ok

test result: ok. 2 passed; 0 failed; 0 ignored; 0 measured; 0 filtered out; finished in 0.08s

     Running tests/stop_on_pass_red.rs (target/debug/deps/stop_on_pass_red-1cdc475fcb575181)

running 1 test
test checker_pass_terminates_even_when_goal_evaluator_is_red ... ok

test result: ok. 1 passed; 0 failed; 0 ignored; 0 measured; 0 filtered out; finished in 0.13s

     Running tests/stranger_ready_red.rs (target/debug/deps/stranger_ready_red-fe780072385c33e9)

running 12 tests
test t2_help_prints_usage ... ok
test t3_scripted_model_without_env_stays_alive_and_says_why ... ok
test t1_live_surface_mission_completes ... ok
test t4_offline_demo_closes_verified_in_prompt_aware_mode ... ok
test t5_readme_offline_trial_closes_verified ... ok
test t5_relative_dir_is_canonicalized_at_startup ... ok
test t6_missing_credential_fails_at_startup_not_mid_mission ... ok
test t6_sandbox_preflight_names_bubblewrap_and_refuses_to_start ... ok
test t7_failed_mission_exits_nonzero ... ok
test t7_sandbox_preflight_carries_probe_stderr_and_sysctl_hint ... ok
test t8_setup_check_reports_readiness ... ok
test t9_setup_key_stdin_persists_owner_only_and_flips_readiness ... ok

test result: ok. 12 passed; 0 failed; 0 ignored; 0 measured; 0 filtered out; finished in 1.77s

     Running tests/streaming_red.rs (target/debug/deps/streaming_red-ea34b4ea3921ab6d)

running 2 tests
test no_sink_means_no_streaming_negotiation_and_a_clean_mission ... ok
test deltas_stream_to_sink_in_order_and_assemble_to_the_completion ... ok

test result: ok. 2 passed; 0 failed; 0 ignored; 0 measured; 0 filtered out; finished in 0.10s

     Running tests/structured_messages_red.rs (target/debug/deps/structured_messages_red-1e91835d832f79b0)

running 6 tests
test build_body_messages_shape ... ok
test assemble_messages_pairs_and_compaction ... ok
test cached_tokens_reach_the_model_call_payload ... ok
test operator_call_is_a_native_messages_array ... ok
test verifier_prose_reply_is_an_error_not_a_verdict ... ok
test verifier_verdict_is_a_native_tool_call ... ok

test result: ok. 6 passed; 0 failed; 0 ignored; 0 measured; 0 filtered out; finished in 0.26s

     Running tests/swarm_async_red.rs (target/debug/deps/swarm_async_red-63a52e243ad35c31)

running 3 tests
test r1_children_run_concurrently_and_join_at_close ... ok
test r2_wedged_child_cannot_hang_the_join_past_the_wall ... ok
test r3_lost_child_is_consumed_not_wall_ground ... ok

test result: ok. 3 passed; 0 failed; 0 ignored; 0 measured; 0 filtered out; finished in 16.90s

     Running tests/swarm_live_red.rs (target/debug/deps/swarm_live_red-e28d28d5b121e45e)

running 1 test
test r1_delegation_runs_a_real_child_and_books_it ... ok

test result: ok. 1 passed; 0 failed; 0 ignored; 0 measured; 0 filtered out; finished in 0.18s

     Running tests/swarm_planes_red.rs (target/debug/deps/swarm_planes_red-8cc45643e4809950)

running 3 tests
test g2_close_distills_into_world_as_validated_not_installed ... ok
test g3_dispatch_carries_parent_version_and_reuse_count ... ok
test g2b_close_gate_installs_only_a_skill_whose_heldout_verifier_passes ... ok

test result: ok. 3 passed; 0 failed; 0 ignored; 0 measured; 0 filtered out; finished in 0.38s

     Running tests/swarm_poll_gated_red.rs (target/debug/deps/swarm_poll_gated_red-bf55fd7b945e5bdf)

running 1 test
test r1_gated_poll_slot_rejects_spawn_with_the_real_cause ... ok

test result: ok. 1 passed; 0 failed; 0 ignored; 0 measured; 0 filtered out; finished in 0.43s

     Running tests/swe_kernel_wiring_red.rs (target/debug/deps/swe_kernel_wiring_red-f89c93ded42c0602)

running 2 tests
test runner_without_visibility_wiring_is_refused ... ok
test swe_kernel_carries_a_log_root ... ok

test result: ok. 2 passed; 0 failed; 0 ignored; 0 measured; 0 filtered out; finished in 0.01s

     Running tests/swe_mission.rs (target/debug/deps/swe_mission-24646c9f57d16e91)

running 3 tests
test mission_prompt_carries_work_policy_discipline ... ok
test mission_prompt_opens_with_machine_orientation ... ok
test swe_mission_repairs_via_feedback_and_passes ... ok

test result: ok. 3 passed; 0 failed; 0 ignored; 0 measured; 0 filtered out; finished in 0.14s

     Running tests/swe_run_driver.rs (target/debug/deps/swe_run_driver-6a0676cbd61c5a6f)

running 5 tests
test driver_mission_preflights_with_repoexec ... ok
test driver_mission_calls_mcp_tool ... ok
test driver_mission_uses_d5_tools ... ok
test driver_mission_uses_repotools_through_synthesized_config ... ok
test driver_runs_a_full_mission_and_writes_all_artifacts ... ok

test result: ok. 5 passed; 0 failed; 0 ignored; 0 measured; 0 filtered out; finished in 0.90s

     Running tests/symlink_write_red.rs (target/debug/deps/symlink_write_red-5f40a36a4c1c6221)

running 3 tests
test s1_edit_apply_block_refuses_symlink_path ... ok
test s2_codex_update_refuses_symlink_path ... ok
test s3_edit_under_symlinked_dir_refused ... ok

test result: ok. 3 passed; 0 failed; 0 ignored; 0 measured; 0 filtered out; finished in 0.04s

     Running tests/tb_mode_red.rs (target/debug/deps/tb_mode_red-f13dd63ebcc40e89)

running 7 tests
test t2_selfcheck_direct_mode ... ok
test t3_tb_prompt_teaches_own_checks_and_hides_grading ... ok
test t1_termexec_direct_and_persistent ... ok
test t5_prompt_requires_self_contained_writable_build_scratch ... ok
test t4_tb_mission_completes_on_own_checks ... ok
test t6_term_exec_feeds_evidence_ledger ... ok
test t5_tb_mission_with_failing_checks_does_not_pass ... ok

test result: ok. 7 passed; 0 failed; 0 ignored; 0 measured; 0 filtered out; finished in 0.44s

     Running tests/termexec_confined_red.rs (target/debug/deps/termexec_confined_red-99938479d4c0be18)

running 3 tests
test confined_path_and_dns ... ok
test confined_uv_venv_works ... ok
test confined_writes_outside_root_denied ... ok

test result: ok. 3 passed; 0 failed; 0 ignored; 0 measured; 0 filtered out; finished in 0.61s

     Running tests/termexec_red.rs (target/debug/deps/termexec_red-087967931b761d45)

running 3 tests
test t2_normal_command_unaffected ... ok
test t1_timeout_kills_whole_process_tree ... ok
test t3_plain_timeout_unaffected ... ok

test result: ok. 3 passed; 0 failed; 0 ignored; 0 measured; 0 filtered out; finished in 1.06s

     Running tests/termworkdir_red.rs (target/debug/deps/termworkdir_red-d60b94668936ffde)

running 1 test
test repl_mission_term_exec_runs_in_session_dir ... ok

test result: ok. 1 passed; 0 failed; 0 ignored; 0 measured; 0 filtered out; finished in 0.16s

     Running tests/themes_red.rs (target/debug/deps/themes_red-f9ea1ffb801a4306)

running 5 tests
test r1_builtin_themes_differ ... ok
test r2_painter_uses_theme_codes ... ok
test r4_theme_from_toml_rejects_garbage ... ok
test r3_theme_from_toml_partial_override ... ok
test r5_theme_by_name ... ok

test result: ok. 5 passed; 0 failed; 0 ignored; 0 measured; 0 filtered out; finished in 0.01s

     Running tests/tool_definition_truth_red.rs (target/debug/deps/tool_definition_truth_red-274f373dfb200041)

running 3 tests
test shell_contract_is_truthful_and_routes_background_work_to_jobs ... ok
test submit_explains_that_summary_is_the_final_artifact ... ok
test registry_delegation_keeps_authored_parameters ... ok

test result: ok. 3 passed; 0 failed; 0 ignored; 0 measured; 0 filtered out; finished in 0.00s

     Running tests/toolchain_bootstrap_red.rs (target/debug/deps/toolchain_bootstrap_red-c5318a78ac4443b9)

running 4 tests
test confined_bootstraps_go ... ok
test confined_bootstraps_node ... ok
test confined_bootstraps_rust ... ok
test root_guard_removes_its_whole_root_on_drop ... ok

test result: ok. 4 passed; 0 failed; 0 ignored; 0 measured; 0 filtered out; finished in 20.83s

     Running tests/tools2_red.rs (target/debug/deps/tools2_red-945f95f0f1292e25)

running 8 tests
test t1_todo_write_replaces_list_and_reads_back ... ok
test t2_present_publishes_file_and_refuses_escape ... ok
test t4_schedule_crud_and_due ... ok
test t3_read_image_reports_dims_and_base64 ... ok
test t6_workflow_store ... ok
test t5_wired ... ok
test t8_live_piper_speaks ... ignored, needs a real piper install
test t7_speak_runs_the_tts_command_and_confines_output ... ok

test result: ok. 7 passed; 0 failed; 1 ignored; 0 measured; 0 filtered out; finished in 0.05s

     Running tests/trace_ledger_red.rs (target/debug/deps/trace_ledger_red-785266f76d21a52f)

running 1 test
test scratch_shell_execution_is_verification_but_refused_edit_is_not ... ok

test result: ok. 1 passed; 0 failed; 0 ignored; 0 measured; 0 filtered out; finished in 0.00s

     Running tests/transcript_memory_red.rs (target/debug/deps/transcript_memory_red-d10c5d65ff5daaad)

running 2 tests
test d8_repl_mission_carries_its_own_transcript ... ok
test d9_repl_mission_doom_loop_nudge_reaches_the_model ... ok

test result: ok. 2 passed; 0 failed; 0 ignored; 0 measured; 0 filtered out; finished in 0.76s

     Running tests/tui_addprovider_red.rs (target/debug/deps/tui_addprovider_red-18a19d7b52dc019e)

running 21 tests
test add_provider_creates_providers_toml_when_missing_and_appends ... ok
test add_provider_rejects_duplicates_and_bad_input ... ok
test add_provider_lands_providers_toml_and_rig_block ... ok
test bare_invocation_resolves_config_and_dir ... ok
test default_session_dir_falls_back_to_home_local_share ... ok
test command_line_never_reaches_the_wizards_answers ... ok
test inline_args_validate_like_typed_answers ... ok
test inline_args_walk_the_steps_but_the_key_stays_off_the_command_line ... ok
test inline_name_prefills_the_name_step ... ok
test install_fails_when_another_hairspring_shadows_the_install ... ok
test install_replaces_managed_tree_and_fails_on_any_shadow ... ok
test install_ships_provmodel_plugin ... ok
test models_add_command_detection_never_matches_lookalikes ... ok
test palette_lists_models_add ... ok
test picker_rows_end_with_add_provider_entry ... ok
test secret_input_skips_history_and_masks_display ... ok
test kernel_reload_after_add_sees_the_model ... ok
test tui_launch_opens_without_a_credential ... ok
test wizard_cancel_and_bad_lines ... ok
test wizard_walks_name_url_model_key_then_ready ... ok
test tui_session_loads_with_an_uncredentialed_default ... ok

test result: ok. 21 passed; 0 failed; 0 ignored; 0 measured; 0 filtered out; finished in 0.14s

     Running tests/tui_caps_activity_red.rs (target/debug/deps/tui_caps_activity_red-83a851d0e3463e59)

running 7 tests
test capped_resume_notice_points_at_caps ... ok
test caps_command_parses ... ok
test caps_listing_names_every_cap ... ok
test activity_line_names_step_and_action ... ok
test reasoning_event_only_for_real_text ... ok
test reasoning_renders_dim_in_transcript ... ok
test mission_emits_step_and_reasoning_events ... ok

test result: ok. 7 passed; 0 failed; 0 ignored; 0 measured; 0 filtered out; finished in 0.10s

     Running tests/tui_chrome_red.rs (target/debug/deps/tui_chrome_red-a9df9942c35fc8bc)

running 7 tests
test v2_scorer_panel_renders_view ... ok
test v1_lineage_panel_renders_view ... ok
test v4_commands_toggle_panels ... ok
test v3_time_panel_renders_decomposition ... ok
test v6_help_lists_chrome_commands ... ok
test v7_evidence_overlay_renders_claims_and_unresolved_lines ... ok
test v5_empty_views_render_honest_lines ... ok

test result: ok. 7 passed; 0 failed; 0 ignored; 0 measured; 0 filtered out; finished in 0.01s

     Running tests/tui_context_pct_red.rs (target/debug/deps/tui_context_pct_red-befe1b3ee97f2d90)

running 3 tests
test overfull_prompt_clamps_to_zero ... ok
test known_model_sets_context_remaining_from_last_prompt ... ok
test unknown_model_shows_no_context_percent ... ok

test result: ok. 3 passed; 0 failed; 0 ignored; 0 measured; 0 filtered out; finished in 0.00s

     Running tests/tui_cost_red.rs (target/debug/deps/tui_cost_red-64e61fe0eba58aaf)

running 1 test
test live_hud_books_provider_reported_cost_not_a_token_rate_estimate ... ok

test result: ok. 1 passed; 0 failed; 0 ignored; 0 measured; 0 filtered out; finished in 0.00s

     Running tests/tui_fixture_rate_red.rs (target/debug/deps/tui_fixture_rate_red-8ca669128d13bb52)

running 1 test
test scripted_and_seqmodel_never_show_measured_throughput ... ok

test result: ok. 1 passed; 0 failed; 0 ignored; 0 measured; 0 filtered out; finished in 0.00s

     Running tests/tui_fold_red.rs (target/debug/deps/tui_fold_red-2d2045dc7292f53a)

running 6 tests
test finished_tool_is_one_completed_in_row ... ok
test long_reasoning_folds_to_one_row_with_line_count ... ok
test reasoning_expands_on_toggle_and_keeps_full_text ... ok
test reasoning_command_toggles_and_shows_full_text ... ok
test running_tool_shows_live_ticker_and_clears_when_done ... ok
test short_reasoning_is_shown_whole ... ok

test result: ok. 6 passed; 0 failed; 0 ignored; 0 measured; 0 filtered out; finished in 0.00s

     Running tests/tui_input_gaps_red.rs (target/debug/deps/tui_input_gaps_red-4ec2549ec0b67d4c)

running 19 tests
test ctrl_c_idle_empty_buffer_quits ... ok
test ctrl_a_and_ctrl_e_jump_line_ends ... ok
test ctrl_c_idle_nonempty_buffer_clears_instead_of_quitting ... ok
test ctrl_d_empty_buffer_is_eof_quit ... ok
test ctrl_c_mission_running_interrupts_and_keeps_the_buffer ... ok
test ctrl_d_nonempty_buffer_deletes_forward ... ok
test ctrl_k_at_line_end_joins_the_next_line ... ok
test ctrl_k_kills_to_line_end ... ok
test ctrl_u_kills_to_line_start ... ok
test ctrl_w_deletes_the_word_before_the_cursor ... ok
test delete_key_deletes_forward ... ok
test history_walk_survives_the_new_editing_keys ... ok
test paste_appends_into_existing_buffer ... ok
test paste_multiline_is_one_buffer_and_never_submits ... ok
test paste_normalizes_crlf_and_lone_cr ... ok
test paste_strips_control_chars_and_expands_tabs ... ok
test paste_then_enter_submits_the_whole_block_once ... ok
test word_moves_stay_line_local_in_a_multiline_buffer ... ok
test word_moves_via_alt_arrows_alt_bf_and_ctrl_arrows ... ok

test result: ok. 19 passed; 0 failed; 0 ignored; 0 measured; 0 filtered out; finished in 0.00s

     Running tests/tui_live_stats_red.rs (target/debug/deps/tui_live_stats_red-dae477cacd554602)

running 4 tests
test clock_stops_when_the_mission_is_done ... ok
test live_footer_renders_the_stats ... ok
test footer_shows_turn_clock_steps_calls_toks_and_cache ... ok
test unknown_stats_are_omitted_not_invented ... ok

test result: ok. 4 passed; 0 failed; 0 ignored; 0 measured; 0 filtered out; finished in 0.00s

     Running tests/tui_m11_red.rs (target/debug/deps/tui_m11_red-82f77a2b6e9dfafd)

running 2 tests
test r2_multiline_echo_splits_lines ... ok
test r1_inflight_answer_renders_while_streaming ... ok

test result: ok. 2 passed; 0 failed; 0 ignored; 0 measured; 0 filtered out; finished in 0.00s

     Running tests/tui_m12_red.rs (target/debug/deps/tui_m12_red-5ee7e169657840f3)

running 3 tests
test r2_graph_marks_failed_child_from_terminal_goalupdate ... ok
test r3_spawn_time_open_goal_stays_running ... ok
test r1_exhausted_mission_closes_goal_and_is_resumable ... ok

test result: ok. 3 passed; 0 failed; 0 ignored; 0 measured; 0 filtered out; finished in 0.10s

     Running tests/tui_m13_red.rs (target/debug/deps/tui_m13_red-d97d3cdc756e5a4b)

running 2 tests
test r1_mission_done_does_not_double_count_calls ... ok
test r2_picker_preview_flattens_escaped_newlines ... ok

test result: ok. 2 passed; 0 failed; 0 ignored; 0 measured; 0 filtered out; finished in 0.01s

     Running tests/tui_m14_red.rs (target/debug/deps/tui_m14_red-6fd9c20b64fee414)

running 3 tests
test r2_backfill_empty_stream_is_noop ... ok
test r1_backfill_replays_visible_history ... ok
test r3_model_call_payload_records_cost ... ok

test result: ok. 3 passed; 0 failed; 0 ignored; 0 measured; 0 filtered out; finished in 0.11s

     Running tests/tui_m15_red.rs (target/debug/deps/tui_m15_red-a4ef9d786995e5cc)

running 2 tests
test r1_scrolled_marker_names_hidden_count ... ok
test r2_marker_only_while_pinned ... ok

test result: ok. 2 passed; 0 failed; 0 ignored; 0 measured; 0 filtered out; finished in 0.01s

     Running tests/tui_m16_red.rs (target/debug/deps/tui_m16_red-bbc5b564451e0bef)

running 1 test
test m16_picker_excludes_active_session ... ok

test result: ok. 1 passed; 0 failed; 0 ignored; 0 measured; 0 filtered out; finished in 1.27s

     Running tests/tui_m17_red.rs (target/debug/deps/tui_m17_red-1b35706dcc0fff7a)

running 4 tests
test m17_done_returns_to_idle ... ok
test m17_act_observe_beats ... ok
test m17_idle_then_plan ... ok
test m17_reflect_on_observations ... ok

test result: ok. 4 passed; 0 failed; 0 ignored; 0 measured; 0 filtered out; finished in 0.00s

     Running tests/tui_m18_red.rs (target/debug/deps/tui_m18_red-1705a00bf0f5ba43)

running 1 test
test m18_every_counted_call_emits_start_and_end ... ok

test result: ok. 1 passed; 0 failed; 0 ignored; 0 measured; 0 filtered out; finished in 0.15s

     Running tests/tui_m19_red.rs (target/debug/deps/tui_m19_red-a8670f57adc998b6)

running 4 tests
test m19_mission_end_commits_tail ... ok
test m19_live_tail_still_renders ... ok
test m19_tool_call_json_is_elided ... ok
test m19_prose_still_commits ... ok

test result: ok. 4 passed; 0 failed; 0 ignored; 0 measured; 0 filtered out; finished in 0.00s

     Running tests/tui_m20_red.rs (target/debug/deps/tui_m20_red-b7d86f6626b51676)

running 2 tests
test m20_report_keeps_counters_and_format ... ok
test m20_done_line_follows_the_answer ... ok

test result: ok. 2 passed; 0 failed; 0 ignored; 0 measured; 0 filtered out; finished in 0.00s

     Running tests/tui_m21_red.rs (target/debug/deps/tui_m21_red-f7e37015ee70e3f1)

running 2 tests
test m21_done_line_shows_mission_cost_hud_shows_total ... ok
test m21_mission_result_carries_own_cost ... ok

test result: ok. 2 passed; 0 failed; 0 ignored; 0 measured; 0 filtered out; finished in 0.16s

     Running tests/tui_m22_red.rs (target/debug/deps/tui_m22_red-921e8e6b6741f5c0)

running 2 tests
test m22_live_matches_backfill_format ... ok
test m22_done_line_carries_outcome ... ok

test result: ok. 2 passed; 0 failed; 0 ignored; 0 measured; 0 filtered out; finished in 0.00s

     Running tests/tui_m23_red.rs (target/debug/deps/tui_m23_red-27b4183d371c8e9e)

running 4 tests
test r1_long_prose_wraps_fully_visible ... ok
test r3_tool_beat_wraps ... ok
test r4_streaming_tail_wraps ... ok
test r2_scroll_and_marker_count_rows ... ok

test result: ok. 4 passed; 0 failed; 0 ignored; 0 measured; 0 filtered out; finished in 0.01s

     Running tests/tui_m24_red.rs (target/debug/deps/tui_m24_red-8a5359a89d83881b)

running 1 test
test r1_hud_pluralizes_steps ... ok

test result: ok. 1 passed; 0 failed; 0 ignored; 0 measured; 0 filtered out; finished in 0.00s

     Running tests/tui_m25_red.rs (target/debug/deps/tui_m25_red-3e0f63ce1208c282)

running 3 tests
test r1_long_goal_wraps_in_composer ... ok
test r2_box_grows_by_wrapped_rows ... ok
test r3_cursor_follows_wrapped_position ... ok

test result: ok. 3 passed; 0 failed; 0 ignored; 0 measured; 0 filtered out; finished in 0.00s

     Running tests/tui_m26_red.rs (target/debug/deps/tui_m26_red-945f86f45a8e1fa7)

running 6 tests
test r2_hint_vanishes_with_content ... ok
test r3_help_matches_reality ... ok
test r1_empty_session_shows_hint ... ok
test r4_status_line_carries_vitals ... ok
test r6_goal_entries_skip_commands ... ok
test r5_history_entries_exposed ... ok

test result: ok. 6 passed; 0 failed; 0 ignored; 0 measured; 0 filtered out; finished in 0.01s

     Running tests/tui_m27_red.rs (target/debug/deps/tui_m27_red-3bfb31c7fae37793)

running 2 tests
test narrow_surface_keeps_prompt_not_ticker ... ok
test normal_surface_hides_internal_phase_rail_at_40_cols ... ok

test result: ok. 2 passed; 0 failed; 0 ignored; 0 measured; 0 filtered out; finished in 0.00s

     Running tests/tui_m28_red.rs (target/debug/deps/tui_m28_red-980b7231902ef36b)

running 2 tests
test r2_positions_reset_after_drain ... ok
test r1_goals_queue_fifo_with_position_echo ... ok

test result: ok. 2 passed; 0 failed; 0 ignored; 0 measured; 0 filtered out; finished in 0.00s

     Running tests/tui_m29_red.rs (target/debug/deps/tui_m29_red-d3c37a2a38c75f5f)

running 4 tests
test r2_unknown_model_rejected_and_names_listed ... ok
test r3_theme_catalog_and_live_switch ... ok
test r4_picker_title_names_the_kind ... ok
test r1_model_override_decides_the_call ... ok

test result: ok. 4 passed; 0 failed; 0 ignored; 0 measured; 0 filtered out; finished in 0.20s

     Running tests/tui_m2_red.rs (target/debug/deps/tui_m2_red-8c1a9d460d7978d1)

running 5 tests
test r2_backspace_and_newline ... ok
test r1_typing_inserts_and_advances ... ok
test r3_submit_and_history ... ok
test r5_vertical_movement ... ok
test r4_render_places_cursor ... ok

test result: ok. 5 passed; 0 failed; 0 ignored; 0 measured; 0 filtered out; finished in 0.00s

     Running tests/tui_m31_red.rs (target/debug/deps/tui_m31_red-87fee5c2fa056b9b)

running 3 tests
test r1_node_carries_parent_and_model ... ok
test r2_panel_renders_indented_tree_with_models ... ok
test r3_scan_stream_recovers_model_and_parent ... ok

test result: ok. 3 passed; 0 failed; 0 ignored; 0 measured; 0 filtered out; finished in 0.01s

     Running tests/tui_m3_red.rs (target/debug/deps/tui_m3_red-749ca7bd229e5c4a)

running 5 tests
test r1_markdown_to_styled_lines ... ok
test r2_fence_verbatim ... ok
test r3_viewport_follows_tail ... ok
test r4_scrollback_pins_and_refollows ... ok
test r5_markdown_into_viewport ... ok

test result: ok. 5 passed; 0 failed; 0 ignored; 0 measured; 0 filtered out; finished in 0.00s

     Running tests/tui_m4_red.rs (target/debug/deps/tui_m4_red-c3a1ccc44013cf7c)

running 4 tests
test r2_picker_navigation ... ok
test r1_picker_overlay_renders ... ok
test r3_page_and_wheel_scroll ... ok
test r4_resize_reflows ... ok

test result: ok. 4 passed; 0 failed; 0 ignored; 0 measured; 0 filtered out; finished in 0.00s

     Running tests/tui_m5_red.rs (target/debug/deps/tui_m5_red-ac83d95f2aae1fa8)

running 5 tests
test r1_phase_follows_events ... ok
test r2_ticker_records_kinds ... ok
test r3_vitals_from_events ... ok
test r5_streaming_answer_commits_per_line ... ok
test r4_tool_beats_enter_transcript ... ok

test result: ok. 5 passed; 0 failed; 0 ignored; 0 measured; 0 filtered out; finished in 0.00s

     Running tests/tui_m6_red.rs (target/debug/deps/tui_m6_red-d67211a7f4854545)

running 4 tests
test r1_spawn_and_completion ... ok
test r3_agents_panel_overlay ... ok
test r4_ui_event_spawn_seam ... ok
test r2_scan_stream_from_substrate ... ok

test result: ok. 4 passed; 0 failed; 0 ignored; 0 measured; 0 filtered out; finished in 0.01s

     Running tests/tui_m7_red.rs (target/debug/deps/tui_m7_red-eac41c1524be4a0d)

running 5 tests
test r1_typing_and_submit ... ok
test r2_alt_enter_newline ... ok
test r3_cursor_and_history_keys ... ok
test r4_scroll_quit_and_picker_routing ... ok
test r5_command_routing ... ok

test result: ok. 5 passed; 0 failed; 0 ignored; 0 measured; 0 filtered out; finished in 0.00s

     Running tests/tui_m8_red.rs (target/debug/deps/tui_m8_red-8676c55446498135)

running 4 tests
test r1_model_call_end_commits_inflight_answer ... ok
test r2_successive_calls_commit_separately ... ok
test r3_empty_inflight_commits_nothing ... ok
test r4_flushed_block_renders_markdown ... ok

test result: ok. 4 passed; 0 failed; 0 ignored; 0 measured; 0 filtered out; finished in 0.00s

     Running tests/tui_m9_red.rs (target/debug/deps/tui_m9_red-891d029c30da1ce2)

running 3 tests
test r2_light_theme_drives_markdown_flush ... ok
test r1_default_theme_is_dark ... ok
test r3_task_header_accent_follows_theme ... ok

test result: ok. 3 passed; 0 failed; 0 ignored; 0 measured; 0 filtered out; finished in 0.00s

     Running tests/tui_palette_red.rs (target/debug/deps/tui_palette_red-af3daf6fec4845bc)

running 11 tests
test p10_cancel_submits_for_the_wizard ... ok
test p10_bin_commands_passthrough ... ok
test p1_slash_opens_palette_with_all_commands ... ok
test p2_partial_name_filters ... ok
test p3_up_down_navigate_palette ... ok
test p4_enter_accepts_and_dispatches ... ok
test p5_tab_completes_without_submit ... ok
test p6_esc_closes_palette ... ok
test p7_unknown_command_feedback_not_mission ... ok
test p9_plain_text_passthrough ... ok
test p8_colon_alias_parity ... ok

test result: ok. 11 passed; 0 failed; 0 ignored; 0 measured; 0 filtered out; finished in 0.00s

     Running tests/tui_red.rs (target/debug/deps/tui_red-3e24bf5c4d44fb30)

running 5 tests
test r1_four_region_layout ... ok
test r2_skeleton_renders_pinned_composer_and_hud ... ok
test r3_activity_row_is_task_focused ... ok
test r4_tiny_terminal_never_panics ... ok
test r5_event_ticker_is_not_rendered_as_mystery_glyphs ... ok

test result: ok. 5 passed; 0 failed; 0 ignored; 0 measured; 0 filtered out; finished in 0.00s

     Running tests/tui_steering_red.rs (target/debug/deps/tui_steering_red-7446ab5545d58459)

running 2 tests
test steering_echo_acknowledges_in_the_transcript ... ok
test append_steering_appends_lines_to_the_inbox ... ok

test result: ok. 2 passed; 0 failed; 0 ignored; 0 measured; 0 filtered out; finished in 0.00s

     Running tests/tui_views_red.rs (target/debug/deps/tui_views_red-9693c6b25cb80e76)

running 5 tests
test v2_selfmod_view_projects_mutations_from_the_registered_stream ... ok
test v3_no_registered_stream_is_an_honest_none ... ok
test v1_scorer_view_projects_pins_scores_canaries_from_the_registered_stream ... ok
test v4_evidence_view_projects_the_claim_record_from_the_registered_stream ... ok
test v5_unfoldable_drift_regressions_surface_as_unresolved_lines ... ok

test result: ok. 5 passed; 0 failed; 0 ignored; 0 measured; 0 filtered out; finished in 0.02s

     Running tests/tui_visual_red.rs (target/debug/deps/tui_visual_red-4de4e9d202398518)

running 6 tests
test footer_is_quiet_and_task_focused ... ok
test failed_tool_call_speaks_fail_color ... ok
test markdown_h1_is_a_header_and_levels_differ ... ok
test goal_echo_arrow_is_accented ... ok
test prompt_is_quiet_and_model_moves_to_meta_row ... ok
test tool_call_lines_carry_theme_colors ... ok

test result: ok. 6 passed; 0 failed; 0 ignored; 0 measured; 0 filtered out; finished in 0.00s

     Running tests/ui_events_red.rs (target/debug/deps/ui_events_red-9137a244b28ab8bf)

running 1 test
test r1_model_calls_emit_start_and_end ... ok

test result: ok. 1 passed; 0 failed; 0 ignored; 0 measured; 0 filtered out; finished in 0.10s

     Running tests/uipaint_red.rs (target/debug/deps/uipaint_red-fbdd26956447eb7f)

running 3 tests
test painter_plain_mode_has_no_ansi ... ok
test painter_renders_a_colored_tool_card ... ok
test loop_emits_typed_ui_events_for_a_mission ... ok

test result: ok. 3 passed; 0 failed; 0 ignored; 0 measured; 0 filtered out; finished in 0.20s

     Running tests/utf8_tail_red.rs (target/debug/deps/utf8_tail_red-5a5af1db486a597b)

running 3 tests
hint: Using 'master' as the name for the initial branch. This default branch name
hint: is subject to change. To configure the initial branch name to use in all
hint: of your new repositories, which will suppress this warning, call:
hint: 
hint: 	git config --global init.defaultBranch <name>
hint: 
hint: Names commonly chosen instead of 'master' are 'main', 'trunk' and
hint: 'development'. The just-created branch can be renamed via this command:
hint: 
hint: 	git branch -m <name>
Initialized empty Git repository in /tmp/.tmpIZ9Nyx/.git/
test selfcheck_tail_does_not_panic_on_multibyte_boundary ... ok
[master (root-commit) 268bed5] base
 1 file changed, 1 insertion(+)
 create mode 100644 code.txt
test termexec_tail_does_not_panic_on_multibyte_boundary ... ok
test repexec_tail_does_not_panic_on_multibyte_boundary ... ok

test result: ok. 3 passed; 0 failed; 0 ignored; 0 measured; 0 filtered out; finished in 0.07s

     Running tests/v4pro_defaults_red.rs (target/debug/deps/v4pro_defaults_red-3367bbba56a47ee5)

running 3 tests
test critic_caps_are_opt_in_by_default ... ok
test deepseek_default_model_is_v4_pro ... ok
test mission_step_cap_is_opt_in_not_default ... ok

test result: ok. 3 passed; 0 failed; 0 ignored; 0 measured; 0 filtered out; finished in 0.00s

     Running tests/verifier_evidence_red.rs (target/debug/deps/verifier_evidence_red-429ade43b4455de9)

running 2 tests
test evidence_row_carries_exit_stderr_bytes_and_mechanical_lines ... ok
test verifier_sees_mechanical_evidence_and_accepts_without_ratchet ... ok

test result: ok. 2 passed; 0 failed; 0 ignored; 0 measured; 0 filtered out; finished in 0.13s

     Running tests/verifier_red.rs (target/debug/deps/verifier_red-ea6a3992dca3082d)

running 6 tests
test honest_work_passes_with_one_verifier_round ... ok
test fabricated_claim_is_refuted_until_the_ratchet_cap ... ok
test lying_checker_green_is_vetoed_when_the_answer_is_wrong ... ok
test malformed_verdict_books_error_and_never_banks_a_pass ... ok
test verifier_refutes_a_submission_whose_reasoning_names_an_untried_lead ... ok
test verifier_rounds_do_not_leak_across_missions ... ok

test result: ok. 6 passed; 0 failed; 0 ignored; 0 measured; 0 filtered out; finished in 0.65s

     Running tests/wall_guard_red.rs (target/debug/deps/wall_guard_red-178e39be12b8798c)

running 2 tests
test mission_is_killed_at_wall_guard ... ok
test generous_wall_does_not_interfere ... ok

test result: ok. 2 passed; 0 failed; 0 ignored; 0 measured; 0 filtered out; finished in 0.41s

     Running tests/web_fetch_red.rs (target/debug/deps/web_fetch_red-d064e9216b0a87d2)

running 6 tests
test w1_fetches_text_and_strips_html ... ok
test w2_truncates_at_max_bytes ... ok
test w3_refuses_loopback_by_default ... ok
test w5_model_sees_an_authored_schema ... ok
test w6_shipped_with_the_install_and_example_config ... ok
test w4_refuses_non_http_schemes ... ok

test result: ok. 6 passed; 0 failed; 0 ignored; 0 measured; 0 filtered out; finished in 0.04s

     Running tests/web_search_red.rs (target/debug/deps/web_search_red-c181c28da04ad263)

running 3 tests
test s2_missing_key_says_what_is_needed ... ok
test s1_parses_results_and_sends_key_and_query ... ok
test s3_requires_query_and_is_wired ... ok

test result: ok. 3 passed; 0 failed; 0 ignored; 0 measured; 0 filtered out; finished in 0.03s

     Running tests/world_k_red.rs (target/debug/deps/world_k_red-987f376ff4ac2c56)

running 7 tests
test w2_world_rejects_illegal_proposals_with_the_reason_served ... ok
test w1_mission_b_observes_mission_a_artifact_zero_messages ... ok
test w3_installed_controller_survives_author_uninstall ... ok
test w4_world_tools_unattached_are_a_clean_error ... ok
test w5_answer_write_routes_proposal_then_consequence ... ok
test w6_quarantined_stream_cannot_write_outside_the_sandbox ... ok
test w7_live_submit_routes_proposal_then_consequence ... ok

test result: ok. 7 passed; 0 failed; 0 ignored; 0 measured; 0 filtered out; finished in 0.25s

     Running unittests src/lib.rs (target/debug/deps/hs_memory-bfac6c55c57c2fb8)

running 0 tests

test result: ok. 0 passed; 0 failed; 0 ignored; 0 measured; 0 filtered out; finished in 0.00s

     Running tests/topk_corrupt_row_red.rs (target/debug/deps/topk_corrupt_row_red-89f4fdbf2927d2c1)

running 1 test
test top_k_surfaces_row_decode_errors_instead_of_dropping_rows ... ok

test result: ok. 1 passed; 0 failed; 0 ignored; 0 measured; 0 filtered out; finished in 0.03s

     Running unittests src/lib.rs (target/debug/deps/hs_scorer-4d112e5557e178ee)

running 0 tests

test result: ok. 0 passed; 0 failed; 0 ignored; 0 measured; 0 filtered out; finished in 0.00s

     Running tests/anchors_red.rs (target/debug/deps/anchors_red-2f365a1af45b952e)

running 4 tests
test anchor_set_is_versioned_and_append_only ... ok
test anchor_audit_measures_drift_and_drops_drifting_judges ... ok
test single_family_panel_veto_weight_is_reduced_and_recorded ... ok
test frozen_scorer_stays_frozen_until_reanchored_clean ... ok

test result: ok. 4 passed; 0 failed; 0 ignored; 0 measured; 0 filtered out; finished in 0.03s

     Running tests/attribution_red.rs (target/debug/deps/attribution_red-ef1df92008285753)

running 2 tests
test capability_jump_is_attributed_to_the_swap_and_excluded_from_fitness ... ok
test every_swap_boundary_is_excluded_even_with_repeated_swaps ... ok

test result: ok. 2 passed; 0 failed; 0 ignored; 0 measured; 0 filtered out; finished in 0.01s

     Running tests/evidence_red.rs (target/debug/deps/evidence_red-dec437d925b6516f)

running 2 tests
test a_fresh_failure_without_prior_verification_is_an_open_failure ... ok
test verified_then_failed_is_a_tracked_regression_pointing_at_both_events ... ok

test result: ok. 2 passed; 0 failed; 0 ignored; 0 measured; 0 filtered out; finished in 0.01s

     Running tests/gate7_proof.rs (target/debug/deps/gate7_proof-11850deeccfaf772)

running 4 tests
test gate7_proof_1b_promotion_replayable_and_pin_bound ... ok
test gate7_proof_1_regression_caught_by_heldout_assay ... ok
test gate7_proof_3_best_of_n_envelope_published ... ok
test gate7_proof_2_scorer_drift_flagged_by_canaries_before_promotion ... ok

test result: ok. 4 passed; 0 failed; 0 ignored; 0 measured; 0 filtered out; finished in 0.04s

     Running tests/pin_purity_red.rs (target/debug/deps/pin_purity_red-1c510edb477647ec)

running 1 test
test pin_computation_writes_no_storage_blobs ... ok

test result: ok. 1 passed; 0 failed; 0 ignored; 0 measured; 0 filtered out; finished in 0.01s

     Running tests/promotion_record_json_red.rs (target/debug/deps/promotion_record_json_red-a0f8e67a82ed7b43)

running 1 test
test promotion_record_is_valid_json_even_with_quoted_names ... ok

test result: ok. 1 passed; 0 failed; 0 ignored; 0 measured; 0 filtered out; finished in 0.01s

     Running tests/promotion_regression.rs (target/debug/deps/promotion_regression-d5840a15857b830c)

running 2 tests
test failed_record_write_does_not_promote ... ok
test verdict_must_match_recorded_candidate ... ok

test result: ok. 2 passed; 0 failed; 0 ignored; 0 measured; 0 filtered out; finished in 0.01s

     Running tests/stream_registry_red.rs (target/debug/deps/stream_registry_red-50280222f206b52c)

running 1 test
test v1_scorer_stream_is_registered_for_discovery ... ok

test result: ok. 1 passed; 0 failed; 0 ignored; 0 measured; 0 filtered out; finished in 0.00s

     Running unittests src/lib.rs (target/debug/deps/hs_selfmod-3ff7d71063af9317)

running 0 tests

test result: ok. 0 passed; 0 failed; 0 ignored; 0 measured; 0 filtered out; finished in 0.00s

     Running tests/cycle_rules_red.rs (target/debug/deps/cycle_rules_red-0f079edaee5a0261)

running 2 tests
test per_cycle_balance_rule_is_enforced_before_the_fork_exists ... ok
test promote_rejects_a_verdict_that_is_not_the_frozen_candidate ... ok

test result: ok. 2 passed; 0 failed; 0 ignored; 0 measured; 0 filtered out; finished in 0.01s

     Running tests/gate8_selfmod_proof.rs (target/debug/deps/gate8_selfmod_proof-9ee22166d251d8a7)

running 4 tests
test gate8_proof_2_bad_mutation_assay_catches_and_rewinds_to_known_good ... ok
test gate8_proof_3_quarantine_world_service_rejects_external_effects ... ok
test gate8_proof_4_promotion_is_replayable ... ok
test gate8_proof_1_good_mutation_promotes_after_soak_with_lineage_record ... ok

test result: ok. 4 passed; 0 failed; 0 ignored; 0 measured; 0 filtered out; finished in 0.06s

     Running tests/migration_recover_red.rs (target/debug/deps/migration_recover_red-bbc90c1a72be5163)

running 1 test
test migration_recovers_references_with_quotes_and_real_kinds ... ok

test result: ok. 1 passed; 0 failed; 0 ignored; 0 measured; 0 filtered out; finished in 0.00s

     Running tests/migration_red.rs (target/debug/deps/migration_red-b8f69b3715afbb2b)

running 4 tests
test a_second_claimant_on_a_live_stream_is_a_fencing_violation ... ok
test failed_validation_leaves_old_variant_in_authority ... ok
test happy_path_swap_is_a_logged_transaction_with_single_promotion_point ... ok
test recovery_rebuilds_transaction_and_authority_from_the_log_alone ... ok

test result: ok. 4 passed; 0 failed; 0 ignored; 0 measured; 0 filtered out; finished in 0.01s

     Running tests/prefetch_assay_red.rs (target/debug/deps/prefetch_assay_red-bd8b35617be8afa5)

running 3 tests
test v2_assay_books_fitness_delta_naming_the_candidate ... ok
test v1_assay_is_deterministic_and_discriminates_knobs ... ok
test v3_booked_normalized_channel_discriminates ... ok

test result: ok. 3 passed; 0 failed; 0 ignored; 0 measured; 0 filtered out; finished in 0.02s

     Running tests/prefetch_policy_red.rs (target/debug/deps/prefetch_policy_red-6b71dda5756db78c)

running 2 tests
test v1_policy_layer_carries_prefetch_policy ... ok
test v2_setprefetch_mutation_applies_to_the_fork ... ok

test result: ok. 2 passed; 0 failed; 0 ignored; 0 measured; 0 filtered out; finished in 0.01s

     Running tests/stream_registry_red.rs (target/debug/deps/stream_registry_red-ed598eecac302e50)

running 1 test
test v1_selfmod_stream_is_registered_for_discovery ... ok

test result: ok. 1 passed; 0 failed; 0 ignored; 0 measured; 0 filtered out; finished in 0.01s

     Running tests/zz_replay_gate8.rs (target/debug/deps/zz_replay_gate8-cc58b560b0f67286)

running 4 tests
test gate8_proof_2_bad_mutation_assay_catches_and_rewinds_to_known_good ... ok
test gate8_proof_3_quarantine_world_service_rejects_external_effects ... ok
test gate8_proof_4_promotion_is_replayable ... ok
test gate8_proof_1_good_mutation_promotes_after_soak_with_lineage_record ... ok

test result: ok. 4 passed; 0 failed; 0 ignored; 0 measured; 0 filtered out; finished in 0.06s

     Running unittests src/lib.rs (target/debug/deps/hs_swarm-8068fe6e09beb599)

running 0 tests

test result: ok. 0 passed; 0 failed; 0 ignored; 0 measured; 0 filtered out; finished in 0.00s

     Running unittests src/bin/hs-plugin-answer-g5.rs (target/debug/deps/hs_plugin_answer_g5-1344b6508c0b2917)

running 0 tests

test result: ok. 0 passed; 0 failed; 0 ignored; 0 measured; 0 filtered out; finished in 0.00s

     Running unittests src/bin/hs-plugin-benchmodel-g5.rs (target/debug/deps/hs_plugin_benchmodel_g5-026ab9bf3497bf0e)

running 0 tests

test result: ok. 0 passed; 0 failed; 0 ignored; 0 measured; 0 filtered out; finished in 0.00s

     Running unittests src/bin/hs-plugin-checker-g5.rs (target/debug/deps/hs_plugin_checker_g5-9fed25381638a8ed)

running 0 tests

test result: ok. 0 passed; 0 failed; 0 ignored; 0 measured; 0 filtered out; finished in 0.00s

     Running unittests src/bin/hs-plugin-swarm.rs (target/debug/deps/hs_plugin_swarm-a0e32e78817fa707)

running 0 tests

test result: ok. 0 passed; 0 failed; 0 ignored; 0 measured; 0 filtered out; finished in 0.00s

     Running tests/agent_control_red.rs (target/debug/deps/agent_control_red-894e973e4deeafda)

running 2 tests
test c1_interrupt_flag_stops_the_child_before_it_passes ... ok
test c2_inbox_message_is_delivered_into_the_child_transcript ... ok

test result: ok. 2 passed; 0 failed; 0 ignored; 0 measured; 0 filtered out; finished in 0.14s

     Running tests/gate5_proof.rs (target/debug/deps/gate5_proof-daa97f9d8bfcbc4a)

running 2 tests
test gate5_adversarial_failed_child_is_recorded_honestly ... ok
test gate5_proof_child_streams_and_delegation_overhead ... ok

test result: ok. 2 passed; 0 failed; 0 ignored; 0 measured; 0 filtered out; finished in 0.48s

     Running tests/spawn_registry_owner_red.rs (target/debug/deps/spawn_registry_owner_red-c736da622a382106)

running 4 tests
test u2_dead_owner_reads_lost_and_frees_the_slot ... ok
test u1_live_owner_reads_running_from_any_reader_process ... ok
test u3_reused_pid_with_different_start_ticks_reads_lost ... ok
test u4_zombie_owner_reads_lost_not_running ... ok

test result: ok. 4 passed; 0 failed; 0 ignored; 0 measured; 0 filtered out; finished in 0.11s

     Running tests/swarm_corrupt_marker_red.rs (target/debug/deps/swarm_corrupt_marker_red-4476bc669fff3803)

running 2 tests
test r1_corrupt_marker_reports_lost_not_running ... ok
test r2_corrupt_marker_does_not_consume_a_concurrency_slot ... ok

test result: ok. 2 passed; 0 failed; 0 ignored; 0 measured; 0 filtered out; finished in 0.01s

     Running tests/swarm_planes_red.rs (target/debug/deps/swarm_planes_red-9dd853026ab874c2)

running 1 test
test spawned_child_joins_memory_and_world_planes ... ok

test result: ok. 1 passed; 0 failed; 0 ignored; 0 measured; 0 filtered out; finished in 0.13s

     Running tests/swarm_poll_stale_red.rs (target/debug/deps/swarm_poll_stale_red-f0bc066165b78a3e)

running 2 tests
test r1_stale_marker_from_a_dead_plugin_reports_lost_not_running ... ok
test r2_live_owner_marker_reports_running ... ok

test result: ok. 2 passed; 0 failed; 0 ignored; 0 measured; 0 filtered out; finished in 0.00s

     Running tests/swarm_spawn_cap_red.rs (target/debug/deps/swarm_spawn_cap_red-c167849a64ff12be)

running 2 tests
test r2_live_owners_marker_still_refuses_at_cap ... ok
test r1_dead_owners_marker_does_not_consume_a_concurrency_slot ... ok

test result: ok. 2 passed; 0 failed; 0 ignored; 0 measured; 0 filtered out; finished in 0.01s

     Running tests/uncapped_child_regression.rs (target/debug/deps/uncapped_child_regression-793ca5d0c998a0d3)

running 1 test
test unbounded_child_spawn_marker_has_no_step_cap ... ok

test result: ok. 1 passed; 0 failed; 0 ignored; 0 measured; 0 filtered out; finished in 0.01s

     Running unittests src/lib.rs (target/debug/deps/hs_world-e1672895ec4c7473)

running 0 tests

test result: ok. 0 passed; 0 failed; 0 ignored; 0 measured; 0 filtered out; finished in 0.00s

     Running tests/gate6_proof.rs (target/debug/deps/gate6_proof-ae329db55a6d60a8)

running 1 test
test gate6_proof_shared_world_executable_inheritance ... ok

test result: ok. 1 passed; 0 failed; 0 ignored; 0 measured; 0 filtered out; finished in 0.01s

     Running tests/quarantine_prefix_regression.rs (target/debug/deps/quarantine_prefix_regression-e41a005fe979f80d)

running 2 tests
test materialize_rechecks_quarantine_after_validation ... ok
test quarantined_stream_cannot_escape_by_prefix_or_symlink ... ok

test result: ok. 2 passed; 0 failed; 0 ignored; 0 measured; 0 filtered out; finished in 0.01s

     Running tests/restore_hardening_red.rs (target/debug/deps/restore_hardening_red-001f9ca0ecbd03c9)

running 2 tests
test restore_rejects_odd_length_snapshot_id_without_panicking ... ok
test restore_rejects_manifest_paths_escaping_dest ... ok

test result: ok. 2 passed; 0 failed; 0 ignored; 0 measured; 0 filtered out; finished in 0.01s

     Running tests/reuse_red.rs (target/debug/deps/reuse_red-4419c1f31ef0bb41)

running 1 test
test observe_books_reuse_and_counts_it ... ok

test result: ok. 1 passed; 0 failed; 0 ignored; 0 measured; 0 filtered out; finished in 0.01s

     Running tests/skills_red.rs (target/debug/deps/skills_red-4234d93e1c0bcf79)

running 5 tests
test evaluated_gate_runs_the_verifiers_itself ... ok
test gate_refuses_failing_heldout_or_control_regression_and_books_evidence ... ok
test index_lists_only_installed_skills_with_frontmatter ... ok
test install_skill_rejects_non_skill_and_unvalidated ... ok
test usage_ledger_counts_uses_across_reopen_and_archive_hides_but_keeps ... ok

test result: ok. 5 passed; 0 failed; 0 ignored; 0 measured; 0 filtered out; finished in 0.17s

     Running tests/snapshot_red.rs (target/debug/deps/snapshot_red-1fe985d78c898456)

running 3 tests
test snapshot_preserves_symlinks_as_symlinks ... ok
test snapshot_lands_on_the_log_and_tampering_fails ... ok
test snapshot_restore_is_byte_exact_and_hash_verified ... ok

test result: ok. 3 passed; 0 failed; 0 ignored; 0 measured; 0 filtered out; finished in 0.05s

     Running tests/world_plane_efficacy_red.rs (target/debug/deps/world_plane_efficacy_red-7bec3441da06cbcf)

running 4 tests
test w1_rejected_proposal_is_invisible_to_observers ... ok
test w2_nothing_before_validation_then_exactly_the_artifact ... ok
test w3_visibility_flows_through_the_stream_not_shared_memory ... ok
test w4_forged_proposed_consequence_stays_invisible ... ok

test result: ok. 4 passed; 0 failed; 0 ignored; 0 measured; 0 filtered out; finished in 0.01s

   Doc-tests hs_applypatch

running 0 tests

test result: ok. 0 passed; 0 failed; 0 ignored; 0 measured; 0 filtered out; finished in 0.00s

   Doc-tests hs_bench

running 0 tests

test result: ok. 0 passed; 0 failed; 0 ignored; 0 measured; 0 filtered out; finished in 0.00s

   Doc-tests hs_cli

running 0 tests

test result: ok. 0 passed; 0 failed; 0 ignored; 0 measured; 0 filtered out; finished in 0.00s

   Doc-tests hs_core

running 0 tests

test result: ok. 0 passed; 0 failed; 0 ignored; 0 measured; 0 filtered out; finished in 0.00s

   Doc-tests hs_goal

running 0 tests

test result: ok. 0 passed; 0 failed; 0 ignored; 0 measured; 0 filtered out; finished in 0.00s

   Doc-tests hs_hashline

running 0 tests

test result: ok. 0 passed; 0 failed; 0 ignored; 0 measured; 0 filtered out; finished in 0.00s

   Doc-tests hs_kernel

running 0 tests

test result: ok. 0 passed; 0 failed; 0 ignored; 0 measured; 0 filtered out; finished in 0.00s

   Doc-tests hs_log

running 0 tests

test result: ok. 0 passed; 0 failed; 0 ignored; 0 measured; 0 filtered out; finished in 0.00s

   Doc-tests hs_loop

running 0 tests

test result: ok. 0 passed; 0 failed; 0 ignored; 0 measured; 0 filtered out; finished in 0.00s

   Doc-tests hs_memory

running 0 tests

test result: ok. 0 passed; 0 failed; 0 ignored; 0 measured; 0 filtered out; finished in 0.00s

   Doc-tests hs_scorer

running 0 tests

test result: ok. 0 passed; 0 failed; 0 ignored; 0 measured; 0 filtered out; finished in 0.00s

   Doc-tests hs_selfmod

running 0 tests

test result: ok. 0 passed; 0 failed; 0 ignored; 0 measured; 0 filtered out; finished in 0.00s

   Doc-tests hs_swarm

running 0 tests

test result: ok. 0 passed; 0 failed; 0 ignored; 0 measured; 0 filtered out; finished in 0.00s

   Doc-tests hs_world

running 0 tests

test result: ok. 0 passed; 0 failed; 0 ignored; 0 measured; 0 filtered out; finished in 0.00s

error: 2 targets failed:
    `-p hs-loop --test critic_shell_red`
    `-p hs-loop --test repexec_sandbox_red`
